order_id,order_ts,customer_id,product_id,store_id,quantity,unit_price,discount_pct,gross_amount,payment_method,order_status,ingest_date
OI1000001,2026-04-24 06:19:00,C01655,P00595,S003,6,6139.0,0.2,36834.0,WALLET,shipped,2026-04-24
OI1000002,2026-04-24 18:32:00,C01699,P00359,S026,4,74405.37,0.2,282740.41,NETBANKING,delivered,2026-04-24
OI1000003,2026-04-24 22:28:00,C02173,P00026,S043,4,61875.0,0.05,198000.0,WALLET,returned,2026-04-24
OI1000004,2026-04-24 10:28:00,C00269,P00227,S017,1,57830.24,0.0,46264.19,UPI,delivered,2026-04-24
OI1000005,2026-04-24 23:25:00,C02425,P00768,S067,6,unknown,0.2,bad_amount,COD,delivered,2026-04-24
OI1000006,2026-04-24 04:59:00,C00910,P00322,S038,2,64831.95,0.0,129663.9,UPI,delivered,2026-04-24
OI1000007,2026-04-24 15:52:00,C00332,P00088,S009,1,65627.82,0.05,52502.26,COD,returned,2026-04-24
OI1000008,2026-04-24 21:20:00,C00420,P00305,S010,3,18907.54,0.2,45378.1,CARD,cancelled,2026-04-24
OI1000009,2026-04-24 05:26:00,C01581,P00354,S044,1,17006.45,0.2,17006.45,UPI,returned,2026-04-24
OI1000010,2026-04-24 02:09:00,C02194,P00170,S010,1,72347.53,0.1,68730.15,UPI,cancelled,2026-04-24
OI1000011,2026-04-24 11:58:00,C00038,P00632,S016,4,62788.56,0.2,226038.82,CARD,shipped,2026-04-24
OI1000012,2026-04-24 18:02:00,C01855,P00462,S033,2,84326.32,0.1,151787.38,UPI,delivered,2026-04-24
OI1000013,2026-04-24 13:16:00,C00752,P00122,S015,3,45035.48,0.05,108085.15,WALLET,cancelled,2026-04-24
OI1000014,2026-04-24 18:45:00,C02282,P00257,S001,1,66166.78,0.05,52933.42,UPI,shipped,2026-04-24
OI1000015,2026-04-24 04:06:00,C00221,P00729,S028,5,17472.25,0.05,82993.19,CARD,cancelled,2026-04-24
OI1000016,2026-04-24 13:45:00,C01485,P00756,S016,4,66406.1,0.0,265624.4,UPI,returned,2026-04-24
OI1000017,2026-04-24 17:01:00,C01421,P00276,S053,5,86969.03,0.0,391360.64,CARD,cancelled,2026-04-24
OI1000018,2026-04-24 16:14:00,C01140,P00106,S030,4,42058.36,0.1,NaN_TEXT,COD,delivered,2026-04-24
OI1000019,2026-04-24 22:39:00,C01576,P00730,S062,6,unknown,0.05,bad_amount,CARD,shipped,2026-04-24
OI1000020,2026-04-24 13:41:00,C02430,P00668,S071,5,73520.93,0.2,294083.72,COD,shipped,2026-04-24
OI1000021,2026-04-13 23:00:00,C01731,P00660,S068,2,46189.57,0.05,92379.14,WALLET,delivered,2026-04-24
OI1000022,2026-04-24 05:27:00,C01159,P00559,S015,2,72217.82,0.2,129992.08,UPI,cancelled,2026-04-24
OI1000023,2026-04-24 08:25:00,C01017,P00618,S072,2,4658.4,0.1,8385.12,CARD,shipped,2026-04-24
OI1000024,2026-04-24 23:00:00,C00458,P00659,S011,6,78806.84,0.2,449198.99,COD,delivered,2026-04-24
OI1000025,2026-04-24 03:27:00,C01953,P00265,S060,5,22620.31,0.0,107446.47,NETBANKING,shipped,2026-04-24
OI1000026,2026-04-24 04:59:00,C00811,P00213,S031,6,68661.56,0.05,411969.36,UPI,delivered,2026-04-24
OI1000027,2026-04-24 23:41:00,C02071,P00673,S072,1,16017.13,0.2,15216.27,CARD,cancelled,2026-04-24
OI1000028,2026-04-24 23:29:00,C01499,P00423,S075,6,4575.88,0.05,24709.75,COD,delivered,2026-04-24
OI1000029,2026-04-24 01:03:00,C02370,P00438,S052,2,37810.18,0.1,75620.36,CARD,returned,2026-04-24
OI1000030,2026-04-24 07:15:00,C00229,P00146,S011,2,18705.7,0.1,35540.83,WALLET,cancelled,2026-04-24
OI1000031,2026-04-24 00:30:00,C01266,P00061,S065,4,28120.7,0.2,106858.66,WALLET,delivered,2026-04-24
OI1000032,2026-04-24 09:50:00,C01153,P00270,S002,3,40733.2,0.05,109979.64,NETBANKING,cancelled,2026-04-24
OI1000033,2026-04-24 00:28:00,C00666,P00023,S036,1,19766.23,0.05,19766.23,UPI,delivered,2026-04-24
OI1000034,2026-04-24 07:56:00,C01474,P00016,S048,1,12387.77,0.2,9910.22,CARD,shipped,2026-04-24
OI1000035,2026-04-24 07:43:00,C00415,P00095,S048,4,63555.78,0.05,254223.12,UPI,delivered,2026-04-24
OI1000036,2026-04-24 18:55:00,C00107,P00536,S019,3,36167.32,0.0,103076.86,WALLET,shipped,2026-04-24
OI1000037,2026-04-24 00:30:00,C00892,P00729,S012,4,17472.25,0.0,62900.1,NETBANKING,cancelled,2026-04-24
OI1000038,2026-04-24 14:49:00,C02464,P00560,S012,1,28957.13,0.2,27509.27,COD,shipped,2026-04-24
OI1000039,2026-04-24 14:31:00,C00661,P00705,S069,1,51936.03,0.2,46742.43,COD,returned,2026-04-24
OI1000040,2026-04-24 11:34:00,C01710,P00162,S009,5,26013.63,0.05,123564.74,UPI,shipped,2026-04-24
OI1000041,2026-04-24 06:46:00,C00617,P00096,S033,3,37305.33,0.1,111915.99,COD,returned,2026-04-24
OI1000042,2026-04-24 23:21:00,C00734,P00505,S052,1,54225.5,0.0,51514.22,CARD,delivered,2026-04-24
OI1000043,2026-04-24 05:40:00,C01091,P00451,S017,4,70361.03,0.05,225155.3,WALLET,delivered,2026-04-24
OI1000044,2026-04-24 09:43:00,C00089,P00710,S058,2,87048.32,0.1,165391.81,CARD,delivered,2026-04-24
OI1000045,2026-04-24 23:34:00,C01439,P00645,S044,5,unknown,0.2,bad_amount,UPI,returned,2026-04-24
OI1000046,2026-04-24 22:17:00,C02495,P00351,S050,6,50547.87,0.05,272958.5,NETBANKING,shipped,2026-04-24
OI1000047,2026-04-24 02:32:00,C00827,P00099,S025,2,34760.41,0.2,66044.78,UPI,returned,2026-04-24
OI1000048,2026-04-24 09:16:00,C01548,P00717,S073,4,4480.09,0.1,17024.34,UPI,cancelled,2026-04-24
OI1000049,2026-04-24 08:42:00,C01854,P00085,S027,5,8844.99,0.1,42013.7,COD,cancelled,2026-04-24
OI1000050,2026-04-24 13:13:00,C00508,P00407,S048,3,17806.09,0.0,50747.36,COD,returned,2026-04-24
OI1000051,2026-04-24 07:13:00,C01531,P00118,S071,4,68692.94,0.05,247294.58,NETBANKING,returned,2026-04-24
OI1000052,2026-04-24 15:59:00,C01528,P00235,S075,3,20332.68,0.1,60998.04,WALLET,cancelled,2026-04-24
OI1000053,2026-04-24 21:29:00,C00505,P00534,S003,6,37722.72,0.05,226336.32,NETBANKING,shipped,2026-04-24
OI1000054,2026-04-24 03:02:00,C00160,P00027,S046,3,80091.77,0.05,192220.25,COD,returned,2026-04-24
OI1000055,2026-04-24 13:41:00,C00205,P00073,S034,2,79505.04,0.05,159010.08,UPI,cancelled,2026-04-24
OI1000056,2026-04-24 10:43:00,C01253,P00185,S074,5,23407.15,0.05,105332.18,WALLET,returned,2026-04-24
OI1000057,2026-04-24 03:09:00,C01905,P00725,S070,6,62116.51,0.0,298159.25,NETBANKING,cancelled,2026-04-24
OI1000058,2026-04-24 05:19:00,C00983,P00534,S017,3,37722.72,0.2,107509.75,COD,cancelled,2026-04-24
OI1000059,2026-04-24 16:29:00,C00635,P00053,S065,1,33861.69,0.0,32168.61,WALLET,shipped,2026-04-24
OI1000060,2026-04-24 09:11:00,C02014,P00203,S041,2,24833.93,0.0,47184.47,WALLET,returned,2026-04-24
OI1000061,2026-04-24 20:37:00,C00898,P00778,S002,2,80127.23,0.2,152241.74,CARD,delivered,2026-04-24
OI1000062,2026-04-24 05:06:00,C01819,P00750,S016,6,62995.9,0.1,377975.4,CARD,cancelled,2026-04-24
OI1000063,2026-04-24 21:39:00,C00488,P00094,S018,2,75370.76,0.0,143204.44,COD,shipped,2026-04-24
OI1000064,2026-04-24 22:46:00,C01972,P00572,S028,5,83512.41,0.05,417562.05,NETBANKING,shipped,2026-04-24
OI1000065,2026-04-24 10:34:00,C01580,P00086,S057,5,80804.46,0.0,323217.84,CARD,cancelled,2026-04-24
OI1000066,2026-04-24 07:45:00,C01330,P00634,S007,2,unknown,0.2,bad_amount,CARD,cancelled,2026-04-24
OI1000067,2026-04-24 23:03:00,C01839,P00296,S037,4,64201.56,0.05,231125.62,CARD,cancelled,2026-04-24
OI1000068,2026-04-24 01:20:00,C02130,P00532,S048,1,14865.84,0.05,14122.55,COD,cancelled,2026-04-24
OI1000069,2026-04-24 10:49:00,C02415,P00703,S004,3,15220.71,0.05,41095.92,WALLET,cancelled,2026-04-24
OI1000070,2026-04-24 01:49:00,C01011,P00271,S075,4,10674.3,0.05,40562.34,NETBANKING,returned,2026-04-24
OI1000071,2026-04-24 17:53:00,C00889,P00662,S037,2,30399.21,0.05,60798.42,NETBANKING,delivered,2026-04-24
OI1000072,2026-04-24 22:20:00,C00111,P00154,S013,3,60731.16,0.2,173083.81,NETBANKING,delivered,2026-04-24
OI1000073,2026-04-24 00:52:00,C00418,P00393,S055,2,84892.48,0.05,152806.46,COD,returned,2026-04-24
OI1000074,2026-04-24 20:14:00,C00908,P00685,S036,3,50206.6,0.0,120495.84,NETBANKING,delivered,2026-04-24
OI1000075,2026-04-24 06:32:00,C00268,P00571,S066,4,25003.47,0.2,80011.1,CARD,delivered,2026-04-24
OI1000076,2026-04-24 20:01:00,C02413,P00545,S053,6,77517.8,0.05,441851.46,WALLET,returned,2026-04-24
OI1000077,2026-04-24 19:57:00,C01936,P00736,S020,6,33429.26,0.0,160460.45,NETBANKING,returned,2026-04-24
OI1000078,2026-04-07 16:00:00,C00425,P00351,S005,5,50547.87,0.0,240102.38,UPI,returned,2026-04-24
OI1000079,2026-04-24 14:56:00,C01081,P00733,S023,5,86178.56,0.2,430892.8,CARD,returned,2026-04-24
OI1000080,2026-04-24 09:11:00,C00265,P00538,S058,2,50198.57,0.2,80317.71,COD,returned,2026-04-24
OI1000081,2026-04-16 19:00:00,C00009,P00139,S068,4,87469.0,0.1,332382.2,UPI,cancelled,2026-04-24
OI1000082,2026-04-24 03:00:00,C00652,P00546,S024,1,14892.77,0.1,11914.22,WALLET,shipped,2026-04-24
OI1000083,2026-04-24 22:20:00,C01579,P00305,S039,3,18907.54,0.2,51050.36,NETBANKING,cancelled,2026-04-24
OI1000084,2026-04-21 13:00:00,C00160,P00742,S047,6,84124.16,0.2,479507.71,NETBANKING,shipped,2026-04-24
OI1000085,2026-04-24 16:19:00,C01979,P00706,S027,4,19053.8,0.2,60972.16,NETBANKING,shipped,2026-04-24
OI1000086,2026-04-24 17:58:00,C00096,P00040,S040,3,82714.19,0.0,198514.06,COD,cancelled,2026-04-24
OI1000087,2026-04-24 18:05:00,C01787,P00338,S022,6,unknown,0.0,bad_amount,COD,cancelled,2026-04-24
OI1000088,2026-04-24 00:12:00,C01238,P00358,S013,5,83194.16,0.05,395172.26,WALLET,cancelled,2026-04-24
OI1000089,2026-04-24 08:10:00,C00420,P00027,S036,5,80091.77,0.2,380435.91,UPI,cancelled,2026-04-24
OI1000090,2026-04-24 22:36:00,C00946,P00637,S072,6,76462.55,0.1,412897.77,UPI,returned,2026-04-24
OI1000091,2026-04-24 14:06:00,C02111,P00125,S001,3,14785.78,0.05,44357.34,NETBANKING,shipped,2026-04-24
OI1000092,2026-04-24 02:21:00,C01906,P00217,S050,3,77087.8,0.2,219700.23,CARD,returned,2026-04-24
OI1000093,2026-04-24 22:37:00,C01387,P00083,S002,5,80492.32,0.0,321969.28,UPI,shipped,2026-04-24
OI1000094,2026-04-24 20:37:00,C00637,P00049,S031,2,5379.25,0.05,10220.57,COD,shipped,2026-04-24
OI1000095,2026-04-24 10:37:00,C01797,P00596,S023,2,70133.01,0.05,126239.42,WALLET,cancelled,2026-04-24
OI1000096,2026-04-24 01:22:00,C01695,P00555,S032,5,44111.62,0.05,176446.48,CARD,shipped,2026-04-24
OI1000097,2026-04-24 13:17:00,C02100,P00026,S074,5,61875.0,0.1,293906.25,UPI,cancelled,2026-04-24
OI1000098,2026-04-17 11:00:00,C01379,P00710,S052,3,87048.32,0.0,248087.71,WALLET,delivered,2026-04-24
OI1000099,2026-04-24 09:41:00,C02479,P00232,S046,4,38830.73,0.0,139790.63,COD,returned,2026-04-24
OI1000100,2026-04-24 12:59:00,C01173,P00734,S015,5,20878.89,0.2,104394.45,WALLET,cancelled,2026-04-24
OI1000101,2026-04-24 22:01:00,C00706,P00750,S020,6,62995.9,0.1,377975.4,UPI,cancelled,2026-04-24
OI1000102,2026-04-24 03:02:00,C02162,P00699,S049,1,67726.99,0.05,60954.29,UPI,shipped,2026-04-24
OI1000103,2026-04-15 09:00:00,C01659,P00106,S019,6,42058.36,0.2,201880.13,NETBANKING,shipped,2026-04-24
OI1000104,2026-04-24 02:42:00,C00572,P00555,S051,2,44111.62,0.0,70578.59,WALLET,cancelled,2026-04-24
OI1000105,2026-04-18 07:00:00,C01664,P00268,S051,2,1367.81,0.2,2188.5,COD,delivered,2026-04-24
OI1000106,2026-04-24 14:28:00,C01905,P00127,S022,1,51755.42,0.2,51755.42,CARD,shipped,2026-04-24
OI1000107,2026-04-24 23:55:00,C01427,P00264,S006,3,8603.44,0.05,23229.29,COD,shipped,2026-04-24
OI1000108,2026-04-24 18:08:00,C01000,P00523,S044,3,54356.5,0.05,130455.6,UPI,delivered,2026-04-24
OI1000109,2026-04-24 07:55:00,C01628,P00286,S069,6,86705.09,0.1,520230.54,COD,shipped,2026-04-24
OI1000110,2026-04-24 01:33:00,C01583,P00479,S033,3,14454.91,0.05,34691.78,WALLET,delivered,2026-04-24
OI1000111,2026-04-24 22:31:00,C01553,P00631,S026,2,76016.38,0.2,121626.21,COD,cancelled,2026-04-24
OI1000112,2026-04-24 07:54:00,C00498,P00155,S075,2,50875.13,0.2,81400.21,NETBANKING,shipped,2026-04-24
OI1000113,2026-04-24 13:55:00,C01840,P00625,S061,2,19780.97,0.1,31649.55,UPI,cancelled,2026-04-24
OI1000114,2026-04-24 12:27:00,C01370,P00635,S009,5,37326.92,0.2,167971.14,COD,cancelled,2026-04-24
OI1000115,2026-04-24 00:37:00,C00098,P00400,S025,3,27347.38,0.05,82042.14,UPI,returned,2026-04-24
OI1000116,2026-04-24 05:54:00,C02020,P00605,S020,6,54013.86,0.2,307879.0,NETBANKING,cancelled,2026-04-24
OI1000117,2026-04-24 01:40:00,C00296,P00766,S047,2,28210.93,0.1,53600.77,CARD,shipped,2026-04-24
OI1000118,2026-04-24 05:34:00,C02390,P00651,S025,5,5362.63,0.1,24131.84,CARD,cancelled,2026-04-24
OI1000119,2026-04-24 08:01:00,C02022,P00233,S019,2,6646.48,0.0,10634.37,NETBANKING,returned,2026-04-24
OI1000120,2026-04-24 14:15:00,C00565,P00294,S042,1,5174.19,0.0,5174.19,COD,cancelled,2026-04-24
OI1000121,2026-04-24 21:43:00,C02042,P00776,S021,4,85783.24,0.1,274506.37,COD,returned,2026-04-24
OI1000122,2026-04-24 05:13:00,C00472,P00734,S038,1,20878.89,0.0,19834.95,CARD,shipped,2026-04-24
OI1000123,2026-04-24 01:37:00,C00265,P00766,S008,4,28210.93,0.0,90274.98,NETBANKING,returned,2026-04-24
OI1000124,2026-04-24 15:04:00,C00276,P00398,S047,2,86219.46,0.1,155195.03,NETBANKING,shipped,2026-04-24
OI1000125,2026-04-24 17:16:00,C00304,P00454,S060,4,35110.72,0.2,133420.74,CARD,returned,2026-04-24
OI1000126,2026-04-24 08:55:00,C02437,P00183,S040,5,66956.49,0.2,334782.45,COD,shipped,2026-04-24
OI1000127,2026-04-24 00:49:00,C00087,P00085,S016,5,8844.99,0.0,44224.95,UPI,returned,2026-04-24
OI1000128,2026-04-24 15:33:00,C02457,P00245,S012,2,66678.53,0.0,126689.21,CARD,cancelled,2026-04-24
OI1000129,2026-04-24 20:25:00,C01768,P00384,S068,2,66621.3,0.1,133242.6,CARD,delivered,2026-04-24
OI1000130,2026-04-24 00:20:00,C01544,P00383,S022,3,13065.11,0.0,37235.56,CARD,shipped,2026-04-24
OI1000131,2026-04-24 13:15:00,C00921,P00266,S008,3,46560.04,0.05,111744.1,WALLET,cancelled,2026-04-24
OI1000132,2026-04-24 22:22:00,C01898,P00274,S015,4,8584.95,0.05,34339.8,COD,delivered,2026-04-24
OI1000133,2026-04-24 15:25:00,C01402,P00198,S030,5,7578.09,0.0,35995.93,CARD,shipped,2026-04-24
OI1000134,2026-04-24 17:44:00,C00819,P00243,S012,2,35974.1,0.1,64753.38,CARD,delivered,2026-04-24
OI1000135,2026-04-24 07:39:00,C00672,P00555,S052,1,44111.62,0.05,44111.62,COD,delivered,2026-04-24
OI1000136,2026-04-24 21:16:00,C00202,P00219,S016,1,25270.42,0.0,24006.9,WALLET,delivered,2026-04-24
OI1000137,2026-04-24 15:59:00,C00061,P00787,S021,2,30646.57,0.0,49034.51,CARD,cancelled,2026-04-24
OI1000138,2026-04-24 17:16:00,C02421,P00080,S022,6,35894.6,0.1,215367.6,WALLET,shipped,2026-04-24
OI1000139,2026-04-24 18:36:00,C00245,P00677,S004,1,89809.83,0.05,80828.85,WALLET,shipped,2026-04-24
OI1000140,2026-04-24 14:51:00,C00567,P00486,S055,6,85215.81,0.0,460165.37,NETBANKING,returned,2026-04-24
OI1000141,2026-04-24 11:56:00,C00620,P00553,S066,3,29491.73,0.0,70780.15,COD,cancelled,2026-04-24
OI1000142,2026-04-24 22:12:00,C00220,P00329,S010,5,4843.15,0.05,23004.96,UPI,returned,2026-04-24
OI1000143,2026-04-24 05:49:00,C00969,P00566,S051,2,56559.9,0.05,90495.84,UPI,shipped,2026-04-24
OI1000144,2026-04-24 05:36:00,C01171,,S007,5,64199.22,0.2,304946.29,UPI,delivered,2026-04-24
OI1000145,2026-04-24 22:04:00,C02372,P00252,S046,4,62580.71,0.1,237806.7,WALLET,shipped,2026-04-24
OI1000146,2026-04-16 15:00:00,C01619,P00527,S025,5,62863.63,0.1,298602.24,COD,shipped,2026-04-24
OI1000147,2026-04-24 16:06:00,C02008,P00475,S046,1,2194.3,0.05,1755.44,COD,cancelled,2026-04-24
OI1000148,2026-04-24 12:28:00,C01740,P00730,S036,3,unknown,0.05,bad_amount,COD,cancelled,2026-04-24
OI1000149,2026-04-24 16:24:00,C02466,P00499,S041,4,2275.21,0.0,8190.76,UPI,shipped,2026-04-24
OI1000150,2026-04-24 20:28:00,C02237,P00639,S004,5,71673.79,0.2,340450.5,WALLET,delivered,2026-04-24
OI1000151,2026-04-24 14:04:00,C01282,P00151,S004,1,76903.69,0.05,76903.69,UPI,cancelled,2026-04-24
OI1000152,2026-04-16 11:00:00,C00266,P00721,S060,4,40942.26,0.05,131015.23,NETBANKING,returned,2026-04-24
OI1000153,2026-04-24 13:02:00,C00292,P00078,S015,4,584.86,0.1,2222.47,WALLET,shipped,2026-04-24
OI1000154,2026-04-24 15:42:00,C02128,P00306,S055,4,77109.64,0.1,246750.85,NETBANKING,cancelled,2026-04-24
OI1000155,2026-04-24 06:50:00,C02204,P00405,S012,2,87329.08,0.0,174658.16,CARD,shipped,2026-04-24
OI1000156,2026-04-24 19:55:00,C01919,P00670,S027,2,38746.57,0.05,69743.83,NETBANKING,delivered,2026-04-24
OI1000157,2026-04-24 11:53:00,C00130,P00225,S050,5,28968.34,0.2,144841.7,NETBANKING,cancelled,2026-04-24
OI1000158,2026-04-24 09:45:00,C01289,P00446,S048,4,86120.56,0.2,344482.24,UPI,cancelled,2026-04-24
OI1000159,2026-04-24 23:34:00,C01150,P00195,S073,5,81560.2,0.2,387410.95,NETBANKING,cancelled,2026-04-24
OI1000160,2026-04-24 19:05:00,C01282,P00391,S052,3,40752.6,0.05,110032.02,WALLET,shipped,2026-04-24
OI1000161,2026-04-24 16:21:00,C00536,P00138,S063,3,8583.97,0.0,25751.91,WALLET,returned,2026-04-24
OI1000162,2026-04-24 17:32:00,C01378,P00299,S069,5,85870.11,0.2,343480.44,CARD,shipped,2026-04-24
OI1000163,2026-04-24 09:04:00,C02067,P00631,S070,5,76016.38,0.2,380081.9,COD,returned,2026-04-24
OI1000164,2026-04-24 15:55:00,C01453,P00602,S075,2,25905.25,0.0,51810.5,UPI,returned,2026-04-24
OI1000165,2026-04-24 12:44:00,C00817,P00217,S017,2,77087.8,0.0,138758.04,WALLET,returned,2026-04-24
OI1000166,2026-04-24 15:40:00,C02162,P00538,S020,6,50198.57,0.1,271072.28,WALLET,delivered,2026-04-24
OI1000167,2026-04-24 21:04:00,C00494,P00249,S052,1,39118.67,0.1,39118.67,COD,cancelled,2026-04-24
OI1000168,2026-04-24 06:25:00,C00385,P00087,S035,2,36333.32,0.05,58133.31,COD,delivered,2026-04-24
OI1000169,2026-04-24 14:58:00,C00978,P00707,S064,1,12328.05,0.05,12328.05,CARD,cancelled,2026-04-24
OI1000170,2026-04-24 05:13:00,C01106,P00035,S054,5,49801.37,0.05,224106.17,NETBANKING,returned,2026-04-24
OI1000171,2026-04-24 08:40:00,C02196,P00360,S042,4,53919.75,0.05,215679.0,WALLET,cancelled,2026-04-24
OI1000172,2026-04-24 10:33:00,C02106,P00292,S022,4,42029.99,0.2,159713.96,COD,cancelled,2026-04-24
OI1000173,2026-04-24 14:45:00,C00209,P00483,S027,4,67274.79,0.1,215279.33,NETBANKING,cancelled,2026-04-24
OI1000174,2026-04-24 03:45:00,C00260,P00375,S018,4,2355.85,0.2,7538.72,CARD,returned,2026-04-24
OI1000175,2026-04-24 01:18:00,C01728,P00329,S007,5,4843.15,0.2,19372.6,CARD,cancelled,2026-04-24
OI1000176,2026-04-24 06:46:00,C01466,P00584,S055,6,unknown,0.1,bad_amount,UPI,shipped,2026-04-24
OI1000177,2026-04-24 10:26:00,C02306,P00242,S074,6,78088.55,0.05,421678.17,NETBANKING,returned,2026-04-24
OI1000178,2026-04-24 18:30:00,C00861,P00016,S058,2,12387.77,0.2,24775.54,COD,returned,2026-04-24
OI1000179,2026-04-24 17:38:00,C02161,P00362,S040,3,75849.67,0.2,227549.01,WALLET,delivered,2026-04-24
OI1000180,2026-04-24 13:08:00,C00658,P00612,S065,5,33713.28,0.0,134853.12,WALLET,returned,2026-04-24
OI1000181,2026-04-24 05:39:00,C02430,P00413,S042,1,81415.77,0.2,81415.77,UPI,cancelled,2026-04-24
OI1000182,2026-04-24 21:06:00,C00069,P00269,S026,5,1133.19,0.0,5099.36,COD,shipped,2026-04-24
OI1000183,2026-04-24 08:13:00,C01405,P00552,S004,5,35442.6,0.05,177213.0,CARD,returned,2026-04-24
OI1000184,2026-04-24 15:32:00,C01284,P00165,S006,4,54914.34,0.0,219657.36,UPI,delivered,2026-04-24
OI1000185,2026-04-14 18:00:00,C01450,P00539,S001,4,10497.22,0.2,41988.88,COD,cancelled,2026-04-24
OI1000186,2026-04-24 05:03:00,C02021,P00545,S003,5,77517.8,0.05,368209.55,WALLET,returned,2026-04-24
OI1000187,2026-04-24 12:52:00,C00285,P00037,S038,2,27187.86,0.2,51656.93,UPI,returned,2026-04-24
OI1000188,2026-04-24 21:26:00,C00483,P00586,S042,4,1922.83,0.0,7691.32,CARD,delivered,2026-04-24
OI1000189,2026-04-24 06:49:00,C02087,P00176,S071,2,68234.0,0.0,136468.0,CARD,returned,2026-04-24
OI1000190,2026-04-24 18:13:00,C00755,P00693,S050,6,87763.65,0.2,421265.52,UPI,delivered,2026-04-24
OI1000191,2026-04-24 03:42:00,C01672,P00681,S024,6,72609.64,0.0,413874.95,COD,returned,2026-04-24
OI1000192,2026-04-24 07:47:00,C01661,P00001,S018,5,unknown,0.0,bad_amount,CARD,returned,2026-04-24
OI1000193,2026-04-24 11:58:00,C01141,P00008,S075,1,8710.16,0.2,7839.14,CARD,cancelled,2026-04-24
OI1000194,2026-04-24 03:57:00,C00021,P00504,S024,4,13355.18,0.05,53420.72,NETBANKING,delivered,2026-04-24
OI1000195,2026-04-24 06:40:00,C00952,P00636,S025,3,21272.55,0.05,60626.77,UPI,cancelled,2026-04-24
OI1000196,2026-04-24 20:15:00,C01663,P00174,S011,6,73064.68,0.0,350710.46,NETBANKING,returned,2026-04-24
OI1000197,2026-04-24 04:12:00,C00915,P00155,S072,5,50875.13,0.2,203500.52,COD,cancelled,2026-04-24
OI1000198,2026-04-24 05:07:00,C01065,P00151,S026,4,76903.69,0.1,307614.76,NETBANKING,shipped,2026-04-24
OI1000199,2026-04-24 09:13:00,C00444,P00583,S015,3,unknown,0.0,bad_amount,UPI,cancelled,2026-04-24
OI1000200,2026-04-24 11:56:00,C02145,P00122,S055,6,45035.48,0.05,270212.88,CARD,cancelled,2026-04-24
OI1000201,2026-04-24 05:31:00,C01888,P00128,S061,5,38067.34,0.05,190336.7,COD,returned,2026-04-24
OI1000202,2026-04-24 11:49:00,C01126,P00135,S034,2,48883.94,0.1,92879.49,UPI,cancelled,2026-04-24
OI1000203,2026-04-24 02:39:00,C00172,P00007,S023,5,26020.02,0.1,130100.1,CARD,returned,2026-04-24
OI1000204,2026-04-24 13:55:00,C00669,P00292,S070,3,42029.99,0.1,119785.47,COD,cancelled,2026-04-24
OI1000205,2026-04-24 10:27:00,C01237,P00487,S033,5,82880.04,0.2,393680.19,WALLET,delivered,2026-04-24
OI1000206,2026-04-24 03:48:00,C00253,P00250,S055,3,1505.23,0.05,3612.55,COD,returned,2026-04-24
OI1000207,2026-04-24 00:50:00,C02417,P00214,S043,1,58149.68,0.05,46519.74,CARD,delivered,2026-04-24
OI1000208,2026-04-24 11:43:00,C00712,P00489,S059,4,83719.94,0.1,318135.77,CARD,delivered,2026-04-24
OI1000209,2026-04-24 18:28:00,C00422,P00002,S075,5,unknown,0.0,bad_amount,WALLET,shipped,2026-04-24
OI1000210,2026-04-24 02:13:00,C00156,P00659,S062,1,78806.84,0.2,74866.5,NETBANKING,shipped,2026-04-24
OI1000211,2026-04-24 23:18:00,C01310,P00507,S026,5,13122.94,0.2,62333.96,WALLET,shipped,2026-04-24
OI1000212,2026-04-24 05:23:00,C00774,P00356,S005,2,80320.66,0.0,128513.06,UPI,returned,2026-04-24
OI1000213,2026-04-24 00:44:00,C01340,P00142,S062,2,85536.27,0.05,171072.54,NETBANKING,shipped,2026-04-24
OI1000214,2026-04-24 00:53:00,C00892,P00575,S012,2,22217.67,0.0,42213.57,UPI,returned,2026-04-24
OI1000215,2026-04-24 10:38:00,C00897,P00238,S030,3,85008.97,0.0,242275.56,NETBANKING,shipped,2026-04-24
OI1000216,2026-04-24 11:23:00,C01066,P00408,S066,6,1514.72,0.0,8179.49,NETBANKING,shipped,2026-04-24
OI1000217,2026-04-24 01:01:00,C01797,P00333,S011,1,12534.77,0.0,11908.03,COD,shipped,2026-04-24
OI1000218,2026-04-24 17:28:00,C02042,P00083,S014,5,80492.32,0.05,402461.6,COD,delivered,2026-04-24
OI1000219,2026-04-24 00:10:00,C00080,P00216,S062,1,38520.65,0.1,34668.58,WALLET,shipped,2026-04-24
OI1000220,2026-04-24 12:59:00,C02007,P00090,S039,3,50485.5,0.1,136310.85,NETBANKING,shipped,2026-04-24
OI1000221,2026-04-24 12:57:00,C00475,P00744,S006,4,66393.75,0.1,212460.0,CARD,delivered,2026-04-24
OI1000222,2026-04-24 21:31:00,C01709,P00767,S015,5,7726.84,0.1,30907.36,CARD,delivered,2026-04-24
OI1000223,2026-04-24 19:15:00,C00755,P00496,S023,1,35826.7,0.2,35826.7,COD,cancelled,2026-04-24
OI1000224,2026-04-24 22:52:00,C01362,P00603,S003,2,86592.47,0.05,164525.69,WALLET,delivered,2026-04-24
OI1000225,2026-04-24 14:41:00,C01399,P00129,S037,4,54358.95,0.0,217435.8,COD,delivered,2026-04-24
OI1000226,2026-04-24 12:31:00,C00466,P00645,S047,3,unknown,0.0,bad_amount,WALLET,delivered,2026-04-24
OI1000227,2026-04-24 19:22:00,C00523,P00170,S011,4,72347.53,0.0,274920.61,WALLET,cancelled,2026-04-24
OI1000228,2026-04-24 21:31:00,C00736,P00518,S046,2,27396.49,0.2,52053.33,NETBANKING,shipped,2026-04-24
OI1000229,2026-04-24 00:46:00,C01959,P00794,S019,1,79522.54,0.0,63618.03,WALLET,delivered,2026-04-24
OI1000230,2026-04-24 21:56:00,C00247,P00638,S069,4,53850.56,0.0,172321.79,WALLET,delivered,2026-04-24
OI1000231,2026-04-24 16:07:00,C01973,,S032,6,85457.95,0.1,410198.16,CARD,delivered,2026-04-24
OI1000232,2026-04-24 03:43:00,C02389,P00408,S027,6,1514.72,0.0,8633.9,UPI,delivered,2026-04-24
OI1000233,2026-04-10 21:00:00,C00721,P00598,S032,4,45122.1,0.0,180488.4,UPI,shipped,2026-04-24
OI1000234,2026-04-24 00:22:00,C02066,P00558,S035,1,37085.61,0.1,33377.05,WALLET,shipped,2026-04-24
OI1000235,2026-04-24 00:34:00,C01775,P00321,S024,6,11658.52,0.0,69951.12,NETBANKING,returned,2026-04-24
OI1000236,2026-04-24 07:23:00,C02479,P00546,S040,5,14892.77,0.1,74463.85,CARD,returned,2026-04-24
OI1000237,2026-04-24 03:47:00,C00780,P00256,S006,1,2640.76,0.1,2640.76,NETBANKING,returned,2026-04-24
OI1000238,2026-04-24 22:52:00,C00450,P00560,S070,2,28957.13,0.1,57914.26,WALLET,shipped,2026-04-24
OI1000239,2026-04-24 03:45:00,C00203,P00404,S026,5,52788.89,0.05,211155.56,COD,returned,2026-04-24
OI1000240,2026-04-24 17:15:00,C00733,P00281,S062,4,81094.02,0.1,291938.47,COD,shipped,2026-04-24
OI1000241,2026-04-24 08:08:00,C01385,P00777,S072,2,72195.28,0.0,137171.03,UPI,shipped,2026-04-24
OI1000242,2026-04-24 04:59:00,C01323,P00632,S062,2,62788.56,0.2,125577.12,WALLET,delivered,2026-04-24
OI1000243,2026-04-24 13:05:00,C01867,P00035,S026,5,49801.37,0.2,249006.85,WALLET,cancelled,2026-04-24
OI1000244,2026-04-24 18:57:00,C00454,P00723,S064,3,39476.59,0.0,112508.28,UPI,cancelled,2026-04-24
OI1000245,2026-04-24 02:28:00,C00236,P00143,S046,3,51414.89,0.2,146532.44,NETBANKING,delivered,2026-04-24
OI1000246,2026-04-24 09:11:00,C02348,P00546,S017,4,14892.77,0.0,56592.53,CARD,delivered,2026-04-24
OI1000247,2026-04-05 07:00:00,C01126,P00040,S021,1,82714.19,0.05,74442.77,WALLET,shipped,2026-04-24
OI1000248,2026-04-24 19:59:00,C01107,P00325,S011,5,5814.81,0.0,27620.35,WALLET,shipped,2026-04-24
OI1000249,2026-04-24 14:13:00,C00035,P00453,S051,3,7391.19,0.0,22173.57,WALLET,delivered,2026-04-24
OI1000250,2026-04-24 16:22:00,C00930,P00404,S023,2,52788.89,0.1,105577.78,COD,returned,2026-04-24
OI1000251,2026-04-24 00:23:00,C01997,P00106,S054,6,42058.36,0.05,227115.14,CARD,shipped,2026-04-24
OI1000252,2026-04-24 16:47:00,C01999,P00511,S038,1,73756.93,0.0,66381.24,CARD,returned,2026-04-24
OI1000253,2026-04-24 01:16:00,C01201,P00219,S014,4,25270.42,0.05,96027.6,NETBANKING,returned,2026-04-24
OI1000254,2026-04-24 09:37:00,C01830,P00622,S072,6,27317.69,0.0,131124.91,UPI,cancelled,2026-04-24
OI1000255,2026-04-24 19:33:00,C02403,P00101,S016,6,19705.48,0.1,118232.88,COD,shipped,2026-04-24
OI1000256,2026-04-24 10:15:00,C01211,P00275,S036,6,26670.55,0.1,144020.97,WALLET,returned,2026-04-24
OI1000257,2026-04-24 05:53:00,C01983,P00483,S008,3,67274.79,0.05,201824.37,COD,shipped,2026-04-24
OI1000258,2026-04-24 19:03:00,C00994,P00524,S070,6,19552.66,0.05,105584.36,WALLET,returned,2026-04-24
OI1000259,2026-04-24 23:42:00,C02380,P00755,S016,2,20738.03,0.0,39402.26,CARD,cancelled,2026-04-24
OI1000260,2026-04-24 19:19:00,C01658,P00706,S037,4,19053.8,0.05,68593.68,NETBANKING,cancelled,2026-04-24
OI1000261,2026-04-24 16:43:00,C01420,P00479,S075,3,14454.91,0.0,41196.49,COD,delivered,2026-04-24
OI1000262,2026-04-24 03:29:00,C01749,P00203,S040,6,24833.93,0.1,149003.58,CARD,cancelled,2026-04-24
OI1000263,2026-04-24 16:14:00,C02356,P00436,S059,5,31812.32,0.1,143155.44,CARD,delivered,2026-04-24
OI1000264,2026-04-24 06:13:00,C01821,P00087,S009,4,36333.32,0.1,130799.95,COD,returned,2026-04-24
OI1000265,2026-04-24 04:04:00,C01640,P00640,S061,5,84098.93,0.1,420494.65,NETBANKING,delivered,2026-04-24
OI1000266,2026-04-24 08:19:00,C02019,P00240,S074,6,38231.58,0.05,183511.58,WALLET,delivered,2026-04-24
OI1000267,2026-04-24 16:48:00,C00302,P00117,S038,5,74834.72,0.2,374173.6,UPI,shipped,2026-04-24
OI1000268,2026-04-24 10:18:00,C00777,P00530,S026,1,69539.84,0.05,55631.87,WALLET,cancelled,2026-04-24
OI1000269,2026-04-24 20:31:00,C00270,P00464,S040,3,78106.97,0.2,222604.86,NETBANKING,delivered,2026-04-24
OI1000270,2026-04-24 14:45:00,C01631,P00008,S013,4,8710.16,0.2,34840.64,WALLET,delivered,2026-04-24
OI1000271,2026-04-24 08:33:00,C01538,P00077,S037,2,83992.66,0.0,134388.26,CARD,returned,2026-04-24
OI1000272,2026-04-24 07:01:00,C00827,P00132,S030,3,65508.38,0.1,186698.88,CARD,delivered,2026-04-24
OI1000273,2026-04-24 14:51:00,C01106,P00190,S014,4,41382.21,0.0,157252.4,CARD,shipped,2026-04-24
OI1000274,2026-04-24 18:41:00,C00793,P00590,S075,3,62602.53,0.05,169026.83,COD,delivered,2026-04-24
OI1000275,2026-04-24 23:04:00,C01431,P00567,S072,5,28237.73,0.1,141188.65,WALLET,cancelled,2026-04-24
OI1000276,2026-04-24 02:38:00,C00591,P00712,S057,1,86349.23,0.2,82031.77,CARD,shipped,2026-04-24
OI1000277,2026-04-24 07:35:00,C01078,P00212,S036,4,65425.73,0.1,235532.63,UPI,returned,2026-04-24
OI1000278,2026-04-18 03:00:00,C01565,P00380,S015,1,49138.78,0.1,44224.9,COD,returned,2026-04-24
OI1000279,2026-04-24 15:48:00,C01364,P00731,S073,2,56245.76,0.2,89993.22,UPI,returned,2026-04-24
OI1000280,2026-04-24 16:47:00,C00232,P00209,S064,6,70740.14,0.05,424440.84,WALLET,returned,2026-04-24
OI1000281,2026-04-24 04:09:00,C01058,P00242,S008,6,78088.55,0.05,374825.04,WALLET,delivered,2026-04-24
OI1000282,2026-04-24 09:33:00,C00468,P00004,S046,2,68176.44,0.2,136352.88,NETBANKING,cancelled,2026-04-24
OI1000283,2026-04-24 22:14:00,C01385,P00324,S023,4,2068.6,0.0,8274.4,WALLET,cancelled,2026-04-24
OI1000284,2026-04-24 18:21:00,C01141,P00652,S059,3,13507.47,0.0,36470.17,WALLET,delivered,2026-04-24
OI1000285,2026-04-24 13:53:00,C02235,P00393,S061,1,84892.48,0.2,80647.86,COD,cancelled,2026-04-24
OI1000286,2026-04-24 12:46:00,C01276,P00460,S032,1,58675.02,0.0,55741.27,CARD,shipped,2026-04-24
OI1000287,2026-04-24 01:02:00,C02074,P00253,S009,5,55610.55,0.1,222442.2,UPI,returned,2026-04-24
OI1000288,2026-04-24 15:45:00,C01832,P00782,S012,5,60281.01,0.1,271264.54,COD,delivered,2026-04-24
OI1000289,2026-04-24 19:48:00,C01168,P00395,S027,3,28538.84,0.05,77054.87,UPI,returned,2026-04-24
OI1000290,2026-04-24 23:10:00,C00082,P00732,S059,4,42466.83,0.1,161373.95,NETBANKING,delivered,2026-04-24
OI1000291,2026-04-24 11:10:00,C01884,P00137,S066,1,47851.67,0.1,47851.67,NETBANKING,delivered,2026-04-24
OI1000292,2026-04-24 01:42:00,C01688,P00799,S057,5,89228.66,0.05,356914.64,WALLET,delivered,2026-04-24
OI1000293,2026-04-24 15:49:00,C01197,P00743,S049,5,51487.64,0.2,257438.2,NETBANKING,delivered,2026-04-24
OI1000294,2026-04-24 13:37:00,C01443,P00119,S039,4,53756.74,0.1,172021.57,CARD,cancelled,2026-04-24
OI1000295,2026-04-24 21:41:00,C00794,P00664,S053,2,83397.91,0.2,166795.82,CARD,delivered,2026-04-24
OI1000296,2026-04-24 20:01:00,C01120,P00693,S066,3,87763.65,0.1,250126.4,WALLET,delivered,2026-04-24
OI1000297,2026-04-24 11:42:00,C00013,P00402,S073,4,87853.14,0.05,NaN_TEXT,NETBANKING,shipped,2026-04-24
OI1000298,2026-04-24 01:48:00,C00238,P00387,S017,3,85717.48,0.05,231437.2,WALLET,shipped,2026-04-24
OI1000299,2026-04-24 16:55:00,C02451,P00121,S052,5,45170.92,0.2,203269.14,NETBANKING,cancelled,2026-04-24
OI1000300,2026-04-24 15:51:00,C00312,P00247,S021,3,85045.12,0.05,242378.59,COD,cancelled,2026-04-24
OI1000301,2026-04-24 16:16:00,C00677,P00405,S025,6,87329.08,0.0,471577.03,CARD,returned,2026-04-24
OI1000302,2026-04-24 22:45:00,C01173,P00764,S010,6,29078.9,0.1,174473.4,WALLET,shipped,2026-04-24
OI1000303,2026-04-24 02:25:00,C02139,P00575,S009,2,22217.67,0.2,44435.34,NETBANKING,delivered,2026-04-24
OI1000304,2026-04-24 03:20:00,C01416,P00439,S065,5,35995.69,0.05,170979.53,UPI,returned,2026-04-24
OI1000305,2026-04-24 19:22:00,C01455,P00194,S003,4,16034.57,0.1,60931.37,WALLET,delivered,2026-04-24
OI1000306,2026-04-24 10:58:00,C01762,P00780,S013,6,36021.81,0.0,205324.32,CARD,cancelled,2026-04-24
OI1000307,2026-04-24 17:11:00,C00694,P00725,S071,2,62116.51,0.2,124233.02,CARD,shipped,2026-04-24
OI1000308,2026-04-24 21:44:00,C02251,P00087,S043,4,36333.32,0.0,145333.28,COD,shipped,2026-04-24
OI1000309,2026-04-24 07:22:00,C01960,P00430,S054,6,66211.05,0.05,357539.67,COD,delivered,2026-04-24
OI1000310,2026-04-24 20:27:00,C02383,P00430,S003,2,66211.05,0.05,119179.89,UPI,delivered,2026-04-24
OI1000311,2026-04-24 05:33:00,C00103,P00584,S051,1,unknown,0.05,bad_amount,CARD,shipped,2026-04-24
OI1000312,2026-04-24 16:42:00,C02224,P00696,S054,5,69138.45,0.2,328407.64,UPI,returned,2026-04-24
OI1000313,2026-04-24 23:17:00,C01454,P00431,S070,1,5620.83,0.05,5058.75,CARD,cancelled,2026-04-24
OI1000314,2026-04-24 15:22:00,C00987,P00632,S070,2,62788.56,0.2,100461.7,CARD,delivered,2026-04-24
OI1000315,2026-04-24 19:02:00,C00250,P00781,S015,4,55747.2,0.1,200689.92,COD,shipped,2026-04-24
OI1000316,2026-04-24 13:09:00,C00398,P00439,S034,3,35995.69,0.2,97188.36,COD,shipped,2026-04-24
OI1000317,2026-04-24 08:35:00,C01540,P00558,S074,4,37085.61,0.0,133508.2,CARD,delivered,2026-04-24
OI1000318,2026-04-24 08:29:00,C01766,P00531,S063,2,77911.66,0.2,140240.99,NETBANKING,cancelled,2026-04-24
OI1000319,2026-04-24 23:19:00,C01761,P00799,S036,6,89228.66,0.05,428297.57,COD,cancelled,2026-04-24
OI1000320,2026-04-24 01:00:00,C02299,P00755,S031,6,20738.03,0.1,118206.77,WALLET,cancelled,2026-04-24
OI1000321,2026-04-24 13:22:00,C00782,P00111,S030,4,83018.04,0.05,NaN_TEXT,CARD,cancelled,2026-04-24
OI1000322,2026-04-24 18:42:00,C00713,P00198,S045,3,7578.09,0.05,20460.84,UPI,cancelled,2026-04-24
OI1000323,2026-04-24 23:34:00,C00339,P00016,S055,3,12387.77,0.2,35305.14,COD,delivered,2026-04-24
OI1000324,2026-04-24 05:38:00,C01181,P00271,S028,6,10674.3,0.1,51236.64,WALLET,cancelled,2026-04-24
OI1000325,2026-04-24 22:14:00,C02201,P00377,S008,1,61653.87,0.1,61653.87,UPI,cancelled,2026-04-24
OI1000326,2026-04-24 08:38:00,C02407,P00754,S003,4,26654.44,0.05,85294.21,COD,delivered,2026-04-24
OI1000327,2026-04-24 17:48:00,C01537,P00076,S060,5,65585.96,0.05,327929.8,WALLET,cancelled,2026-04-24
OI1000328,2026-04-24 13:37:00,C00762,P00134,S047,6,unknown,0.2,bad_amount,NETBANKING,returned,2026-04-24
OI1000329,2026-04-24 17:21:00,C01116,P00054,S073,4,17827.3,0.0,71309.2,COD,delivered,2026-04-24
OI1000330,2026-04-24 05:41:00,C02032,P00766,S014,5,28210.93,0.05,141054.65,UPI,delivered,2026-04-24
OI1000331,2026-04-24 13:51:00,C01468,P00499,S022,1,2275.21,0.05,2161.45,UPI,returned,2026-04-24
OI1000332,2026-04-24 13:38:00,C02405,P00540,S057,6,12058.68,0.2,72352.08,COD,cancelled,2026-04-24
OI1000333,2026-04-24 11:06:00,C01548,P00090,S059,3,50485.5,0.2,151456.5,UPI,returned,2026-04-24
OI1000334,2026-04-24 21:38:00,C02006,P00245,S026,2,66678.53,0.2,133357.06,NETBANKING,delivered,2026-04-24
OI1000335,2026-04-24 15:30:00,C01980,P00267,S063,4,59535.27,0.2,190512.86,COD,delivered,2026-04-24
OI1000336,2026-04-24 20:31:00,C00613,P00573,S060,3,52604.07,0.0,157812.21,WALLET,returned,2026-04-24
OI1000337,2026-04-24 12:48:00,C02357,P00112,S074,4,87331.64,0.0,331860.23,UPI,cancelled,2026-04-24
OI1000338,2026-04-24 06:15:00,C02001,P00222,S055,1,53115.56,0.0,53115.56,UPI,shipped,2026-04-24
OI1000339,2026-04-24 05:34:00,C02171,P00643,S041,3,7484.53,0.05,21330.91,CARD,cancelled,2026-04-24
OI1000340,2026-04-24 20:14:00,C02436,P00386,S049,3,84773.95,0.2,241605.76,CARD,cancelled,2026-04-24
OI1000341,2026-04-24 13:05:00,C00567,P00703,S032,2,15220.71,0.1,30441.42,COD,returned,2026-04-24
OI1000342,2026-04-24 14:17:00,C01060,P00295,S045,4,37814.51,0.0,143695.14,NETBANKING,returned,2026-04-24
OI1000343,2026-04-24 02:31:00,C01004,P00107,S057,5,53454.24,0.05,253907.64,UPI,returned,2026-04-24
OI1000344,2026-04-24 03:54:00,C01103,P00717,S068,1,4480.09,0.05,4032.08,UPI,shipped,2026-04-24
OI1000345,2026-04-24 04:36:00,C01530,P00572,S067,4,83512.41,0.0,334049.64,WALLET,returned,2026-04-24
OI1000346,2026-04-24 06:48:00,C02322,P00670,S045,6,38746.57,0.05,209231.48,WALLET,shipped,2026-04-24
OI1000347,2026-04-24 11:15:00,C01087,P00780,S001,1,36021.81,0.2,34220.72,NETBANKING,delivered,2026-04-24
OI1000348,2026-04-24 00:57:00,C00802,P00275,S024,5,26670.55,0.2,126685.11,CARD,delivered,2026-04-24
OI1000349,2026-04-24 12:47:00,C01432,P00711,S032,3,67059.62,0.05,191119.92,UPI,shipped,2026-04-24
OI1000350,2026-04-24 01:58:00,C01594,P00409,S039,5,46246.98,0.1,231234.9,COD,delivered,2026-04-24
OI1000351,2026-04-24 16:04:00,C01460,P00164,S074,4,55729.33,0.2,178333.86,CARD,delivered,2026-04-24
OI1000352,2026-04-24 16:05:00,C00914,P00025,S038,3,31334.27,0.1,89302.67,UPI,returned,2026-04-24
OI1000353,2026-04-24 00:51:00,C00931,P00297,S054,6,59933.31,0.2,287679.89,CARD,cancelled,2026-04-24
OI1000354,2026-04-24 01:14:00,C01410,P00136,S018,2,40253.57,0.05,76481.78,UPI,shipped,2026-04-24
OI1000355,2026-04-24 11:04:00,C01164,P00213,S048,1,68661.56,0.05,54929.25,COD,delivered,2026-04-24
OI1000356,2026-04-24 05:59:00,C00017,P00248,S037,1,86544.26,0.1,77889.83,COD,returned,2026-04-24
OI1000357,2026-04-24 11:53:00,C00651,P00160,S075,4,56754.39,0.2,215666.68,NETBANKING,delivered,2026-04-24
OI1000358,2026-04-24 05:55:00,C01411,P00790,S063,5,50083.64,0.0,225376.38,UPI,returned,2026-04-24
OI1000359,2026-04-24 05:46:00,C00976,P00199,S012,6,27052.49,0.2,146083.45,COD,delivered,2026-04-24
OI1000360,2026-04-24 22:58:00,C00048,P00653,S070,4,64700.15,0.05,207040.48,WALLET,cancelled,2026-04-24
OI1000361,2026-04-24 12:38:00,C02324,P00787,S036,3,30646.57,0.2,82745.74,UPI,returned,2026-04-24
OI1000362,2026-04-24 14:49:00,C00237,P00301,S042,1,84622.51,0.05,80391.38,CARD,shipped,2026-04-24
OI1000363,2026-04-24 09:12:00,C01821,P00238,S014,1,85008.97,0.2,76508.07,UPI,returned,2026-04-24
OI1000364,2026-04-21 08:00:00,C02039,P00340,S039,5,16426.26,0.2,82131.3,CARD,cancelled,2026-04-24
OI1000365,2026-04-24 01:11:00,C01640,P00795,S006,1,8177.98,0.2,6542.38,NETBANKING,cancelled,2026-04-24
OI1000366,2026-04-24 01:58:00,C01086,P00169,S023,1,41370.63,0.2,37233.57,WALLET,cancelled,2026-04-24
OI1000367,2026-04-24 17:43:00,C00583,P00209,S010,3,70740.14,0.1,212220.42,NETBANKING,returned,2026-04-24
OI1000368,2026-04-24 17:43:00,C01888,P00215,S066,1,18263.0,0.2,16436.7,COD,cancelled,2026-04-24
OI1000369,2026-04-24 13:53:00,C00821,P00371,S046,1,59685.88,0.0,47748.7,CARD,delivered,2026-04-24
OI1000370,2026-04-24 21:44:00,C02398,P00766,S067,1,28210.93,0.05,28210.93,CARD,cancelled,2026-04-24
OI1000371,2026-04-24 03:19:00,C00125,P00758,S044,1,79607.14,0.0,75626.78,COD,returned,2026-04-24
OI1000372,2026-04-24 23:29:00,C02364,P00315,S030,6,49355.01,0.0,281323.56,UPI,delivered,2026-04-24
OI1000373,2026-04-24 00:06:00,C02106,P00472,S002,2,21594.74,0.0,43189.48,CARD,delivered,2026-04-24
OI1000374,2026-04-24 22:18:00,C01464,P00391,S005,3,40752.6,0.05,116144.91,WALLET,cancelled,2026-04-24
OI1000375,2026-04-24 12:52:00,C01091,P00628,S030,3,20419.8,0.0,58196.43,UPI,cancelled,2026-04-24
OI1000376,2026-04-24 04:05:00,C01779,P00722,S025,5,75564.96,0.2,340042.32,NETBANKING,shipped,2026-04-24
OI1000377,2026-04-24 13:23:00,C01759,P00435,S009,5,28267.64,0.0,141338.2,CARD,shipped,2026-04-24
OI1000378,2026-04-24 15:42:00,C02455,P00585,S065,1,64199.22,0.0,51359.38,UPI,cancelled,2026-04-24
OI1000379,2026-04-24 22:53:00,C01441,P00141,S032,6,7162.54,0.2,34380.19,COD,returned,2026-04-24
OI1000380,2026-04-24 20:08:00,C00521,P00677,S027,5,89809.83,0.0,404144.24,CARD,returned,2026-04-24
OI1000381,2026-04-24 15:06:00,C01910,P00480,S065,4,80821.7,0.0,290958.12,COD,shipped,2026-04-24
OI1000382,2026-04-24 13:14:00,C00703,,S062,1,14454.91,0.2,13732.16,CARD,shipped,2026-04-24
OI1000383,2026-04-24 05:33:00,C00572,P00767,S037,4,7726.84,0.0,24725.89,WALLET,delivered,2026-04-24
OI1000384,2026-04-24 11:54:00,C00447,P00464,S016,1,78106.97,0.1,78106.97,CARD,shipped,2026-04-24
OI1000385,2026-04-24 22:01:00,C00452,P00718,S045,4,70342.87,0.1,267302.91,NETBANKING,shipped,2026-04-24
OI1000386,2026-04-24 08:52:00,C00211,P00439,S020,2,35995.69,0.2,64792.24,NETBANKING,shipped,2026-04-24
OI1000387,2026-04-24 17:42:00,C00914,P00214,S066,4,58149.68,0.05,209338.85,UPI,returned,2026-04-24
OI1000388,2026-04-24 06:58:00,C00600,P00370,S003,2,39280.5,0.05,62848.8,CARD,returned,2026-04-24
OI1000389,2026-04-24 23:22:00,C01968,P00054,S015,1,17827.3,0.05,17827.3,COD,shipped,2026-04-24
OI1000390,2026-04-11 23:00:00,C01935,P00715,S074,3,24813.81,0.2,66997.29,NETBANKING,cancelled,2026-04-24
OI1000391,2026-04-24 22:29:00,C00539,P00575,S023,3,22217.67,0.1,59987.71,UPI,shipped,2026-04-24
OI1000392,2026-04-08 13:00:00,C00161,P00132,S072,1,65508.38,0.2,62232.96,NETBANKING,cancelled,2026-04-24
OI1000393,2026-04-24 21:52:00,C00011,P00066,S056,2,19542.42,0.0,37130.6,UPI,returned,2026-04-24
OI1000394,2026-04-24 10:14:00,C01402,P00744,S029,4,66393.75,0.0,252296.25,WALLET,delivered,2026-04-24
OI1000395,2026-04-24 19:20:00,C01165,P00782,S019,3,60281.01,0.2,171800.88,COD,returned,2026-04-24
OI1000396,2026-04-24 08:46:00,C00858,P00495,S027,3,63282.68,0.2,151878.43,WALLET,cancelled,2026-04-24
OI1000397,2026-04-24 23:23:00,C01973,P00755,S069,2,20738.03,0.1,33180.85,CARD,shipped,2026-04-24
OI1000398,2026-04-24 11:13:00,C00554,P00291,S037,5,85457.95,0.05,384560.78,CARD,returned,2026-04-24
OI1000399,2026-04-12 12:00:00,C00583,P00018,S057,3,57158.76,0.05,171476.28,NETBANKING,shipped,2026-04-24
OI1000400,2026-04-24 10:46:00,C01463,P00600,S021,2,41659.48,0.1,66655.17,CARD,shipped,2026-04-24
OI1000401,2026-04-24 05:56:00,C00682,P00371,S024,4,59685.88,0.1,190994.82,COD,returned,2026-04-24
OI1000402,2026-04-06 07:00:00,C01321,P00441,S041,3,30411.38,0.2,86672.43,COD,cancelled,2026-04-24
OI1000403,2026-04-24 15:55:00,C01273,P00437,S016,1,78191.92,0.05,70372.73,WALLET,returned,2026-04-24
OI1000404,2026-04-24 20:18:00,C00012,P00246,S006,1,88664.88,0.1,79798.39,COD,cancelled,2026-04-24
OI1000405,2026-04-24 04:21:00,C01531,P00640,S071,4,84098.93,0.2,302756.15,UPI,cancelled,2026-04-24
OI1000406,2026-04-24 03:38:00,C01356,P00558,S028,6,37085.61,0.0,200262.29,CARD,shipped,2026-04-24
OI1000407,2026-04-24 15:27:00,C01965,P00273,S022,3,5755.55,0.1,13813.32,UPI,cancelled,2026-04-24
OI1000408,2026-04-24 10:29:00,C02128,P00120,S014,5,20014.73,0.1,100073.65,NETBANKING,delivered,2026-04-24
OI1000409,2026-04-16 11:00:00,C02411,P00781,S058,5,55747.2,0.05,250862.4,NETBANKING,returned,2026-04-24
OI1000410,2026-04-24 23:17:00,C01783,P00261,S045,3,unknown,0.05,bad_amount,WALLET,delivered,2026-04-24
OI1000411,2026-04-24 16:36:00,C00100,P00511,S003,2,73756.93,0.0,140138.17,CARD,cancelled,2026-04-24
OI1000412,2026-04-24 22:36:00,C02039,P00632,S021,6,62788.56,0.2,301385.09,CARD,shipped,2026-04-24
OI1000413,2026-04-24 19:07:00,C00109,P00201,S039,6,44375.05,0.0,213000.24,COD,returned,2026-04-24
OI1000414,2026-04-24 09:00:00,C02459,P00705,S075,3,51936.03,0.05,124646.47,WALLET,delivered,2026-04-24
OI1000415,2026-04-18 09:00:00,C01063,P00325,S013,5,5814.81,0.1,29074.05,UPI,returned,2026-04-24
OI1000416,2026-04-24 03:47:00,C01464,P00258,S039,1,68644.21,0.2,65212.0,CARD,returned,2026-04-24
OI1000417,2026-04-24 07:30:00,C01893,P00137,S027,3,47851.67,0.0,129199.51,NETBANKING,returned,2026-04-24
OI1000418,2026-04-24 06:42:00,C01443,P00331,S011,3,75229.69,0.1,225689.07,WALLET,shipped,2026-04-24
OI1000419,2026-04-24 22:03:00,C01075,P00198,S038,4,7578.09,0.05,24249.89,COD,returned,2026-04-24
OI1000420,2026-04-24 02:41:00,C01972,P00315,S013,5,49355.01,0.1,197420.04,COD,shipped,2026-04-24
OI1000421,2026-04-24 18:00:00,C00564,P00048,S029,5,7623.28,0.05,36210.58,WALLET,delivered,2026-04-24
OI1000422,2026-04-24 13:53:00,C01836,P00640,S059,1,84098.93,0.05,75689.04,NETBANKING,cancelled,2026-04-24
OI1000423,2026-04-24 05:06:00,C01200,P00004,S054,2,68176.44,0.05,129535.24,UPI,shipped,2026-04-24
OI1000424,2026-04-24 23:53:00,C01012,P00557,S025,1,unknown,0.1,bad_amount,NETBANKING,delivered,2026-04-24
OI1000425,2026-04-24 10:38:00,C00844,P00456,S018,5,50604.06,0.05,253020.3,CARD,returned,2026-04-24
OI1000426,2026-04-24 09:27:00,C00142,P00643,S007,3,7484.53,0.1,17962.87,UPI,shipped,2026-04-24
OI1000427,2026-04-24 22:05:00,C01509,P00474,S013,4,29119.69,0.0,93183.01,CARD,shipped,2026-04-24
OI1000428,2026-04-24 04:48:00,C00383,P00456,S006,6,50604.06,0.2,273261.92,CARD,cancelled,2026-04-24
OI1000429,2026-04-24 11:35:00,C01767,P00700,S003,2,30047.33,0.2,57089.93,NETBANKING,shipped,2026-04-24
OI1000430,2026-04-24 00:55:00,C01268,P00092,S017,1,65681.17,0.1,65681.17,COD,returned,2026-04-24
OI1000431,2026-04-24 15:41:00,C00093,P00771,S024,4,8054.87,0.2,32219.48,UPI,cancelled,2026-04-24
OI1000432,2026-04-24 20:09:00,C01588,P00610,S073,6,42014.11,0.05,252084.66,WALLET,cancelled,2026-04-24
OI1000433,2026-04-24 10:06:00,C00950,P00603,S047,4,86592.47,0.2,346369.88,WALLET,cancelled,2026-04-24
OI1000434,2026-04-24 12:40:00,C00535,P00035,S060,3,49801.37,0.2,149404.11,WALLET,cancelled,2026-04-24
OI1000435,2026-04-24 07:30:00,C00264,P00195,S037,1,81560.2,0.05,81560.2,UPI,delivered,2026-04-24
OI1000436,2026-04-24 20:12:00,C02030,P00020,S049,4,55234.97,0.05,220939.88,COD,returned,2026-04-24
OI1000437,2026-04-24 00:50:00,C01923,P00413,S029,5,81415.77,0.0,407078.85,NETBANKING,returned,2026-04-24
OI1000438,2026-04-24 20:31:00,C00071,P00600,S074,5,41659.48,0.0,166637.92,NETBANKING,delivered,2026-04-24
OI1000439,2026-04-24 03:46:00,C01908,P00690,S054,4,10848.19,0.2,34714.21,UPI,returned,2026-04-24
OI1000440,2026-04-24 01:27:00,C02184,P00486,S003,3,85215.81,0.2,242865.06,WALLET,cancelled,2026-04-24
OI1000441,2026-04-24 06:54:00,C00193,P00463,S008,1,25685.87,0.1,23117.28,CARD,returned,2026-04-24
OI1000442,2026-04-24 12:12:00,C01021,P00667,S011,3,83084.21,0.2,224327.37,WALLET,cancelled,2026-04-24
OI1000443,2026-04-24 00:32:00,C00320,P00216,S074,6,38520.65,0.2,231123.9,COD,delivered,2026-04-24
OI1000444,2026-04-24 20:24:00,C02112,P00050,S019,6,75102.36,0.05,360491.33,WALLET,returned,2026-04-24
OI1000445,2026-04-24 23:30:00,C00476,P00138,S046,3,8583.97,0.2,NaN_TEXT,WALLET,returned,2026-04-24
OI1000446,2026-04-24 06:47:00,C00001,P00626,S014,6,41407.8,0.2,223602.12,COD,shipped,2026-04-24
OI1000447,2026-04-24 14:57:00,C01688,P00772,S012,6,21283.3,0.2,102159.84,COD,delivered,2026-04-24
OI1000448,2026-04-24 17:46:00,C02074,P00089,S062,2,54798.93,0.05,98638.07,COD,shipped,2026-04-24
OI1000449,2026-04-24 03:23:00,C01934,P00413,S046,5,81415.77,0.05,325663.08,COD,delivered,2026-04-24
OI1000450,2026-04-24 00:15:00,C02417,P00658,S049,2,unknown,0.05,bad_amount,CARD,shipped,2026-04-24
OI1000451,2026-04-24 11:03:00,C01492,P00485,S050,6,27946.35,0.2,159294.19,CARD,returned,2026-04-24
OI1000452,2026-04-24 16:45:00,C00257,P00019,S051,4,44202.95,0.05,141449.44,UPI,returned,2026-04-24
OI1000453,2026-04-24 09:21:00,C02284,P00773,S055,2,33311.4,0.05,53298.24,NETBANKING,shipped,2026-04-24
OI1000454,2026-04-24 22:13:00,C01567,P00675,S050,4,15278.52,0.2,55002.67,CARD,shipped,2026-04-24
OI1000455,2026-04-24 05:53:00,C01342,P00126,S068,6,59055.7,0.2,283467.36,NETBANKING,delivered,2026-04-24
OI1000456,2026-04-24 03:38:00,C00696,P00769,S037,3,3711.25,0.05,8907.0,UPI,cancelled,2026-04-24
OI1000457,2026-04-24 22:13:00,C01368,P00525,S031,6,84203.59,0.05,505221.54,WALLET,delivered,2026-04-24
OI1000458,2026-04-11 12:00:00,C01704,P00666,S047,6,36707.68,0.2,176196.86,UPI,shipped,2026-04-24
OI1000459,2026-04-24 14:10:00,C00150,P00786,S001,1,68208.61,0.0,68208.61,NETBANKING,cancelled,2026-04-24
OI1000460,2026-04-24 02:01:00,C00159,P00190,S067,5,41382.21,0.0,186219.95,NETBANKING,shipped,2026-04-24
OI1000461,2026-04-24 16:56:00,C01495,P00011,S008,4,26601.15,0.2,85123.68,COD,shipped,2026-04-24
OI1000462,2026-04-24 06:36:00,C00199,,S056,5,2911.66,0.0,13102.47,WALLET,delivered,2026-04-24
OI1000463,2026-04-24 12:07:00,C01403,P00328,S062,6,51321.57,0.2,277136.48,NETBANKING,shipped,2026-04-24
OI1000464,2026-04-24 14:55:00,C01693,P00661,S022,2,3537.34,0.2,6367.21,NETBANKING,delivered,2026-04-24
OI1000465,2026-04-24 16:29:00,C01173,P00393,S055,3,84892.48,0.0,229209.7,CARD,returned,2026-04-24
OI1000466,2026-04-24 09:00:00,C00415,P00226,S055,6,61015.98,0.1,366095.88,NETBANKING,shipped,2026-04-24
OI1000467,2026-04-24 16:40:00,C00622,P00298,S023,3,78345.78,0.0,188029.87,WALLET,returned,2026-04-24
OI1000468,2026-04-24 13:47:00,C01852,P00032,S016,3,30049.26,0.05,72118.22,COD,shipped,2026-04-24
OI1000469,2026-04-24 11:07:00,C00600,P00511,S004,2,73756.93,0.1,140138.17,CARD,shipped,2026-04-24
OI1000470,2026-04-24 12:10:00,C02185,P00479,S018,5,14454.91,0.2,57819.64,COD,cancelled,2026-04-24
OI1000471,2026-04-24 04:41:00,C00397,P00154,S044,4,60731.16,0.1,230778.41,CARD,shipped,2026-04-24
OI1000472,2026-04-24 07:22:00,C02361,P00300,S047,4,73390.3,0.1,293561.2,CARD,shipped,2026-04-24
OI1000473,2026-04-24 02:26:00,C02167,P00300,S045,2,73390.3,0.2,132102.54,COD,shipped,2026-04-24
OI1000474,2026-04-24 03:51:00,C01909,P00774,S066,2,65685.6,0.05,118234.08,UPI,delivered,2026-04-24
OI1000475,2026-04-24 15:56:00,C02276,P00161,S031,2,68133.99,0.2,122641.18,UPI,cancelled,2026-04-24
OI1000476,2026-04-24 08:40:00,C00741,P00024,S025,4,59644.64,0.1,238578.56,NETBANKING,delivered,2026-04-24
OI1000477,2026-04-24 20:04:00,C01414,P00010,S002,2,25422.83,0.1,40676.53,CARD,shipped,2026-04-24
OI1000478,2026-04-24 03:03:00,C00164,P00501,S025,1,25843.62,0.05,24551.44,CARD,shipped,2026-04-24
OI1000479,2026-04-24 13:53:00,C01796,P00664,S075,3,83397.91,0.05,250193.73,NETBANKING,cancelled,2026-04-24
OI1000480,2026-04-24 18:03:00,C01164,P00526,S020,2,24784.72,0.05,47090.97,COD,shipped,2026-04-24
OI1000481,2026-04-24 07:32:00,C00181,P00060,S033,1,28646.51,0.1,28646.51,NETBANKING,shipped,2026-04-24
OI1000482,2026-04-24 06:57:00,C01965,P00251,S003,6,16028.07,0.1,86551.58,NETBANKING,delivered,2026-04-24
OI1000483,2026-04-24 05:32:00,C02275,P00168,S056,2,unknown,0.05,bad_amount,WALLET,cancelled,2026-04-24
OI1000484,2026-04-24 23:16:00,C00912,P00442,S041,3,74693.65,0.05,212876.9,UPI,delivered,2026-04-24
OI1000485,2026-04-11 03:00:00,C01825,P00496,S044,3,35826.7,0.05,107480.1,UPI,delivered,2026-04-24
OI1000486,2026-04-05 13:00:00,C00215,P00126,S042,6,59055.7,0.0,336617.49,COD,cancelled,2026-04-24
OI1000487,2026-04-24 19:29:00,C02182,P00447,S027,6,55077.48,0.2,330464.88,WALLET,shipped,2026-04-24
OI1000488,2026-04-24 21:00:00,C00813,P00442,S040,5,74693.65,0.1,298774.6,CARD,delivered,2026-04-24
OI1000489,2026-04-24 13:58:00,C00686,P00637,S042,1,76462.55,0.1,76462.55,WALLET,shipped,2026-04-24
OI1000490,2026-04-24 22:10:00,C01352,P00286,S034,4,86705.09,0.05,312138.32,COD,delivered,2026-04-24
OI1000491,2026-04-24 13:33:00,C01639,P00406,S073,2,16017.01,0.05,25627.22,COD,delivered,2026-04-24
OI1000492,2026-04-24 15:32:00,C00680,P00545,S045,6,77517.8,0.1,372085.44,WALLET,delivered,2026-04-24
OI1000493,2026-04-24 21:33:00,C00106,P00607,S016,3,17947.36,0.1,43073.66,CARD,shipped,2026-04-24
OI1000494,2026-04-24 05:14:00,C01929,P00576,S006,6,80278.32,0.0,457586.42,UPI,delivered,2026-04-24
OI1000495,2026-04-24 04:20:00,C02477,P00722,S043,4,75564.96,0.2,302259.84,WALLET,delivered,2026-04-24
OI1000496,2026-04-22 00:00:00,C00156,P00259,S064,2,80755.21,0.0,161510.42,NETBANKING,delivered,2026-04-24
OI1000497,2026-04-24 07:09:00,C00886,P00004,S011,5,68176.44,0.2,323838.09,UPI,delivered,2026-04-24
OI1000498,2026-04-24 22:50:00,C00277,P00462,S050,6,84326.32,0.1,455362.13,WALLET,cancelled,2026-04-24
OI1000499,2026-04-24 04:58:00,C01227,P00737,S040,4,10895.35,0.0,43581.4,WALLET,cancelled,2026-04-24
OI1000500,2026-04-24 02:50:00,C02003,P00515,S072,1,1538.5,0.1,1538.5,WALLET,returned,2026-04-24
OI1000501,2026-04-24 10:40:00,C02037,P00689,S013,1,50562.19,0.2,45505.97,UPI,shipped,2026-04-24
OI1000502,2026-04-24 15:53:00,C01940,P00586,S008,6,1922.83,0.1,9229.58,UPI,delivered,2026-04-24
OI1000503,2026-04-24 00:27:00,C00238,P00427,S028,2,87547.32,0.1,157585.18,NETBANKING,returned,2026-04-24
OI1000504,2026-04-24 21:46:00,C00913,P00719,S011,3,37253.32,0.05,100583.96,NETBANKING,delivered,2026-04-24
OI1000505,2026-04-04 23:00:00,C01676,P00378,S060,3,3535.63,0.05,8485.51,WALLET,cancelled,2026-04-24
OI1000506,2026-04-24 05:36:00,C01478,P00499,S034,3,2275.21,0.0,6484.35,COD,shipped,2026-04-24
OI1000507,2026-04-24 09:39:00,C00617,P00493,S015,5,67003.91,0.1,301517.6,NETBANKING,shipped,2026-04-24
OI1000508,2026-04-24 02:32:00,C00842,P00121,S035,2,45170.92,0.2,81307.66,CARD,cancelled,2026-04-24
OI1000509,2026-04-24 03:37:00,C02117,P00099,S054,2,34760.41,0.1,66044.78,UPI,shipped,2026-04-24
OI1000510,2026-04-24 06:45:00,C01736,P00437,S030,6,78191.92,0.2,445693.94,CARD,returned,2026-04-24
OI1000511,2026-04-24 12:01:00,C01241,P00240,S024,5,38231.58,0.1,181600.01,WALLET,cancelled,2026-04-24
OI1000512,2026-04-24 18:05:00,C02327,P00376,S071,2,25959.56,0.1,51919.12,CARD,delivered,2026-04-24
OI1000513,2026-04-24 13:05:00,C00710,P00737,S069,4,10895.35,0.05,43581.4,UPI,delivered,2026-04-24
OI1000514,2026-04-24 08:49:00,C00035,P00047,S006,1,8657.38,0.05,7791.64,WALLET,shipped,2026-04-24
OI1000515,2026-04-24 13:23:00,C01549,P00306,S068,3,77109.64,0.0,231328.92,COD,cancelled,2026-04-24
OI1000516,2026-04-24 00:43:00,C01514,P00094,S058,4,75370.76,0.2,271334.74,COD,shipped,2026-04-24
OI1000517,2026-04-24 17:01:00,C00724,P00086,S011,4,80804.46,0.0,290896.06,UPI,shipped,2026-04-24
OI1000518,2026-04-05 10:00:00,C01328,P00187,S022,3,78380.74,0.2,211628.0,NETBANKING,cancelled,2026-04-24
OI1000519,2026-04-24 12:41:00,C00330,P00327,S033,4,19431.16,0.0,73838.41,UPI,returned,2026-04-24
OI1000520,2026-04-24 08:35:00,C00392,P00003,S040,6,30753.26,0.2,166067.6,UPI,delivered,2026-04-24
OI1000521,2026-04-24 10:12:00,C01792,P00149,S044,6,52945.24,0.1,254137.15,WALLET,returned,2026-04-24
OI1000522,2026-04-24 06:48:00,C01524,P00777,S010,5,72195.28,0.0,342927.58,WALLET,delivered,2026-04-24
OI1000523,2026-04-24 13:44:00,C00266,P00485,S069,2,27946.35,0.1,53098.06,CARD,shipped,2026-04-24
OI1000524,2026-04-09 04:00:00,C02056,P00390,S072,2,19279.15,0.05,38558.3,UPI,returned,2026-04-24
OI1000525,2026-04-24 21:13:00,C02375,P00339,S063,1,2566.61,0.2,2438.28,NETBANKING,shipped,2026-04-24
OI1000526,2026-04-24 20:29:00,C00784,P00409,S070,2,46246.98,0.0,92493.96,NETBANKING,shipped,2026-04-24
OI1000527,2026-04-24 16:17:00,C01889,P00149,S029,2,52945.24,0.1,105890.48,UPI,returned,2026-04-24
OI1000528,2026-04-24 03:29:00,C00929,P00414,S015,3,30260.29,0.2,90780.87,CARD,cancelled,2026-04-24
OI1000529,2026-04-24 16:11:00,C02047,P00670,S032,1,38746.57,0.0,38746.57,WALLET,cancelled,2026-04-24
OI1000530,2026-04-24 21:44:00,C02131,P00237,S070,4,18616.48,0.2,NaN_TEXT,COD,returned,2026-04-24
OI1000531,2026-04-24 19:22:00,C00368,P00610,S001,3,42014.11,0.2,126042.33,CARD,delivered,2026-04-24
OI1000532,2026-04-24 23:02:00,C00783,P00494,S058,1,7821.69,0.2,7039.52,COD,returned,2026-04-24
OI1000533,2026-04-24 03:26:00,C00095,P00782,S034,5,60281.01,0.05,301405.05,WALLET,cancelled,2026-04-24
OI1000534,2026-04-24 13:08:00,C00393,P00624,S064,6,89193.1,0.2,508400.67,WALLET,delivered,2026-04-24
OI1000535,2026-04-24 05:36:00,C02313,P00175,S061,2,58494.71,0.1,105290.48,COD,cancelled,2026-04-24
OI1000536,2026-04-24 18:38:00,C01312,P00438,S059,2,37810.18,0.2,68058.32,NETBANKING,returned,2026-04-24
OI1000537,2026-04-24 16:30:00,C00194,P00279,S062,1,33752.53,0.2,32064.9,CARD,delivered,2026-04-24
OI1000538,2026-04-24 16:28:00,C00306,P00797,S009,4,19573.06,0.1,78292.24,COD,cancelled,2026-04-24
OI1000539,2026-04-24 14:01:00,C01476,P00124,S021,5,34862.45,0.05,156881.02,NETBANKING,cancelled,2026-04-24
OI1000540,2026-04-24 23:45:00,C00078,P00145,S069,3,54447.66,0.0,163342.98,COD,cancelled,2026-04-24
OI1000541,2026-04-24 07:05:00,C01621,P00239,S063,2,78360.4,0.0,141048.72,CARD,delivered,2026-04-24
OI1000542,2026-04-24 22:48:00,C01346,P00212,S063,2,65425.73,0.05,117766.31,WALLET,returned,2026-04-24
OI1000543,2026-04-24 17:12:00,C01178,P00107,S046,4,53454.24,0.0,192435.26,CARD,returned,2026-04-24
OI1000544,2026-04-24 00:14:00,C00107,P00507,S036,2,13122.94,0.0,23621.29,UPI,delivered,2026-04-24
OI1000545,2026-04-08 03:00:00,C01149,P00183,S072,1,66956.49,0.0,60260.84,NETBANKING,delivered,2026-04-24
OI1000546,2026-04-24 13:30:00,C01590,P00744,S061,2,66393.75,0.05,132787.5,CARD,shipped,2026-04-24
OI1000547,2026-04-24 20:40:00,C02245,P00477,S016,6,79357.69,0.0,452338.83,UPI,cancelled,2026-04-24
OI1000548,2026-04-24 15:53:00,C01544,P00551,S036,1,37605.09,0.0,33844.58,NETBANKING,shipped,2026-04-24
OI1000549,2026-04-24 12:27:00,C02381,P00277,S046,5,75613.95,0.2,359166.26,WALLET,delivered,2026-04-24
OI1000550,2026-04-24 03:04:00,C00757,P00280,S053,4,77257.9,0.2,247225.28,UPI,delivered,2026-04-24
OI1000551,2026-04-24 09:09:00,C02466,P00685,S013,1,50206.6,0.2,47696.27,UPI,returned,2026-04-24
OI1000552,2026-04-24 05:08:00,C00395,P00459,S025,1,26892.08,0.2,25547.48,WALLET,cancelled,2026-04-24
OI1000553,2026-04-24 16:39:00,C02205,P00636,S058,4,21272.55,0.2,85090.2,CARD,returned,2026-04-24
OI1000554,2026-04-24 14:52:00,C01899,P00386,S011,5,84773.95,0.1,402676.26,UPI,shipped,2026-04-24
OI1000555,2026-04-24 05:56:00,C01274,P00745,S055,2,26606.4,0.0,50552.16,NETBANKING,delivered,2026-04-24
OI1000556,2026-04-24 06:40:00,C01840,P00636,S060,6,21272.55,0.1,114871.77,UPI,shipped,2026-04-24
OI1000557,2026-04-24 20:29:00,C00797,P00506,S009,2,67853.0,0.0,128920.7,COD,cancelled,2026-04-24
OI1000558,2026-04-24 11:34:00,C02236,P00288,S069,5,68471.77,0.0,325240.91,WALLET,cancelled,2026-04-24
OI1000559,2026-04-24 19:06:00,C00859,P00698,S053,5,75744.73,0.2,359787.47,UPI,cancelled,2026-04-24
OI1000560,2026-04-24 03:06:00,C02362,P00748,S048,1,33758.25,0.0,27006.6,UPI,delivered,2026-04-24
OI1000561,2026-04-24 11:35:00,C01323,P00320,S016,2,7007.48,0.1,14014.96,CARD,cancelled,2026-04-24
OI1000562,2026-04-24 13:44:00,C02096,P00740,S005,3,59184.15,0.2,177552.45,WALLET,returned,2026-04-24
OI1000563,2026-04-24 12:25:00,C02010,P00439,S026,6,35995.69,0.05,205175.43,WALLET,shipped,2026-04-24
OI1000564,2026-04-24 20:22:00,C01841,P00254,S060,3,66797.64,0.2,160314.34,NETBANKING,delivered,2026-04-24
OI1000565,2026-04-08 21:00:00,C02069,P00034,S054,6,26173.66,0.0,141337.76,NETBANKING,cancelled,2026-04-24
OI1000566,2026-04-24 17:27:00,C02095,P00389,S018,2,85324.61,0.0,153584.3,UPI,delivered,2026-04-24
OI1000567,2026-04-24 04:10:00,C00171,P00035,S035,6,49801.37,0.1,283867.81,NETBANKING,returned,2026-04-24
OI1000568,2026-04-24 15:43:00,C00712,P00793,S014,2,87278.29,0.0,165828.75,NETBANKING,returned,2026-04-24
OI1000569,2026-04-24 17:43:00,C02018,P00101,S018,3,19705.48,0.2,53204.8,WALLET,shipped,2026-04-24
OI1000570,2026-04-24 08:18:00,C01151,P00317,S048,2,26767.64,0.0,50858.52,UPI,delivered,2026-04-24
OI1000571,2026-04-24 21:36:00,C00825,P00755,S067,6,20738.03,0.0,124428.18,WALLET,delivered,2026-04-24
OI1000572,2026-04-24 14:34:00,C01748,P00593,S062,2,78473.17,0.05,141251.71,UPI,shipped,2026-04-24
OI1000573,2026-04-24 13:29:00,C00032,P00761,S016,5,13372.17,0.05,53488.68,COD,cancelled,2026-04-24
OI1000574,2026-04-24 01:29:00,C01401,P00050,S024,3,75102.36,0.05,202776.37,NETBANKING,shipped,2026-04-24
OI1000575,2026-04-24 06:44:00,C02492,P00657,S004,5,12030.66,0.0,60153.3,CARD,shipped,2026-04-24
OI1000576,2026-04-24 11:19:00,C02169,P00723,S049,4,39476.59,0.2,126325.09,WALLET,shipped,2026-04-24
OI1000577,2026-04-24 04:19:00,C01047,P00368,S041,3,46678.84,0.2,112029.22,WALLET,cancelled,2026-04-24
OI1000578,2026-04-24 04:21:00,C01780,P00783,S074,2,21905.04,0.0,43810.08,WALLET,shipped,2026-04-24
OI1000579,2026-04-24 21:15:00,C02371,P00186,S011,2,52875.22,0.2,105750.44,COD,shipped,2026-04-24
OI1000580,2026-04-24 06:39:00,C01723,P00288,S064,4,68471.77,0.2,260192.73,UPI,returned,2026-04-24
OI1000581,2026-04-24 13:50:00,C00545,P00500,S001,6,89625.7,0.2,510866.49,NETBANKING,cancelled,2026-04-24
OI1000582,2026-04-24 04:45:00,C01126,P00582,S020,6,63334.8,0.05,304007.04,NETBANKING,cancelled,2026-04-24
OI1000583,2026-04-24 22:06:00,C01780,P00037,S056,1,27187.86,0.05,24469.07,NETBANKING,returned,2026-04-24
OI1000584,2026-04-24 10:49:00,C01265,P00161,S023,5,68133.99,0.0,323636.45,COD,cancelled,2026-04-24
OI1000585,2026-04-24 17:21:00,C01260,P00514,S055,1,68041.59,0.1,54433.27,COD,delivered,2026-04-24
OI1000586,2026-04-24 13:00:00,C00548,P00513,S032,2,72010.17,0.0,136819.32,CARD,shipped,2026-04-24
OI1000587,2026-04-24 22:18:00,C00131,P00201,S066,3,44375.05,0.1,126468.89,NETBANKING,cancelled,2026-04-24
OI1000588,2026-04-24 05:19:00,C01099,P00411,S047,3,3717.78,0.05,10038.01,UPI,returned,2026-04-24
OI1000589,2026-04-24 20:06:00,C00539,P00062,S032,6,29846.68,0.0,179080.08,NETBANKING,returned,2026-04-24
OI1000590,2026-04-24 08:17:00,C00699,P00048,S032,1,7623.28,0.0,6098.62,UPI,cancelled,2026-04-24
OI1000591,2026-04-24 20:37:00,C01588,P00632,S064,3,62788.56,0.05,178947.4,WALLET,returned,2026-04-24
OI1000592,2026-04-24 20:15:00,C02367,P00188,S014,6,60213.53,0.0,289024.94,NETBANKING,delivered,2026-04-24
OI1000593,2026-04-24 22:08:00,C02227,P00242,S055,3,78088.55,0.1,222552.37,UPI,shipped,2026-04-24
OI1000594,2026-04-24 20:50:00,C00357,P00433,S032,5,62850.99,0.0,314254.95,UPI,returned,2026-04-24
OI1000595,2026-04-24 06:34:00,C00922,P00133,S038,3,3662.81,0.0,9889.59,WALLET,returned,2026-04-24
OI1000596,2026-04-24 16:17:00,C01352,P00128,S042,4,38067.34,0.0,144655.89,UPI,shipped,2026-04-24
OI1000597,2026-04-24 17:01:00,C00093,P00129,S049,2,54358.95,0.1,86974.32,NETBANKING,cancelled,2026-04-24
OI1000598,2026-04-19 06:00:00,C00241,P00020,S021,4,55234.97,0.1,209892.89,NETBANKING,shipped,2026-04-24
OI1000599,2026-04-24 03:19:00,C01102,P00714,S004,6,78202.6,0.2,469215.6,COD,delivered,2026-04-24
OI1000600,2026-04-24 00:04:00,C00801,P00307,S058,4,9188.73,0.05,29403.94,CARD,returned,2026-04-24
OI1000601,2026-04-24 16:42:00,C01965,P00145,S051,2,54447.66,0.05,87116.26,CARD,delivered,2026-04-24
OI1000602,2026-04-24 06:24:00,C01439,P00112,S008,3,87331.64,0.1,261994.92,COD,delivered,2026-04-24
OI1000603,2026-04-24 00:50:00,C01230,P00575,S055,3,22217.67,0.2,63320.36,COD,delivered,2026-04-24
OI1000604,2026-04-24 16:05:00,C01563,P00088,S070,5,65627.82,0.0,328139.1,NETBANKING,returned,2026-04-24
OI1000605,2026-04-24 02:02:00,C01491,P00599,S032,2,42258.49,0.1,80291.13,NETBANKING,shipped,2026-04-24
OI1000606,2026-04-24 10:17:00,C01334,P00796,S056,1,54612.57,0.1,49151.31,NETBANKING,delivered,2026-04-24
OI1000607,2026-04-24 08:28:00,C01873,P00706,S060,5,19053.8,0.2,76215.2,COD,shipped,2026-04-24
OI1000608,2026-04-24 14:11:00,C02026,P00590,S024,2,62602.53,0.2,118944.81,NETBANKING,cancelled,2026-04-24
OI1000609,2026-04-24 14:19:00,C01980,P00775,S014,1,21695.86,0.05,17356.69,NETBANKING,delivered,2026-04-24
OI1000610,2026-04-24 18:07:00,C01377,P00296,S071,1,64201.56,0.1,57781.4,CARD,delivered,2026-04-24
OI1000611,2026-04-24 06:04:00,C02153,P00180,S004,4,53530.98,0.2,171299.14,CARD,cancelled,2026-04-24
OI1000612,2026-04-24 01:01:00,C00383,P00483,S021,5,67274.79,0.2,336373.95,WALLET,shipped,2026-04-24
OI1000613,2026-04-24 20:28:00,C01967,P00172,S019,3,6407.28,0.2,17299.66,NETBANKING,shipped,2026-04-24
OI1000614,2026-04-24 03:31:00,C01415,P00037,S057,4,27187.86,0.05,97876.3,COD,cancelled,2026-04-24
OI1000615,2026-04-24 01:23:00,C00920,P00636,S046,4,21272.55,0.0,85090.2,COD,cancelled,2026-04-24
OI1000616,2026-04-24 01:48:00,C00372,P00645,S003,3,unknown,0.2,bad_amount,UPI,delivered,2026-04-24
OI1000617,2026-04-24 01:36:00,C00735,P00800,S011,3,1039.62,0.1,2962.92,UPI,returned,2026-04-24
OI1000618,2026-04-24 15:26:00,C02128,P00490,S074,5,8823.16,0.1,35292.64,CARD,returned,2026-04-24
OI1000619,2026-04-24 01:10:00,C01215,P00393,S071,3,84892.48,0.2,203741.95,COD,cancelled,2026-04-24
OI1000620,2026-04-24 19:50:00,C00191,P00382,S039,6,43163.29,0.2,233081.77,UPI,returned,2026-04-24
OI1000621,2026-04-24 20:50:00,C00712,P00119,S002,3,53756.74,0.05,161270.22,WALLET,returned,2026-04-24
OI1000622,2026-04-24 22:17:00,C00248,P00627,S069,3,56866.69,0.1,162070.07,UPI,shipped,2026-04-24
OI1000623,2026-04-24 08:59:00,C01615,P00069,S075,4,42833.72,0.1,171334.88,CARD,cancelled,2026-04-24
OI1000624,2026-04-24 07:47:00,C02244,P00495,S060,6,63282.68,0.05,379696.08,UPI,delivered,2026-04-24
OI1000625,2026-04-24 14:28:00,C00074,P00198,S052,5,7578.09,0.1,34101.4,COD,delivered,2026-04-24
OI1000626,2026-04-24 04:29:00,C00744,P00563,S056,2,22984.94,0.0,41372.89,COD,cancelled,2026-04-24
OI1000627,2026-04-24 01:21:00,C01873,P00061,S070,2,28120.7,0.2,50617.26,NETBANKING,shipped,2026-04-24
OI1000628,2026-04-24 18:16:00,C00197,P00521,S026,6,86652.12,0.1,493917.08,UPI,shipped,2026-04-24
OI1000629,2026-04-24 12:37:00,C01318,P00567,S032,3,28237.73,0.2,80477.53,CARD,delivered,2026-04-24
OI1000630,2026-04-24 12:30:00,C00407,P00241,S066,5,12427.11,0.2,59028.77,COD,returned,2026-04-24
OI1000631,2026-04-24 01:30:00,C00006,P00542,S020,4,79244.19,0.2,301127.92,NETBANKING,shipped,2026-04-24
OI1000632,2026-04-24 17:19:00,C00964,P00280,S040,2,77257.9,0.1,123612.64,CARD,shipped,2026-04-24
OI1000633,2026-04-05 08:00:00,C01133,P00304,S070,4,24954.79,0.05,79855.33,WALLET,returned,2026-04-24
OI1000634,2026-04-24 08:47:00,C01265,P00707,S066,5,12328.05,0.2,58558.24,NETBANKING,delivered,2026-04-24
OI1000635,2026-04-24 14:36:00,C00605,P00158,S061,6,89292.41,0.0,508966.74,UPI,cancelled,2026-04-24
OI1000636,2026-04-24 07:08:00,C01267,P00775,S070,4,21695.86,0.0,69426.75,UPI,shipped,2026-04-24
OI1000637,2026-04-24 12:13:00,C01797,P00054,S032,4,17827.3,0.05,67743.74,CARD,cancelled,2026-04-24
OI1000638,2026-04-24 03:43:00,C01427,P00576,S006,1,80278.32,0.2,76264.4,COD,shipped,2026-04-24
OI1000639,2026-04-24 11:37:00,C02313,P00716,S020,2,16985.02,0.1,27176.03,UPI,shipped,2026-04-24
OI1000640,2026-04-24 04:29:00,C00302,P00415,S031,3,64743.01,0.05,184517.58,WALLET,cancelled,2026-04-24
OI1000641,2026-04-24 00:12:00,C02421,P00345,S042,1,60209.96,0.2,54188.96,CARD,returned,2026-04-24
OI1000642,2026-04-24 10:55:00,C01387,P00766,S049,3,28210.93,0.0,84632.79,CARD,delivered,2026-04-24
OI1000643,2026-04-24 10:21:00,C00878,P00478,S055,5,82374.84,0.0,370686.78,NETBANKING,delivered,2026-04-24
OI1000644,2026-04-24 09:07:00,C00151,P00375,S013,3,2355.85,0.05,6360.79,WALLET,delivered,2026-04-24
OI1000645,2026-04-24 20:26:00,C00226,P00164,S006,6,55729.33,0.0,334375.98,UPI,returned,2026-04-24
OI1000646,2026-04-24 03:33:00,C01099,P00581,S068,4,1942.77,0.1,6993.97,UPI,shipped,2026-04-24
OI1000647,2026-04-24 22:47:00,C00814,P00682,S069,5,13191.5,0.05,62659.62,CARD,returned,2026-04-24
OI1000648,2026-04-24 03:32:00,C01782,P00280,S037,2,77257.9,0.05,154515.8,CARD,cancelled,2026-04-24
OI1000649,2026-04-24 21:11:00,C00808,P00397,S072,4,unknown,0.2,bad_amount,WALLET,delivered,2026-04-24
OI1000650,2026-04-24 01:09:00,C00445,P00002,S046,5,unknown,0.05,bad_amount,WALLET,returned,2026-04-24
OI1000651,2026-04-24 01:44:00,C01721,P00104,S038,4,32350.86,0.1,122933.27,UPI,shipped,2026-04-24
OI1000652,2026-04-24 19:52:00,C02095,P00424,S012,2,42885.89,0.2,85771.78,COD,delivered,2026-04-24
OI1000653,2026-04-24 04:53:00,C02467,P00585,S041,3,64199.22,0.0,182967.78,UPI,cancelled,2026-04-24
OI1000654,2026-04-24 09:16:00,C02205,P00318,S058,6,37156.14,0.1,200643.16,CARD,cancelled,2026-04-24
OI1000655,2026-04-04 05:00:00,C01536,P00799,S075,6,89228.66,0.0,428297.57,NETBANKING,cancelled,2026-04-24
OI1000656,2026-04-24 03:30:00,C00073,,S034,6,66621.3,0.1,319782.24,COD,shipped,2026-04-24
OI1000657,2026-04-24 19:33:00,C00858,P00075,S029,6,58716.12,0.1,317067.05,NETBANKING,delivered,2026-04-24
OI1000658,2026-04-24 01:29:00,C00468,P00086,S042,2,80804.46,0.1,145448.03,CARD,cancelled,2026-04-24
OI1000659,2026-04-24 03:49:00,C02104,P00110,S035,6,85862.06,0.2,463655.12,COD,shipped,2026-04-24
OI1000660,2026-04-24 08:09:00,C01532,P00252,S025,1,62580.71,0.05,56322.64,NETBANKING,shipped,2026-04-24
OI1000661,2026-04-24 13:59:00,C02036,P00627,S007,2,56866.69,0.1,108046.71,CARD,delivered,2026-04-24
OI1000662,2026-04-24 07:38:00,C00780,P00462,S011,1,84326.32,0.05,80110.0,WALLET,cancelled,2026-04-24
OI1000663,2026-04-24 11:26:00,C01048,P00173,S070,4,69911.56,0.0,279646.24,CARD,shipped,2026-04-24
OI1000664,2026-04-24 08:44:00,C01637,P00036,S029,4,9298.66,0.05,35334.91,COD,cancelled,2026-04-24
OI1000665,2026-04-24 05:26:00,C00814,P00080,S010,1,35894.6,0.0,32305.14,CARD,shipped,2026-04-24
OI1000666,2026-04-24 00:48:00,C00788,P00164,S040,1,55729.33,0.2,44583.46,WALLET,delivered,2026-04-24
OI1000667,2026-04-24 23:17:00,C01527,P00346,S010,6,21611.47,0.2,103735.06,WALLET,returned,2026-04-24
OI1000668,2026-04-19 12:00:00,C00332,P00675,S035,1,15278.52,0.1,NaN_TEXT,UPI,delivered,2026-04-24
OI1000669,2026-04-24 15:13:00,C00575,P00739,S013,6,67197.88,0.05,322549.82,UPI,shipped,2026-04-24
OI1000670,2026-04-24 19:14:00,C02114,P00206,S023,6,17488.11,0.0,104928.66,UPI,delivered,2026-04-24
OI1000671,2026-04-24 20:51:00,C00293,P00641,S007,4,3019.0,0.0,11472.2,NETBANKING,cancelled,2026-04-24
OI1000672,2026-04-04 10:00:00,C00530,P00495,S027,1,63282.68,0.2,60118.55,NETBANKING,delivered,2026-04-24
OI1000673,2026-04-24 01:16:00,C00079,P00702,S030,6,48813.44,0.05,278236.61,NETBANKING,returned,2026-04-24
OI1000674,2026-04-24 06:52:00,C01654,P00021,S033,1,85893.82,0.2,85893.82,WALLET,cancelled,2026-04-24
OI1000675,2026-04-06 20:00:00,C01648,P00489,S066,5,83719.94,0.2,418599.7,CARD,delivered,2026-04-24
OI1000676,2026-04-24 15:40:00,C01770,P00306,S055,4,77109.64,0.2,277594.7,UPI,cancelled,2026-04-24
OI1000677,2026-04-24 12:28:00,C00128,P00405,S069,1,87329.08,0.2,87329.08,CARD,shipped,2026-04-24
OI1000678,2026-04-24 16:34:00,C01791,P00503,S067,1,15722.73,0.0,14150.46,NETBANKING,cancelled,2026-04-24
OI1000679,2026-04-24 03:48:00,C00513,P00614,S042,1,31775.22,0.2,28597.7,UPI,cancelled,2026-04-24
OI1000680,2026-04-24 08:45:00,C02454,P00064,S012,1,25634.15,0.1,24352.44,COD,returned,2026-04-24
OI1000681,2026-04-24 06:59:00,C01427,P00691,S010,6,26467.14,0.2,142922.56,CARD,returned,2026-04-24
OI1000682,2026-04-24 21:09:00,C02035,P00148,S060,2,63834.05,0.05,121284.7,UPI,returned,2026-04-24
OI1000683,2026-04-24 17:36:00,C01845,P00712,S053,6,86349.23,0.1,414476.3,COD,returned,2026-04-24
OI1000684,2026-04-24 10:39:00,C02303,P00473,S005,5,3872.45,0.0,19362.25,CARD,shipped,2026-04-24
OI1000685,2026-04-24 03:46:00,C00236,P00184,S036,4,57337.67,0.2,229350.68,CARD,delivered,2026-04-24
OI1000686,2026-04-24 06:36:00,C02314,P00553,S025,5,29491.73,0.2,132712.79,WALLET,returned,2026-04-24
OI1000687,2026-04-24 18:26:00,C01302,P00012,S032,4,23734.04,0.1,94936.16,UPI,shipped,2026-04-24
OI1000688,2026-04-24 11:20:00,C01922,P00426,S024,4,7233.88,0.0,28935.52,NETBANKING,cancelled,2026-04-24
OI1000689,2026-04-24 12:54:00,C01761,P00649,S046,2,58841.77,0.1,117683.54,CARD,delivered,2026-04-24
OI1000690,2026-04-24 15:39:00,C01551,P00354,S053,2,17006.45,0.0,32312.26,WALLET,returned,2026-04-24
OI1000691,2026-04-24 22:41:00,C00458,P00427,S030,1,87547.32,0.05,83169.95,CARD,delivered,2026-04-24
OI1000692,2026-04-24 07:27:00,C01117,P00736,S031,1,33429.26,0.05,33429.26,COD,returned,2026-04-24
OI1000693,2026-04-24 03:06:00,C00534,P00558,S026,3,37085.61,0.1,100131.15,UPI,shipped,2026-04-24
OI1000694,2026-04-24 16:49:00,C01976,P00640,S022,4,84098.93,0.0,302756.15,UPI,returned,2026-04-24
OI1000695,2026-04-24 17:06:00,C02075,P00338,S059,4,unknown,0.05,bad_amount,NETBANKING,delivered,2026-04-24
OI1000696,2026-04-24 09:41:00,C01397,P00232,S049,5,38830.73,0.1,184445.97,NETBANKING,returned,2026-04-24
OI1000697,2026-04-24 05:32:00,C01352,P00260,S047,3,41841.84,0.1,100420.42,NETBANKING,returned,2026-04-24
OI1000698,2026-04-24 20:22:00,C01791,P00404,S014,5,52788.89,0.1,250747.23,UPI,cancelled,2026-04-24
OI1000699,2026-04-24 09:34:00,C00283,P00004,S041,6,68176.44,0.1,388605.71,COD,delivered,2026-04-24
OI1000700,2026-04-24 07:02:00,C00949,P00747,S014,2,61937.51,0.2,117681.27,UPI,delivered,2026-04-24
OI1000701,2026-04-24 11:59:00,C02195,P00735,S055,6,9307.16,0.0,55842.96,CARD,shipped,2026-04-24
OI1000702,2026-04-24 03:44:00,C02188,P00516,S004,3,6106.6,0.0,17403.81,UPI,cancelled,2026-04-24
OI1000703,2026-04-24 10:16:00,C00388,P00680,S059,3,70711.89,0.0,169708.54,COD,returned,2026-04-24
OI1000704,2026-04-24 08:09:00,C00209,P00682,S072,3,13191.5,0.0,31659.6,UPI,delivered,2026-04-24
OI1000705,2026-04-24 22:39:00,C01687,P00171,S036,4,698.95,0.0,2516.22,CARD,returned,2026-04-24
OI1000706,2026-04-24 19:46:00,C01534,P00033,S039,4,32639.83,0.2,124031.35,UPI,cancelled,2026-04-24
OI1000707,2026-04-24 02:02:00,C02026,P00779,S057,2,44900.37,0.2,71840.59,CARD,returned,2026-04-24
OI1000708,2026-04-24 21:14:00,C02345,P00396,S075,1,60882.95,0.2,57838.8,WALLET,returned,2026-04-24
OI1000709,2026-04-24 05:18:00,C01364,P00645,S013,2,unknown,0.1,bad_amount,UPI,returned,2026-04-24
OI1000710,2026-04-24 15:08:00,C00315,P00795,S066,4,8177.98,0.1,32711.92,NETBANKING,delivered,2026-04-24
OI1000711,2026-04-24 11:31:00,C01144,P00323,S001,2,41464.68,0.0,66343.49,NETBANKING,shipped,2026-04-24
OI1000712,2026-04-24 13:33:00,C01488,P00678,S051,6,85826.41,0.0,411966.77,CARD,shipped,2026-04-24
OI1000713,2026-04-24 18:17:00,C00318,P00483,S036,1,67274.79,0.1,63911.05,WALLET,returned,2026-04-24
OI1000714,2026-04-24 13:02:00,C01919,P00660,S006,5,46189.57,0.1,219400.46,CARD,delivered,2026-04-24
OI1000715,2026-04-24 09:05:00,C01180,P00393,S070,1,84892.48,0.2,84892.48,CARD,returned,2026-04-24
OI1000716,2026-04-24 20:56:00,C00175,P00798,S057,1,76944.83,0.2,76944.83,NETBANKING,shipped,2026-04-24
OI1000717,2026-04-24 06:03:00,C01260,P00071,S056,1,45073.73,0.0,40566.36,COD,cancelled,2026-04-24
OI1000718,2026-04-24 12:58:00,C00402,P00152,S049,4,23071.88,0.0,NaN_TEXT,UPI,delivered,2026-04-24
OI1000719,2026-04-24 17:32:00,C01767,P00679,S066,2,30430.68,0.1,48689.09,NETBANKING,returned,2026-04-24
OI1000720,2026-04-24 07:57:00,C00104,P00440,S011,6,19592.08,0.05,117552.48,CARD,shipped,2026-04-24
OI1000721,2026-04-24 16:48:00,C00963,P00626,S061,2,41407.8,0.1,82815.6,NETBANKING,delivered,2026-04-24
OI1000722,2026-04-24 12:01:00,C00732,P00114,S029,2,unknown,0.2,bad_amount,CARD,delivered,2026-04-24
OI1000723,2026-04-24 06:36:00,C02395,P00765,S034,3,39553.0,0.0,106793.1,CARD,shipped,2026-04-24
OI1000724,2026-04-24 08:33:00,C00691,P00460,S044,2,58675.02,0.2,117350.04,NETBANKING,delivered,2026-04-24
OI1000725,2026-04-24 21:18:00,C01880,P00654,S055,1,52923.36,0.0,42338.69,COD,shipped,2026-04-24
OI1000726,2026-04-24 04:40:00,C02201,P00605,S067,5,54013.86,0.1,270069.3,UPI,cancelled,2026-04-24
OI1000727,2026-04-24 20:28:00,C00651,P00256,S070,4,2640.76,0.1,10563.04,WALLET,shipped,2026-04-24
OI1000728,2026-04-24 15:57:00,C01332,P00616,S039,5,19744.95,0.2,78979.8,WALLET,cancelled,2026-04-24
OI1000729,2026-04-24 05:26:00,C00121,P00536,S014,3,36167.32,0.2,108501.96,WALLET,returned,2026-04-24
OI1000730,2026-04-24 18:41:00,C01146,P00795,S044,4,8177.98,0.1,26169.54,CARD,cancelled,2026-04-24
OI1000731,2026-04-24 15:42:00,C01807,P00351,S022,1,50547.87,0.05,48020.48,NETBANKING,shipped,2026-04-24
OI1000732,2026-04-24 09:49:00,C00223,P00317,S036,5,26767.64,0.0,127146.29,WALLET,cancelled,2026-04-24
OI1000733,2026-04-24 06:39:00,C00978,P00407,S046,6,17806.09,0.2,106836.54,WALLET,shipped,2026-04-24
OI1000734,2026-04-24 10:43:00,C00585,P00201,S058,6,44375.05,0.2,239625.27,CARD,shipped,2026-04-24
OI1000735,2026-04-03 02:00:00,C01758,P00355,S041,6,45826.4,0.0,261210.48,UPI,cancelled,2026-04-24
OI1000736,2026-04-24 07:41:00,C00499,P00619,S034,6,59995.5,0.0,359973.0,COD,shipped,2026-04-24
OI1000737,2026-04-24 17:42:00,C00597,P00334,S032,5,16032.79,0.0,64131.16,UPI,delivered,2026-04-24
OI1000738,2026-04-24 15:17:00,C00501,P00784,S047,6,19311.58,0.2,110076.01,NETBANKING,cancelled,2026-04-24
OI1000739,2026-04-24 07:02:00,C02201,P00758,S044,4,79607.14,0.1,254742.85,WALLET,shipped,2026-04-24
OI1000740,2026-04-24 06:57:00,C00618,P00137,S063,5,47851.67,0.05,191406.68,NETBANKING,cancelled,2026-04-24
OI1000741,2026-04-24 23:42:00,C01863,P00104,S057,6,32350.86,0.2,184399.9,NETBANKING,cancelled,2026-04-24
OI1000742,2026-04-24 00:43:00,C01059,P00657,S010,6,12030.66,0.1,68574.76,UPI,shipped,2026-04-24
OI1000743,2026-04-16 11:00:00,C01506,P00751,S027,1,47815.45,0.05,47815.45,NETBANKING,cancelled,2026-04-24
OI1000744,2026-04-24 15:54:00,C02458,P00685,S013,3,50206.6,0.2,135557.82,WALLET,cancelled,2026-04-24
OI1000745,2026-04-24 10:46:00,C00951,P00440,S034,1,19592.08,0.05,18612.48,CARD,delivered,2026-04-24
OI1000746,2026-04-24 15:44:00,C01354,P00782,S048,2,60281.01,0.1,96449.62,NETBANKING,returned,2026-04-24
OI1000747,2026-04-24 08:35:00,C00874,P00563,S040,4,22984.94,0.1,91939.76,UPI,cancelled,2026-04-24
OI1000748,2026-04-24 21:21:00,C01564,P00206,S058,4,17488.11,0.2,66454.82,NETBANKING,returned,2026-04-24
OI1000749,2026-04-24 21:12:00,C02435,P00600,S042,6,41659.48,0.05,224961.19,UPI,returned,2026-04-24
OI1000750,2026-04-24 19:09:00,C01401,P00028,S062,4,37057.72,0.05,148230.88,CARD,shipped,2026-04-24
OI1000751,2026-04-14 16:00:00,C01512,P00073,S014,1,79505.04,0.05,79505.04,UPI,delivered,2026-04-24
OI1000752,2026-04-24 13:19:00,C01860,P00257,S064,2,66166.78,0.0,119100.2,COD,delivered,2026-04-24
OI1000753,2026-04-07 16:00:00,C01424,P00348,S037,1,58959.99,0.2,53063.99,WALLET,cancelled,2026-04-24
OI1000754,2026-04-24 04:56:00,C00310,P00658,S004,6,unknown,0.0,bad_amount,NETBANKING,delivered,2026-04-24
OI1000755,2026-04-18 20:00:00,C01150,P00321,S011,2,11658.52,0.05,22151.19,NETBANKING,delivered,2026-04-24
OI1000756,2026-04-24 02:43:00,C01881,P00444,S053,3,6096.19,0.1,17374.14,UPI,delivered,2026-04-24
OI1000757,2026-04-24 23:50:00,C01306,P00002,S004,3,unknown,0.1,bad_amount,NETBANKING,returned,2026-04-24
OI1000758,2026-04-10 18:00:00,C01751,P00006,S006,3,10740.11,0.05,25776.26,NETBANKING,returned,2026-04-24
OI1000759,2026-04-24 07:01:00,C00836,P00644,S054,2,74191.25,0.1,140963.38,CARD,cancelled,2026-04-24
OI1000760,2026-04-24 18:23:00,C02271,P00171,S030,5,698.95,0.1,3320.01,WALLET,delivered,2026-04-24
OI1000761,2026-04-03 17:00:00,C01196,P00175,S037,3,58494.71,0.2,166709.92,NETBANKING,cancelled,2026-04-24
OI1000762,2026-04-24 01:13:00,C00805,P00379,S053,3,50679.03,0.05,144435.24,UPI,cancelled,2026-04-24
OI1000763,2026-04-24 00:52:00,C01256,,S041,1,22620.31,0.0,21489.29,NETBANKING,cancelled,2026-04-24
OI1000764,2026-04-13 15:00:00,C01159,P00278,S041,5,50694.44,0.2,240798.59,UPI,returned,2026-04-24
OI1000765,2026-04-12 06:00:00,C00254,P00606,S051,2,34480.9,0.2,62065.62,WALLET,shipped,2026-04-24
OI1000766,2026-04-24 09:55:00,C00790,P00713,S046,3,9697.27,0.1,23273.45,WALLET,returned,2026-04-24
OI1000767,2026-04-24 11:01:00,C01163,P00789,S020,2,46207.17,0.1,73931.47,WALLET,cancelled,2026-04-24
OI1000768,2026-04-24 11:42:00,C01545,P00586,S043,5,1922.83,0.0,8652.74,CARD,cancelled,2026-04-24
OI1000769,2026-04-24 12:26:00,C02032,P00510,S030,1,44067.06,0.05,44067.06,NETBANKING,returned,2026-04-24
OI1000770,2026-04-24 13:29:00,C01357,P00148,S034,3,63834.05,0.05,181927.04,CARD,cancelled,2026-04-24
OI1000771,2026-04-24 14:30:00,C01792,P00254,S067,3,66797.64,0.2,160314.34,COD,shipped,2026-04-24
OI1000772,2026-04-24 02:37:00,C00290,P00071,S032,6,45073.73,0.1,243398.14,WALLET,shipped,2026-04-24
OI1000773,2026-04-24 12:57:00,C00311,P00622,S053,4,27317.69,0.0,109270.76,COD,returned,2026-04-24
OI1000774,2026-04-24 03:39:00,C00420,P00626,S007,4,41407.8,0.2,149068.08,WALLET,delivered,2026-04-24
OI1000775,2026-04-24 11:33:00,C01365,P00633,S069,1,26973.68,0.1,25625.0,CARD,delivered,2026-04-24
OI1000776,2026-04-24 12:06:00,C02332,P00470,S019,6,44361.62,0.0,212935.78,COD,returned,2026-04-24
OI1000777,2026-04-24 14:21:00,C00004,P00793,S072,6,87278.29,0.1,523669.74,WALLET,returned,2026-04-24
OI1000778,2026-04-24 21:32:00,C02100,P00478,S045,5,82374.84,0.05,411874.2,WALLET,returned,2026-04-24
OI1000779,2026-04-24 07:30:00,C02451,P00128,S011,3,38067.34,0.2,91361.62,CARD,cancelled,2026-04-24
OI1000780,2026-04-24 09:23:00,C00053,P00256,S051,3,2640.76,0.05,6337.82,NETBANKING,delivered,2026-04-24
OI1000781,2026-04-24 23:44:00,C01438,P00221,S047,6,12154.88,0.05,58343.42,UPI,returned,2026-04-24
OI1000782,2026-04-24 17:17:00,C02383,P00103,S014,3,33555.66,0.0,80533.58,NETBANKING,shipped,2026-04-24
OI1000783,2026-04-24 15:50:00,C00647,P00345,S025,3,60209.96,0.2,171598.39,CARD,cancelled,2026-04-24
OI1000784,2026-04-24 03:33:00,C01572,P00074,S045,1,50478.89,0.2,40383.11,WALLET,returned,2026-04-24
OI1000785,2026-04-21 12:00:00,C01138,P00742,S020,5,84124.16,0.0,420620.8,WALLET,shipped,2026-04-24
OI1000786,2026-04-24 01:59:00,C01973,P00034,S043,4,26173.66,0.0,104694.64,UPI,cancelled,2026-04-24
OI1000787,2026-04-24 05:25:00,C00951,P00239,S017,5,78360.4,0.2,372211.9,UPI,delivered,2026-04-24
OI1000788,2026-04-24 17:29:00,C01983,P00068,S036,5,70520.17,0.2,352600.85,CARD,returned,2026-04-24
OI1000789,2026-04-24 07:10:00,C02166,P00629,S036,3,84599.41,0.05,253798.23,CARD,cancelled,2026-04-24
OI1000790,2026-04-24 14:50:00,C00011,P00143,S039,6,51414.89,0.05,293064.87,UPI,returned,2026-04-24
OI1000791,2026-04-24 12:25:00,C01131,P00660,S014,3,46189.57,0.05,124711.84,COD,cancelled,2026-04-24
OI1000792,2026-04-24 20:38:00,C01128,P00753,S052,2,25183.45,0.05,40293.52,COD,returned,2026-04-24
OI1000793,2026-04-24 06:38:00,C00717,P00467,S060,3,3621.18,0.2,8690.83,COD,shipped,2026-04-24
OI1000794,2026-04-24 14:33:00,C02409,P00127,S045,3,51755.42,0.1,155266.26,WALLET,returned,2026-04-24
OI1000795,2026-04-24 01:09:00,C02349,P00192,S060,1,49831.34,0.1,47339.77,WALLET,returned,2026-04-24
OI1000796,2026-04-24 02:08:00,C00810,P00460,S002,5,58675.02,0.0,264037.59,CARD,returned,2026-04-24
OI1000797,2026-04-24 06:23:00,C00166,P00393,S040,3,84892.48,0.1,254677.44,UPI,shipped,2026-04-24
OI1000798,2026-04-24 15:32:00,C01156,P00034,S060,4,26173.66,0.1,104694.64,CARD,shipped,2026-04-24
OI1000799,2026-04-24 17:26:00,C02417,P00583,S011,3,unknown,0.0,bad_amount,CARD,delivered,2026-04-24
OI1000800,2026-04-20 19:00:00,C01935,P00381,S044,1,40514.44,0.1,36463.0,CARD,cancelled,2026-04-24
OI1000801,2026-04-24 07:03:00,C00252,P00399,S003,6,52543.69,0.1,299499.03,NETBANKING,returned,2026-04-24
OI1000802,2026-04-24 11:49:00,C00736,P00537,S001,4,7847.07,0.2,28249.45,NETBANKING,delivered,2026-04-24
OI1000803,2026-04-24 10:23:00,C00483,P00585,S032,5,64199.22,0.2,288896.49,WALLET,delivered,2026-04-24
OI1000804,2026-04-24 19:02:00,C01464,P00783,S014,1,21905.04,0.1,21905.04,CARD,shipped,2026-04-24
OI1000805,2026-04-24 06:46:00,C01976,P00680,S022,5,70711.89,0.1,353559.45,CARD,delivered,2026-04-24
OI1000806,2026-04-24 14:38:00,C01878,P00415,S004,6,64743.01,0.0,310766.45,COD,cancelled,2026-04-24
OI1000807,2026-04-08 21:00:00,C02214,P00697,S045,5,52433.96,0.1,235952.82,CARD,delivered,2026-04-24
OI1000808,2026-04-24 01:09:00,C01552,P00442,S059,3,74693.65,0.2,179264.76,WALLET,shipped,2026-04-24
OI1000809,2026-04-24 13:21:00,C01285,P00361,S011,3,36875.57,0.1,99564.04,CARD,returned,2026-04-24
OI1000810,2026-04-24 04:16:00,C01229,P00466,S041,1,55208.34,0.2,44166.67,UPI,returned,2026-04-24
OI1000811,2026-04-24 11:01:00,C00795,P00532,S006,6,14865.84,0.05,80275.54,WALLET,returned,2026-04-24
OI1000812,2026-04-24 18:07:00,C01677,P00595,S011,6,6139.0,0.1,33150.6,CARD,shipped,2026-04-24
OI1000813,2026-04-24 14:25:00,C02486,P00245,S007,3,66678.53,0.05,NaN_TEXT,WALLET,returned,2026-04-24
OI1000814,2026-04-24 20:04:00,C01553,P00320,S018,3,7007.48,0.1,21022.44,NETBANKING,cancelled,2026-04-24
OI1000815,2026-04-24 08:20:00,C00731,P00395,S009,2,28538.84,0.2,51369.91,UPI,returned,2026-04-24
OI1000816,2026-04-14 15:00:00,C00167,P00396,S006,4,60882.95,0.0,194825.44,UPI,delivered,2026-04-24
OI1000817,2026-04-24 14:39:00,C02432,P00659,S002,1,78806.84,0.2,74866.5,UPI,cancelled,2026-04-24
OI1000818,2026-04-08 09:00:00,C01061,P00550,S023,1,21781.35,0.05,20692.28,NETBANKING,shipped,2026-04-24
OI1000819,2026-04-24 17:09:00,C01793,P00671,S057,2,1549.6,0.0,2789.28,WALLET,returned,2026-04-24
OI1000820,2026-04-24 23:47:00,C00579,P00681,S043,1,72609.64,0.1,65348.68,WALLET,returned,2026-04-24
OI1000821,2026-04-24 16:32:00,C00674,P00058,S051,3,72269.01,0.2,195126.33,COD,returned,2026-04-24
OI1000822,2026-04-24 23:58:00,C00988,P00213,S063,6,68661.56,0.0,391370.89,NETBANKING,delivered,2026-04-24
OI1000823,2026-04-24 11:15:00,C00928,P00295,S068,6,37814.51,0.2,215542.71,CARD,returned,2026-04-24
OI1000824,2026-04-24 19:34:00,C02375,P00672,S042,3,48105.37,0.1,144316.11,NETBANKING,cancelled,2026-04-24
OI1000825,2026-04-14 13:00:00,C01586,P00741,S031,3,9080.41,0.1,25879.17,COD,cancelled,2026-04-24
OI1000826,2026-04-24 14:35:00,C01789,P00234,S001,4,36179.83,0.2,137483.35,WALLET,returned,2026-04-24
OI1000827,2026-04-24 06:16:00,C01201,P00062,S023,3,29846.68,0.1,85063.04,WALLET,shipped,2026-04-24
OI1000828,2026-04-24 18:17:00,C00604,P00199,S067,1,27052.49,0.1,25699.87,COD,shipped,2026-04-24
OI1000829,2026-04-24 10:37:00,C00275,P00269,S045,6,1133.19,0.2,5439.31,WALLET,returned,2026-04-24
OI1000830,2026-04-24 05:56:00,C00611,P00059,S035,6,84263.33,0.2,505579.98,COD,delivered,2026-04-24
OI1000831,2026-04-24 07:16:00,C00140,P00534,S063,5,37722.72,0.0,179182.92,CARD,returned,2026-04-24
OI1000832,2026-04-24 04:46:00,C01376,P00621,S075,2,55549.34,0.2,111098.68,CARD,delivered,2026-04-24
OI1000833,2026-04-24 19:21:00,C00377,P00361,S059,5,36875.57,0.05,147502.28,NETBANKING,returned,2026-04-24
OI1000834,2026-04-24 08:10:00,C01363,P00797,S038,6,19573.06,0.05,117438.36,CARD,returned,2026-04-24
OI1000835,2026-04-24 00:10:00,C00704,P00593,S062,6,78473.17,0.2,447297.07,UPI,delivered,2026-04-24
OI1000836,2026-04-24 16:26:00,C00571,P00737,S059,1,10895.35,0.05,10895.35,COD,cancelled,2026-04-24
OI1000837,2026-04-24 12:51:00,C00176,P00039,S045,6,6961.32,0.05,41767.92,UPI,returned,2026-04-24
OI1000838,2026-04-24 05:32:00,C01487,P00600,S064,2,41659.48,0.05,83318.96,UPI,shipped,2026-04-24
OI1000839,2026-04-24 23:15:00,C02079,P00151,S068,2,76903.69,0.0,153807.38,CARD,returned,2026-04-24
OI1000840,2026-04-24 14:23:00,C01656,P00480,S044,3,80821.7,0.2,242465.1,UPI,shipped,2026-04-24
OI1000841,2026-04-24 12:28:00,C01998,P00536,S043,2,36167.32,0.0,57867.71,CARD,delivered,2026-04-24
OI1000842,2026-04-24 13:14:00,C01867,P00031,S023,5,29725.2,0.2,133763.4,WALLET,shipped,2026-04-24
OI1000843,2026-04-24 11:42:00,C00181,P00665,S064,1,48528.2,0.2,43675.38,CARD,returned,2026-04-24
OI1000844,2026-04-24 02:19:00,C02052,,S012,4,82209.09,0.05,295952.72,UPI,shipped,2026-04-24
OI1000845,2026-04-24 00:45:00,C02144,P00082,S030,6,67514.24,0.2,324068.35,UPI,cancelled,2026-04-24
OI1000846,2026-04-24 03:36:00,C00341,P00192,S011,3,49831.34,0.0,142019.32,NETBANKING,shipped,2026-04-24
OI1000847,2026-04-24 16:27:00,C02045,P00790,S042,2,50083.64,0.0,80133.82,COD,delivered,2026-04-24
OI1000848,2026-04-24 23:40:00,C01172,P00694,S054,1,unknown,0.2,bad_amount,CARD,cancelled,2026-04-24
OI1000849,2026-04-24 07:51:00,C00282,P00656,S019,3,35109.15,0.0,94794.71,CARD,shipped,2026-04-24
OI1000850,2026-04-24 17:52:00,C00049,P00154,S033,4,60731.16,0.0,218632.18,UPI,shipped,2026-04-24
OI1000851,2026-04-24 19:41:00,C00221,P00548,S018,3,17399.1,0.05,49587.43,WALLET,delivered,2026-04-24
OI1000852,2026-04-24 14:52:00,C02478,P00079,S013,3,45291.18,0.1,122286.19,NETBANKING,returned,2026-04-24
OI1000853,2026-04-16 12:00:00,C02027,P00119,S059,6,53756.74,0.2,322540.44,NETBANKING,cancelled,2026-04-24
OI1000854,2026-04-24 01:40:00,C01229,P00457,S013,5,74186.35,0.1,296745.4,NETBANKING,cancelled,2026-04-24
OI1000855,2026-04-24 21:56:00,C00495,P00580,S048,6,18525.18,0.2,100035.97,UPI,returned,2026-04-24
OI1000856,2026-04-24 12:08:00,C01400,P00612,S055,5,33713.28,0.1,168566.4,WALLET,cancelled,2026-04-24
OI1000857,2026-04-24 14:44:00,C01787,P00120,S062,4,20014.73,0.05,72053.03,NETBANKING,delivered,2026-04-24
OI1000858,2026-04-24 09:33:00,C00415,P00027,S067,5,80091.77,0.05,360412.97,NETBANKING,delivered,2026-04-24
OI1000859,2026-04-24 00:03:00,C00628,P00389,S015,2,85324.61,0.05,170649.22,COD,delivered,2026-04-24
OI1000860,2026-04-24 19:27:00,C00339,P00053,S012,4,33861.69,0.0,121902.08,NETBANKING,shipped,2026-04-24
OI1000861,2026-04-24 16:33:00,C02227,P00660,S004,4,46189.57,0.1,175520.37,UPI,delivered,2026-04-24
OI1000862,2026-04-20 15:00:00,C00404,P00766,S048,5,28210.93,0.2,141054.65,NETBANKING,delivered,2026-04-24
OI1000863,2026-04-24 07:43:00,C02323,P00529,S028,4,17985.15,0.05,64746.54,CARD,delivered,2026-04-24
OI1000864,2026-04-24 05:03:00,C01818,P00798,S064,4,76944.83,0.1,277001.39,WALLET,returned,2026-04-24
OI1000865,2026-04-24 17:19:00,C00466,P00027,S024,2,80091.77,0.0,128146.83,NETBANKING,shipped,2026-04-24
OI1000866,2026-04-24 18:28:00,C01594,P00543,S017,6,17044.94,0.05,102269.64,CARD,cancelled,2026-04-24
OI1000867,2026-04-24 09:04:00,C00857,P00735,S033,3,9307.16,0.2,25129.33,CARD,shipped,2026-04-24
OI1000868,2026-04-24 03:03:00,C00977,P00171,S054,1,698.95,0.05,664.0,COD,returned,2026-04-24
OI1000869,2026-04-24 16:17:00,C02189,P00346,S074,2,21611.47,0.0,43222.94,CARD,delivered,2026-04-24
OI1000870,2026-04-05 02:00:00,C00882,P00041,S059,6,70646.68,0.2,402686.08,UPI,delivered,2026-04-24
OI1000871,2026-04-24 02:51:00,C02382,P00097,S016,3,23401.12,0.0,56162.69,WALLET,shipped,2026-04-24
OI1000872,2026-04-24 13:32:00,C00306,P00168,S009,1,unknown,0.1,bad_amount,COD,shipped,2026-04-24
OI1000873,2026-04-24 00:47:00,C02185,P00155,S065,6,50875.13,0.0,305250.78,UPI,shipped,2026-04-24
OI1000874,2026-04-24 22:53:00,C01851,P00317,S032,3,26767.64,0.05,76287.77,NETBANKING,shipped,2026-04-24
OI1000875,2026-04-24 11:10:00,C00096,P00402,S039,5,87853.14,0.05,351412.56,NETBANKING,returned,2026-04-24
OI1000876,2026-04-24 03:14:00,C01546,P00755,S029,5,20738.03,0.05,82952.12,COD,returned,2026-04-24
OI1000877,2026-04-24 06:44:00,C01086,P00198,S067,3,7578.09,0.0,20460.84,CARD,cancelled,2026-04-24
OI1000878,2026-04-12 21:00:00,C01509,P00387,S021,3,85717.48,0.2,205721.95,UPI,shipped,2026-04-24
OI1000879,2026-04-24 17:25:00,C00866,P00153,S043,4,7551.63,0.1,27185.87,COD,delivered,2026-04-24
OI1000880,2026-04-24 06:38:00,C00063,P00481,S075,3,40143.27,0.0,114408.32,NETBANKING,shipped,2026-04-24
OI1000881,2026-04-24 23:22:00,C01300,P00219,S041,1,25270.42,0.0,22743.38,NETBANKING,returned,2026-04-24
OI1000882,2026-04-24 03:06:00,C00663,P00795,S006,6,8177.98,0.0,49067.88,UPI,returned,2026-04-24
OI1000883,2026-04-24 20:02:00,C00799,P00603,S072,3,86592.47,0.2,207821.93,CARD,returned,2026-04-24
OI1000884,2026-04-19 21:00:00,C00987,P00129,S038,2,54358.95,0.1,86974.32,WALLET,returned,2026-04-24
OI1000885,2026-04-24 19:01:00,C01082,P00261,S075,1,unknown,0.1,bad_amount,WALLET,cancelled,2026-04-24
OI1000886,2026-04-24 05:24:00,C00338,P00640,S033,3,84098.93,0.05,201837.43,NETBANKING,returned,2026-04-24
OI1000887,2026-04-24 15:43:00,C01376,P00362,S012,5,75849.67,0.05,379248.35,CARD,delivered,2026-04-24
OI1000888,2026-04-24 20:45:00,C00960,P00519,S060,5,28821.3,0.05,129695.85,UPI,cancelled,2026-04-24
OI1000889,2026-04-24 03:34:00,C01072,P00778,S045,5,80127.23,0.0,320508.92,COD,delivered,2026-04-24
OI1000890,2026-04-24 03:04:00,C02424,P00633,S072,1,26973.68,0.1,26973.68,NETBANKING,returned,2026-04-24
OI1000891,2026-04-24 18:56:00,C01608,P00003,S019,6,30753.26,0.0,184519.56,CARD,shipped,2026-04-24
OI1000892,2026-04-24 03:12:00,C01082,P00012,S033,6,23734.04,0.0,135284.03,UPI,delivered,2026-04-24
OI1000893,2026-04-24 06:44:00,C01432,P00009,S039,6,71925.36,0.05,409974.55,UPI,shipped,2026-04-24
OI1000894,2026-04-24 00:12:00,C00933,P00566,S060,5,56559.9,0.0,282799.5,NETBANKING,cancelled,2026-04-24
OI1000895,2026-04-24 16:53:00,C00266,P00238,S071,2,85008.97,0.05,153016.15,COD,delivered,2026-04-24
OI1000896,2026-04-24 21:12:00,C00025,P00760,S002,6,38540.65,0.1,231243.9,CARD,cancelled,2026-04-24
OI1000897,2026-04-24 06:29:00,C01947,P00797,S047,4,19573.06,0.2,70463.02,UPI,cancelled,2026-04-24
OI1000898,2026-04-24 12:04:00,C00455,P00691,S068,2,26467.14,0.0,47640.85,UPI,shipped,2026-04-24
OI1000899,2026-04-24 16:08:00,C00104,P00250,S023,2,1505.23,0.05,2709.41,CARD,returned,2026-04-24
OI1000900,2026-04-24 14:45:00,C01369,P00366,S015,2,48300.51,0.05,86940.92,NETBANKING,shipped,2026-04-24
OI1000901,2026-04-24 14:54:00,C01856,P00363,S033,4,56418.22,0.0,214389.24,NETBANKING,cancelled,2026-04-24
OI1000902,2026-04-24 06:22:00,C01750,P00774,S024,3,65685.6,0.1,187203.96,NETBANKING,cancelled,2026-04-24
OI1000903,2026-04-24 18:40:00,C02472,P00681,S040,1,72609.64,0.1,72609.64,NETBANKING,cancelled,2026-04-24
OI1000904,2026-04-24 15:24:00,C02111,P00095,S037,1,63555.78,0.2,NaN_TEXT,CARD,returned,2026-04-24
OI1000905,2026-04-24 01:44:00,C02148,P00562,S028,5,35295.39,0.1,158829.26,WALLET,cancelled,2026-04-24
OI1000906,2026-04-24 02:10:00,C02431,P00285,S066,5,35238.69,0.0,176193.45,WALLET,cancelled,2026-04-24
OI1000907,2026-04-24 09:17:00,C00681,P00154,S049,4,60731.16,0.1,230778.41,WALLET,shipped,2026-04-24
OI1000908,2026-04-24 20:54:00,C02305,P00080,S025,1,35894.6,0.1,34099.87,UPI,shipped,2026-04-24
OI1000909,2026-04-24 04:58:00,C00252,P00203,S065,3,24833.93,0.05,67051.61,UPI,shipped,2026-04-24
OI1000910,2026-04-24 02:56:00,C01457,P00627,S068,1,56866.69,0.1,45493.35,COD,returned,2026-04-24
OI1000911,2026-04-24 09:50:00,C00979,P00090,S070,3,50485.5,0.0,151456.5,NETBANKING,shipped,2026-04-24
OI1000912,2026-04-24 14:00:00,C02326,P00181,S033,4,19954.26,0.1,63853.63,WALLET,cancelled,2026-04-24
OI1000913,2026-04-24 13:29:00,C00769,P00525,S023,4,84203.59,0.05,269451.49,COD,cancelled,2026-04-24
OI1000914,2026-04-24 15:34:00,C01996,P00445,S029,3,46727.14,0.0,112145.14,WALLET,shipped,2026-04-24
OI1000915,2026-04-24 01:13:00,C01683,P00195,S037,1,81560.2,0.05,81560.2,COD,shipped,2026-04-24
OI1000916,2026-04-24 15:08:00,C00902,P00673,S045,6,16017.13,0.1,91297.64,NETBANKING,cancelled,2026-04-24
OI1000917,2026-04-24 12:01:00,C01309,P00514,S031,1,68041.59,0.2,61237.43,NETBANKING,cancelled,2026-04-24
OI1000918,2026-04-24 11:15:00,C02014,P00376,S046,4,25959.56,0.0,98646.33,COD,cancelled,2026-04-24
OI1000919,2026-04-24 12:59:00,C00799,P00685,S060,5,50206.6,0.05,251033.0,CARD,shipped,2026-04-24
OI1000920,2026-04-24 23:35:00,C00935,P00007,S021,1,26020.02,0.2,24719.02,COD,shipped,2026-04-24
OI1000921,2026-04-24 03:51:00,C02153,P00618,S004,1,4658.4,0.1,4658.4,CARD,cancelled,2026-04-24
OI1000922,2026-04-24 02:25:00,C01977,P00139,S059,3,87469.0,0.0,249286.65,UPI,cancelled,2026-04-24
OI1000923,2026-04-03 17:00:00,C02079,P00136,S031,2,40253.57,0.0,76481.78,NETBANKING,cancelled,2026-04-24
OI1000924,2026-04-24 11:56:00,C00294,P00098,S035,6,52116.36,0.2,250158.53,NETBANKING,returned,2026-04-24
OI1000925,2026-04-24 18:01:00,C00525,P00113,S020,3,14947.56,0.2,44842.68,CARD,returned,2026-04-24
OI1000926,2026-04-24 05:54:00,C01832,P00422,S025,5,64665.44,0.1,258661.76,WALLET,returned,2026-04-24
OI1000927,2026-04-24 12:43:00,C00578,P00508,S061,2,7430.37,0.1,11888.59,UPI,shipped,2026-04-24
OI1000928,2026-04-24 05:24:00,C01971,P00215,S072,1,18263.0,0.1,17349.85,COD,shipped,2026-04-24
OI1000929,2026-04-24 18:44:00,C01739,P00140,S023,1,33601.76,0.2,31921.67,WALLET,cancelled,2026-04-24
OI1000930,2026-04-24 12:56:00,C01111,P00452,S048,6,80158.89,0.2,456905.67,WALLET,shipped,2026-04-24
OI1000931,2026-04-24 19:32:00,C00259,P00125,S071,2,14785.78,0.0,29571.56,UPI,returned,2026-04-24
OI1000932,2026-04-24 14:33:00,C00442,P00326,S001,5,85265.81,0.1,383696.15,COD,cancelled,2026-04-24
OI1000933,2026-04-24 02:49:00,C00033,P00678,S008,4,85826.41,0.05,343305.64,UPI,returned,2026-04-24
OI1000934,2026-04-24 16:21:00,C00152,P00582,S035,5,63334.8,0.0,300840.3,COD,returned,2026-04-24
OI1000935,2026-04-24 09:58:00,C02100,P00541,S001,3,70944.79,0.05,212834.37,WALLET,shipped,2026-04-24
OI1000936,2026-04-19 09:00:00,C02036,P00174,S069,4,73064.68,0.05,277645.78,UPI,cancelled,2026-04-24
OI1000937,2026-04-24 08:50:00,C01468,P00253,S034,1,55610.55,0.1,44488.44,WALLET,delivered,2026-04-24
OI1000938,2026-04-24 04:15:00,C01499,P00679,S023,4,30430.68,0.1,121722.72,NETBANKING,returned,2026-04-24
OI1000939,2026-04-24 12:29:00,C00383,P00477,S073,2,79357.69,0.0,150779.61,NETBANKING,cancelled,2026-04-24
OI1000940,2026-04-24 21:43:00,C01089,P00156,S024,4,44208.86,0.0,159151.9,CARD,cancelled,2026-04-24
OI1000941,2026-04-24 22:01:00,C00494,P00617,S016,1,71882.12,0.2,68288.01,COD,shipped,2026-04-24
OI1000942,2026-04-24 23:13:00,C00157,P00297,S028,6,59933.31,0.0,359599.86,CARD,returned,2026-04-24
OI1000943,2026-04-24 08:35:00,C01270,P00651,S006,1,5362.63,0.2,NaN_TEXT,CARD,delivered,2026-04-24
OI1000944,2026-04-24 13:05:00,C00418,P00583,S011,2,unknown,0.1,bad_amount,UPI,shipped,2026-04-24
OI1000945,2026-04-24 04:03:00,C02423,P00578,S017,4,9104.97,0.05,29135.9,CARD,cancelled,2026-04-24
OI1000946,2026-04-06 21:00:00,C02477,P00536,S016,6,36167.32,0.2,217003.92,WALLET,cancelled,2026-04-24
OI1000947,2026-04-24 02:55:00,C00151,P00693,S027,2,87763.65,0.2,166750.93,COD,returned,2026-04-24
OI1000948,2026-04-24 05:17:00,C02132,P00647,S070,6,54615.0,0.2,311305.5,WALLET,returned,2026-04-24
OI1000949,2026-04-24 07:34:00,C00609,P00696,S051,5,69138.45,0.1,328407.64,NETBANKING,returned,2026-04-24
OI1000950,2026-04-24 15:31:00,C00670,P00253,S073,3,55610.55,0.1,166831.65,WALLET,shipped,2026-04-24
OI1000951,2026-04-24 16:12:00,C01263,P00235,S074,6,20332.68,0.1,97596.86,NETBANKING,returned,2026-04-24
OI1000952,2026-04-24 00:32:00,C02006,P00031,S008,4,29725.2,0.0,95120.64,WALLET,delivered,2026-04-24
OI1000953,2026-04-24 00:46:00,C00150,P00189,S064,1,20249.95,0.1,20249.95,WALLET,cancelled,2026-04-24
OI1000954,2026-04-24 01:57:00,C02489,P00255,S052,4,44820.18,0.1,170316.68,NETBANKING,shipped,2026-04-24
OI1000955,2026-04-24 17:44:00,C01604,P00191,S021,1,35912.33,0.0,28729.86,COD,shipped,2026-04-24
OI1000956,2026-04-10 18:00:00,C00841,P00080,S011,1,35894.6,0.05,35894.6,CARD,delivered,2026-04-24
OI1000957,2026-04-24 18:50:00,C01424,P00295,S005,2,37814.51,0.2,75629.02,NETBANKING,shipped,2026-04-24
OI1000958,2026-04-24 10:58:00,C02026,P00555,S007,3,44111.62,0.05,125718.12,NETBANKING,delivered,2026-04-24
OI1000959,2026-04-24 04:01:00,C00890,P00043,S036,4,8448.17,0.05,33792.68,CARD,shipped,2026-04-24
OI1000960,2026-04-24 18:59:00,C01504,P00796,S039,2,54612.57,0.05,87380.11,NETBANKING,cancelled,2026-04-24
OI1000961,2026-04-24 02:28:00,C00663,P00246,S005,2,88664.88,0.0,159596.78,UPI,delivered,2026-04-24
OI1000962,2026-04-24 21:13:00,C01147,P00607,S057,6,17947.36,0.0,107684.16,COD,cancelled,2026-04-24
OI1000963,2026-04-24 15:11:00,C00748,P00052,S066,5,41566.57,0.1,197441.21,CARD,cancelled,2026-04-24
OI1000964,2026-04-24 00:21:00,C00688,P00125,S060,2,14785.78,0.05,29571.56,COD,returned,2026-04-24
OI1000965,2026-04-24 18:42:00,C02294,P00737,S060,4,10895.35,0.2,34865.12,CARD,cancelled,2026-04-24
OI1000966,2026-04-24 15:17:00,C01411,P00786,S040,2,68208.61,0.05,136417.22,COD,returned,2026-04-24
OI1000967,2026-04-24 03:57:00,C01770,P00371,S009,2,59685.88,0.0,113403.17,NETBANKING,returned,2026-04-24
OI1000968,2026-04-24 23:55:00,C00937,P00700,S014,2,30047.33,0.1,48075.73,UPI,delivered,2026-04-24
OI1000969,2026-04-24 09:00:00,C01173,P00278,S024,3,50694.44,0.0,136874.99,CARD,delivered,2026-04-24
OI1000970,2026-04-04 06:00:00,C01145,P00420,S021,4,86910.74,0.2,330260.81,CARD,returned,2026-04-24
OI1000971,2026-04-24 22:13:00,C00652,P00693,S040,6,87763.65,0.05,500252.8,CARD,delivered,2026-04-24
OI1000972,2026-04-24 22:32:00,C02364,P00118,S015,6,68692.94,0.05,412157.64,WALLET,delivered,2026-04-24
OI1000973,2026-04-24 03:33:00,C01467,P00563,S073,3,22984.94,0.1,62059.34,COD,cancelled,2026-04-24
OI1000974,2026-04-24 20:03:00,C01218,P00076,S072,6,65585.96,0.0,354164.18,WALLET,delivered,2026-04-24
OI1000975,2026-04-24 22:23:00,C00349,P00087,S075,4,36333.32,0.05,130799.95,CARD,delivered,2026-04-24
OI1000976,2026-04-24 08:19:00,C00583,P00436,S055,6,31812.32,0.05,152699.14,UPI,returned,2026-04-24
OI1000977,2026-04-24 07:11:00,C01800,P00722,S011,3,75564.96,0.1,204025.39,COD,returned,2026-04-24
OI1000978,2026-04-24 23:10:00,C01765,P00520,S029,5,38089.33,0.2,152357.32,CARD,returned,2026-04-24
OI1000979,2026-04-24 13:12:00,C01259,P00413,S041,5,81415.77,0.1,366370.97,UPI,returned,2026-04-24
OI1000980,2026-04-24 22:45:00,C01413,P00326,S026,1,85265.81,0.2,85265.81,UPI,delivered,2026-04-24
OI1000981,2026-04-24 00:19:00,C01626,P00294,S052,5,5174.19,0.1,25870.95,COD,cancelled,2026-04-24
OI1000982,2026-04-24 10:57:00,C01522,P00093,S010,3,19639.92,0.05,47135.81,CARD,returned,2026-04-24
OI1000983,2026-04-24 16:56:00,C00805,P00380,S003,6,49138.78,0.05,280091.05,WALLET,delivered,2026-04-24
OI1000984,2026-04-08 03:00:00,C01548,P00779,S006,3,44900.37,0.1,134701.11,WALLET,returned,2026-04-24
OI1000985,2026-04-24 10:59:00,C00475,P00433,S073,4,62850.99,0.0,201123.17,UPI,delivered,2026-04-24
OI1000986,2026-04-24 12:35:00,C00573,P00262,S006,2,59101.17,0.1,94561.87,CARD,shipped,2026-04-24
OI1000987,2026-04-24 12:43:00,C02231,P00434,S015,1,66817.96,0.1,60136.16,CARD,shipped,2026-04-24
OI1000988,2026-04-24 04:08:00,C00517,P00363,S045,1,56418.22,0.1,53597.31,CARD,cancelled,2026-04-24
OI1000989,2026-04-24 17:57:00,C01534,P00605,S019,1,54013.86,0.05,48612.47,CARD,returned,2026-04-24
OI1000990,2026-04-24 02:17:00,C00913,P00252,S015,2,62580.71,0.0,100129.14,WALLET,delivered,2026-04-24
OI1000991,2026-04-24 17:41:00,C02354,P00001,S058,6,unknown,0.0,bad_amount,UPI,returned,2026-04-24
OI1000992,2026-04-24 21:00:00,C01100,P00075,S021,3,58716.12,0.1,176148.36,UPI,cancelled,2026-04-24
OI1000993,2026-04-24 21:02:00,C00305,P00166,S016,6,66887.45,0.05,401324.7,UPI,returned,2026-04-24
OI1000994,2026-04-24 12:05:00,C00113,P00482,S025,1,34919.69,0.2,34919.69,WALLET,cancelled,2026-04-24
OI1000995,2026-04-24 11:58:00,C00327,P00387,S020,1,85717.48,0.05,77145.73,WALLET,returned,2026-04-24
OI1000996,2026-04-24 02:53:00,C01385,P00149,S055,6,52945.24,0.1,285904.3,WALLET,delivered,2026-04-24
OI1000997,2026-04-24 16:44:00,C00756,P00704,S022,1,15309.71,0.05,15309.71,UPI,delivered,2026-04-24
OI1000998,2026-04-24 12:35:00,C00363,P00744,S075,3,66393.75,0.05,179263.12,NETBANKING,shipped,2026-04-24
OI1000999,2026-04-24 08:42:00,C00212,P00423,S035,4,4575.88,0.2,17388.34,WALLET,cancelled,2026-04-24
OI1001000,2026-04-24 11:37:00,C01183,P00292,S064,1,42029.99,0.1,33623.99,UPI,returned,2026-04-24
OI1001001,2026-04-24 03:56:00,C01242,P00106,S038,5,42058.36,0.2,199777.21,UPI,delivered,2026-04-24
OI1001002,2026-04-24 16:58:00,C00014,P00389,S025,6,85324.61,0.0,460752.89,WALLET,returned,2026-04-24
OI1001003,2026-04-24 03:57:00,C01653,P00237,S053,2,18616.48,0.1,29786.37,NETBANKING,shipped,2026-04-24
OI1001004,2026-04-24 05:35:00,C01348,P00792,S048,6,89381.89,0.2,429033.07,COD,returned,2026-04-24
OI1001005,2026-04-24 14:09:00,C00586,P00072,S006,5,63585.51,0.1,317927.55,UPI,cancelled,2026-04-24
OI1001006,2026-04-24 14:58:00,C01108,P00158,S022,6,89292.41,0.1,482179.01,WALLET,delivered,2026-04-24
OI1001007,2026-04-24 17:44:00,C00076,P00281,S057,1,81094.02,0.2,81094.02,NETBANKING,shipped,2026-04-24
OI1001008,2026-04-24 12:22:00,C02260,P00128,S029,6,38067.34,0.2,182723.23,CARD,delivered,2026-04-24
OI1001009,2026-04-24 11:04:00,C02482,P00376,S023,3,25959.56,0.2,70090.81,COD,shipped,2026-04-24
OI1001010,2026-04-24 07:30:00,C02465,P00382,S056,1,43163.29,0.05,41005.13,WALLET,shipped,2026-04-24
OI1001011,2026-04-24 22:55:00,C00757,P00045,S031,5,9818.72,0.1,39274.88,CARD,cancelled,2026-04-24
OI1001012,2026-04-24 16:56:00,C00146,P00654,S006,2,52923.36,0.2,95262.05,NETBANKING,shipped,2026-04-24
OI1001013,2026-04-24 18:39:00,C02077,P00200,S053,3,53037.26,0.1,151156.19,COD,cancelled,2026-04-24
OI1001014,2026-04-24 18:08:00,C01985,P00183,S027,2,66956.49,0.05,127217.33,NETBANKING,cancelled,2026-04-24
OI1001015,2026-04-24 11:05:00,C01283,P00081,S036,5,77697.62,0.0,369063.69,UPI,returned,2026-04-24
OI1001016,2026-04-24 21:47:00,C02468,P00659,S061,6,78806.84,0.2,472841.04,CARD,returned,2026-04-24
OI1001017,2026-04-24 00:29:00,C01698,P00450,S016,2,70829.61,0.1,127493.3,UPI,delivered,2026-04-24
OI1001018,2026-04-24 06:10:00,C02445,P00626,S039,5,41407.8,0.2,165631.2,WALLET,delivered,2026-04-24
OI1001019,2026-04-24 12:58:00,C00301,P00099,S048,2,34760.41,0.0,66044.78,UPI,cancelled,2026-04-24
OI1001020,2026-04-24 15:54:00,C01733,P00727,S068,3,68215.7,0.1,194414.74,NETBANKING,returned,2026-04-24
OI1001021,2026-04-24 18:32:00,C00603,P00338,S017,3,unknown,0.0,bad_amount,WALLET,returned,2026-04-24
OI1001022,2026-04-24 16:56:00,C00932,P00227,S072,1,57830.24,0.05,57830.24,UPI,cancelled,2026-04-24
OI1001023,2026-04-24 12:47:00,C02165,P00103,S023,2,33555.66,0.0,63755.75,COD,returned,2026-04-24
OI1001024,2026-04-24 00:42:00,C00446,P00379,S024,4,50679.03,0.1,202716.12,COD,cancelled,2026-04-24
OI1001025,2026-04-24 20:43:00,C02217,P00558,S003,3,37085.61,0.1,89005.46,COD,shipped,2026-04-24
OI1001026,2026-04-24 21:14:00,C02471,P00145,S023,6,54447.66,0.0,310351.66,NETBANKING,shipped,2026-04-24
OI1001027,2026-04-24 07:21:00,C01123,P00318,S030,6,37156.14,0.0,222936.84,CARD,delivered,2026-04-24
OI1001028,2026-04-24 06:55:00,C02342,P00702,S014,2,48813.44,0.1,78101.5,NETBANKING,cancelled,2026-04-24
OI1001029,2026-04-05 21:00:00,C02406,P00257,S054,2,66166.78,0.05,119100.2,NETBANKING,returned,2026-04-24
OI1001030,2026-04-24 17:59:00,C01742,P00506,S051,2,67853.0,0.05,108564.8,UPI,cancelled,2026-04-24
OI1001031,2026-04-24 10:17:00,C00003,P00357,S051,1,51437.39,0.2,46293.65,WALLET,delivered,2026-04-24
OI1001032,2026-04-24 01:26:00,C02369,P00179,S017,2,30872.47,0.2,61744.94,UPI,shipped,2026-04-24
OI1001033,2026-04-24 12:00:00,C02437,P00209,S041,4,70740.14,0.2,254664.5,UPI,shipped,2026-04-24
OI1001034,2026-04-24 22:17:00,C01760,P00216,S027,5,38520.65,0.2,173342.93,UPI,returned,2026-04-24
OI1001035,2026-04-24 05:01:00,C00663,P00255,S042,4,44820.18,0.0,179280.72,NETBANKING,delivered,2026-04-24
OI1001036,2026-04-24 17:28:00,C02380,P00739,S062,6,67197.88,0.1,322549.82,NETBANKING,shipped,2026-04-24
OI1001037,2026-04-24 14:45:00,C02039,P00017,S025,2,13696.86,0.2,21914.98,NETBANKING,cancelled,2026-04-24
OI1001038,2026-04-24 19:08:00,C00506,P00240,S030,3,38231.58,0.05,103225.27,UPI,cancelled,2026-04-24
OI1001039,2026-04-24 08:10:00,C01989,P00737,S017,4,10895.35,0.2,39223.26,WALLET,delivered,2026-04-24
OI1001040,2026-04-24 13:35:00,C01177,P00628,S072,4,20419.8,0.1,81679.2,COD,delivered,2026-04-24
OI1001041,2026-04-24 06:28:00,C00054,P00524,S066,3,19552.66,0.1,55725.08,WALLET,cancelled,2026-04-24
OI1001042,2026-04-24 02:07:00,C02057,P00669,S003,4,20691.54,0.0,74489.54,WALLET,shipped,2026-04-24
OI1001043,2026-04-24 04:24:00,C01012,P00239,S028,6,78360.4,0.1,446654.28,CARD,shipped,2026-04-24
OI1001044,2026-04-24 10:52:00,C02023,P00264,S032,4,8603.44,0.05,34413.76,COD,shipped,2026-04-24
OI1001045,2026-04-24 13:33:00,C00889,P00269,S038,5,1133.19,0.1,5382.65,WALLET,shipped,2026-04-24
OI1001046,2026-04-24 13:00:00,C01113,P00601,S018,6,57641.04,0.1,345846.24,NETBANKING,cancelled,2026-04-24
OI1001047,2026-04-24 11:58:00,C01843,P00124,S063,5,34862.45,0.1,139449.8,UPI,shipped,2026-04-24
OI1001048,2026-04-24 05:52:00,C00027,P00719,S005,6,37253.32,0.05,212343.92,NETBANKING,shipped,2026-04-24
OI1001049,2026-04-24 16:44:00,C01753,P00653,S047,4,64700.15,0.05,232920.54,WALLET,returned,2026-04-24
OI1001050,2026-04-24 15:34:00,C00499,P00043,S015,4,8448.17,0.0,30413.41,UPI,cancelled,2026-04-24
OI1001051,2026-04-24 10:53:00,C00783,P00082,S073,2,67514.24,0.1,128277.06,CARD,returned,2026-04-24
OI1001052,2026-04-24 15:58:00,C02386,P00264,S035,5,8603.44,0.05,40866.34,WALLET,cancelled,2026-04-24
OI1001053,2026-04-24 04:55:00,C00231,P00101,S041,2,19705.48,0.05,31528.77,UPI,cancelled,2026-04-24
OI1001054,2026-04-24 19:03:00,C01327,P00358,S035,1,83194.16,0.1,79034.45,NETBANKING,shipped,2026-04-24
OI1001055,2026-04-24 04:23:00,C00416,P00683,S026,6,30669.06,0.2,147211.49,COD,returned,2026-04-24
OI1001056,2026-04-24 04:31:00,C01686,P00347,S061,5,5351.49,0.1,21405.96,COD,shipped,2026-04-24
OI1001057,2026-04-24 17:20:00,C00535,P00751,S053,4,47815.45,0.05,191261.8,WALLET,returned,2026-04-24
OI1001058,2026-04-24 14:26:00,C01774,P00320,S049,1,7007.48,0.2,7007.48,CARD,returned,2026-04-24
OI1001059,2026-04-24 11:01:00,C00150,P00663,S021,1,13370.7,0.0,12033.63,COD,cancelled,2026-04-24
OI1001060,2026-04-24 03:05:00,C02481,P00459,S020,2,26892.08,0.1,53784.16,WALLET,shipped,2026-04-24
OI1001061,2026-04-24 09:10:00,C01175,P00295,S042,6,37814.51,0.0,181509.65,WALLET,shipped,2026-04-24
OI1001062,2026-04-24 08:37:00,C00064,P00710,S064,3,87048.32,0.05,208915.97,CARD,delivered,2026-04-24
OI1001063,2026-04-24 05:52:00,C01765,P00500,S064,5,89625.7,0.2,425722.07,NETBANKING,delivered,2026-04-24
OI1001064,2026-04-24 21:47:00,C02488,,S039,6,41566.57,0.05,236929.45,COD,delivered,2026-04-24
OI1001065,2026-04-24 02:17:00,C02486,P00104,S022,6,32350.86,0.05,184399.9,CARD,shipped,2026-04-24
OI1001066,2026-04-24 22:57:00,C01971,P00796,S001,5,54612.57,0.1,259409.71,NETBANKING,delivered,2026-04-24
OI1001067,2026-04-24 13:12:00,C02173,P00624,S056,4,89193.1,0.2,285417.92,WALLET,cancelled,2026-04-24
OI1001068,2026-04-21 14:00:00,C02471,,S030,2,20878.89,0.05,39669.89,NETBANKING,cancelled,2026-04-24
OI1001069,2026-04-24 20:13:00,C01106,P00314,S047,3,87369.41,0.1,209686.58,NETBANKING,shipped,2026-04-24
OI1001070,2026-04-24 08:46:00,C00513,P00419,S018,6,1289.17,0.0,6961.52,CARD,delivered,2026-04-24
OI1001071,2026-04-21 23:00:00,C00165,P00359,S003,5,74405.37,0.1,353425.51,NETBANKING,shipped,2026-04-24
OI1001072,2026-04-24 21:28:00,C02349,P00392,S009,4,49688.24,0.2,188815.31,WALLET,returned,2026-04-24
OI1001073,2026-04-24 09:12:00,C00696,P00757,S038,5,71920.95,0.05,287683.8,COD,shipped,2026-04-24
OI1001074,2026-04-06 14:00:00,C01925,P00692,S048,5,73427.15,0.0,330422.17,UPI,cancelled,2026-04-24
OI1001075,2026-04-24 13:11:00,C00316,P00105,S059,2,30353.53,0.0,60707.06,UPI,cancelled,2026-04-24
OI1001076,2026-04-24 23:59:00,C00980,P00194,S010,2,16034.57,0.05,28862.23,NETBANKING,delivered,2026-04-24
OI1001077,2026-04-24 07:16:00,C01659,P00492,S062,6,27240.35,0.2,155269.99,NETBANKING,shipped,2026-04-24
OI1001078,2026-04-24 10:52:00,C00597,P00105,S013,5,30353.53,0.0,121414.12,CARD,returned,2026-04-24
OI1001079,2026-04-24 16:28:00,C02478,P00648,S057,3,62566.2,0.0,178313.67,COD,shipped,2026-04-24
OI1001080,2026-04-24 16:40:00,C00049,P00589,S052,3,4394.23,0.05,11864.42,WALLET,shipped,2026-04-24
OI1001081,2026-04-24 16:48:00,C00587,P00017,S042,5,13696.86,0.0,54787.44,WALLET,cancelled,2026-04-24
OI1001082,2026-04-24 17:18:00,C01321,P00434,S042,4,66817.96,0.1,213817.47,COD,delivered,2026-04-24
OI1001083,2026-04-24 21:52:00,C01626,P00041,S005,1,70646.68,0.1,63582.01,COD,cancelled,2026-04-24
OI1001084,2026-04-24 09:57:00,C00930,P00546,S063,4,14892.77,0.1,56592.53,UPI,delivered,2026-04-24
OI1001085,2026-04-24 06:52:00,C00829,P00446,S054,5,86120.56,0.05,344482.24,NETBANKING,shipped,2026-04-24
OI1001086,2026-04-24 19:53:00,C01358,P00705,S045,5,51936.03,0.1,246696.14,COD,cancelled,2026-04-24
OI1001087,2026-04-17 23:00:00,C00227,P00316,S037,3,22142.03,0.05,63104.79,CARD,delivered,2026-04-24
OI1001088,2026-04-24 10:12:00,C00739,P00432,S002,6,7269.25,0.0,41434.72,CARD,cancelled,2026-04-24
OI1001089,2026-04-24 17:54:00,C00692,P00798,S060,1,76944.83,0.0,69250.35,UPI,delivered,2026-04-24
OI1001090,2026-04-24 16:05:00,C01714,P00566,S010,3,56559.9,0.1,135743.76,UPI,delivered,2026-04-24
OI1001091,2026-04-24 09:31:00,C01725,P00754,S016,3,26654.44,0.0,75965.15,CARD,cancelled,2026-04-24
OI1001092,2026-04-24 03:37:00,C00397,P00013,S001,3,67005.44,0.05,180914.69,WALLET,delivered,2026-04-24
OI1001093,2026-04-24 07:51:00,C02249,P00217,S042,6,77087.8,0.0,370021.44,CARD,delivered,2026-04-24
OI1001094,2026-04-24 17:16:00,C00643,P00692,S072,3,73427.15,0.0,176225.16,UPI,returned,2026-04-24
OI1001095,2026-04-24 21:46:00,C00014,P00181,S056,3,19954.26,0.05,47890.22,COD,delivered,2026-04-24
OI1001096,2026-04-24 15:41:00,C00243,P00627,S072,4,56866.69,0.05,181973.41,NETBANKING,returned,2026-04-24
OI1001097,2026-04-24 01:18:00,C00228,P00270,S069,3,40733.2,0.2,97759.68,COD,returned,2026-04-24
OI1001098,2026-04-24 12:55:00,C01409,P00295,S037,4,37814.51,0.0,143695.14,NETBANKING,delivered,2026-04-24
OI1001099,2026-04-24 07:35:00,C00595,P00752,S062,1,59473.65,0.05,59473.65,UPI,delivered,2026-04-24
OI1001100,2026-04-24 22:46:00,C00249,,S074,4,84599.41,0.0,338397.64,UPI,returned,2026-04-24
OI1001101,2026-04-24 01:11:00,C01169,P00343,S005,2,31466.94,0.05,62933.88,NETBANKING,cancelled,2026-04-24
OI1001102,2026-04-24 22:34:00,C01465,P00510,S044,1,44067.06,0.05,39660.35,NETBANKING,returned,2026-04-24
OI1001103,2026-04-24 00:19:00,C00373,P00334,S002,1,16032.79,0.0,15231.15,UPI,shipped,2026-04-24
OI1001104,2026-04-24 18:02:00,C02326,P00080,S040,5,35894.6,0.1,170499.35,UPI,delivered,2026-04-24
OI1001105,2026-04-24 15:46:00,C02173,P00079,S024,2,45291.18,0.1,86053.24,NETBANKING,delivered,2026-04-24
OI1001106,2026-04-24 14:15:00,C00167,P00717,S075,1,4480.09,0.1,4032.08,COD,delivered,2026-04-24
OI1001107,2026-04-17 06:00:00,C01605,P00473,S018,5,3872.45,0.2,18394.14,NETBANKING,cancelled,2026-04-24
OI1001108,2026-04-24 17:38:00,C00471,P00518,S017,4,27396.49,0.05,109585.96,UPI,cancelled,2026-04-24
OI1001109,2026-04-24 00:47:00,C00023,P00645,S037,3,unknown,0.1,bad_amount,CARD,cancelled,2026-04-24
OI1001110,2026-04-24 06:22:00,C01446,P00052,S009,2,41566.57,0.2,66506.51,COD,delivered,2026-04-24
OI1001111,2026-04-24 19:00:00,C01432,P00219,S030,1,25270.42,0.2,24006.9,COD,returned,2026-04-24
OI1001112,2026-04-24 04:42:00,C01180,P00095,S059,2,63555.78,0.2,120755.98,NETBANKING,cancelled,2026-04-24
OI1001113,2026-04-24 22:42:00,C02090,P00741,S014,1,9080.41,0.1,7264.33,UPI,cancelled,2026-04-24
OI1001114,2026-04-24 14:22:00,C00211,P00427,S069,4,87547.32,0.2,332679.82,COD,returned,2026-04-24
OI1001115,2026-04-24 09:31:00,C02271,P00167,S063,6,65097.56,0.2,390585.36,WALLET,shipped,2026-04-24
OI1001116,2026-04-09 18:00:00,C01247,P00013,S030,4,67005.44,0.2,214417.41,NETBANKING,delivered,2026-04-24
OI1001117,2026-04-24 00:58:00,C00427,P00524,S057,3,19552.66,0.1,58657.98,COD,delivered,2026-04-24
OI1001118,2026-04-24 18:42:00,C00684,P00730,S059,2,unknown,0.1,bad_amount,UPI,cancelled,2026-04-24
OI1001119,2026-04-24 18:27:00,C00590,P00144,S067,4,19431.62,0.0,77726.48,COD,delivered,2026-04-24
OI1001120,2026-04-24 03:55:00,C01403,P00397,S069,6,unknown,0.1,bad_amount,COD,returned,2026-04-24
OI1001121,2026-04-24 21:45:00,C00454,P00107,S069,2,53454.24,0.0,101563.06,COD,cancelled,2026-04-24
OI1001122,2026-04-24 16:34:00,C00606,P00704,S032,5,15309.71,0.05,68893.69,CARD,shipped,2026-04-24
OI1001123,2026-04-24 04:00:00,C00016,P00094,S053,6,75370.76,0.2,429613.33,UPI,delivered,2026-04-24
OI1001124,2026-04-24 07:11:00,C01254,P00335,S049,6,23504.66,0.05,141027.96,COD,returned,2026-04-24
OI1001125,2026-04-24 07:38:00,C00961,P00190,S020,1,41382.21,0.0,37243.99,NETBANKING,returned,2026-04-24
OI1001126,2026-04-24 02:52:00,C00630,P00385,S073,4,36980.6,0.1,140526.28,COD,returned,2026-04-24
OI1001127,2026-04-24 04:34:00,C00839,P00531,S018,4,77911.66,0.2,311646.64,UPI,cancelled,2026-04-24
OI1001128,2026-04-24 16:04:00,C02340,P00378,S040,2,3535.63,0.0,7071.26,COD,delivered,2026-04-24
OI1001129,2026-04-24 13:32:00,C02190,P00750,S018,5,62995.9,0.0,251983.6,CARD,returned,2026-04-24
OI1001130,2026-04-24 19:40:00,C00941,P00279,S063,1,33752.53,0.1,27002.02,CARD,shipped,2026-04-24
OI1001131,2026-04-24 23:01:00,C00015,P00681,S019,4,72609.64,0.05,261394.7,UPI,returned,2026-04-24
OI1001132,2026-04-24 07:48:00,C00153,P00670,S059,2,38746.57,0.0,77493.14,NETBANKING,delivered,2026-04-24
OI1001133,2026-04-24 20:27:00,C00355,P00491,S038,4,6922.87,0.2,27691.48,UPI,shipped,2026-04-24
OI1001134,2026-04-08 05:00:00,C00445,P00022,S031,2,71723.42,0.1,129102.16,CARD,delivered,2026-04-24
OI1001135,2026-04-24 15:33:00,C00912,P00632,S030,4,62788.56,0.05,251154.24,COD,returned,2026-04-24
OI1001136,2026-04-24 06:14:00,C02110,P00071,S032,6,45073.73,0.05,256920.26,COD,shipped,2026-04-24
OI1001137,2026-04-24 15:03:00,C01939,P00755,S035,1,20738.03,0.1,16590.42,COD,delivered,2026-04-24
OI1001138,2026-04-24 19:08:00,C01490,P00083,S014,5,80492.32,0.0,402461.6,CARD,returned,2026-04-24
OI1001139,2026-04-24 17:43:00,C01083,P00573,S012,5,52604.07,0.0,263020.35,UPI,cancelled,2026-04-24
OI1001140,2026-04-24 00:25:00,C00697,P00612,S049,1,33713.28,0.2,30341.95,WALLET,cancelled,2026-04-24
OI1001141,2026-04-24 11:29:00,C01066,P00528,S040,6,3660.3,0.1,17569.44,UPI,delivered,2026-04-24
OI1001142,2026-04-24 18:29:00,C01940,P00182,S016,4,51122.18,0.0,184039.85,WALLET,returned,2026-04-24
OI1001143,2026-04-24 09:42:00,C01897,P00347,S011,5,5351.49,0.2,24081.7,CARD,returned,2026-04-24
OI1001144,2026-04-24 00:15:00,C01435,P00395,S053,4,28538.84,0.1,91324.29,CARD,shipped,2026-04-24
OI1001145,2026-04-24 19:33:00,C02103,P00277,S047,4,75613.95,0.05,272210.22,CARD,cancelled,2026-04-24
OI1001146,2026-04-04 15:00:00,C00876,P00318,S022,2,37156.14,0.2,74312.28,NETBANKING,returned,2026-04-24
OI1001147,2026-04-24 19:47:00,C02255,P00700,S019,1,30047.33,0.1,24037.86,COD,cancelled,2026-04-24
OI1001148,2026-04-24 17:19:00,C00607,P00355,S047,2,45826.4,0.0,87070.16,CARD,shipped,2026-04-24
OI1001149,2026-04-24 17:23:00,C01193,P00064,S073,4,25634.15,0.2,102536.6,CARD,returned,2026-04-24
OI1001150,2026-04-24 10:45:00,C02147,P00495,S061,5,63282.68,0.0,316413.4,CARD,returned,2026-04-24
OI1001151,2026-04-24 08:43:00,C00195,P00279,S073,5,33752.53,0.0,160324.52,COD,shipped,2026-04-24
OI1001152,2026-04-24 15:03:00,C01243,P00291,S026,2,85457.95,0.2,NaN_TEXT,UPI,returned,2026-04-24
OI1001153,2026-04-24 10:22:00,C01498,P00797,S001,3,19573.06,0.0,55783.22,UPI,delivered,2026-04-24
OI1001154,2026-04-24 18:22:00,C00814,P00398,S011,5,86219.46,0.0,344877.84,CARD,returned,2026-04-24
OI1001155,2026-04-24 09:48:00,C01627,P00380,S050,5,49138.78,0.0,233409.2,UPI,delivered,2026-04-24
OI1001156,2026-04-24 08:32:00,C01131,P00786,S042,4,68208.61,0.1,218267.55,UPI,returned,2026-04-24
OI1001157,2026-04-24 01:29:00,C01393,P00423,S052,2,4575.88,0.2,9151.76,WALLET,delivered,2026-04-24
OI1001158,2026-04-24 07:27:00,C01116,P00602,S062,5,25905.25,0.05,129526.25,WALLET,delivered,2026-04-24
OI1001159,2026-04-24 03:58:00,C00548,P00267,S020,6,59535.27,0.0,321490.46,WALLET,delivered,2026-04-24
OI1001160,2026-04-24 17:03:00,C00884,P00072,S069,5,63585.51,0.0,286134.79,WALLET,delivered,2026-04-24
OI1001161,2026-04-19 03:00:00,C00410,P00142,S068,4,85536.27,0.05,325037.83,WALLET,delivered,2026-04-24
OI1001162,2026-04-24 05:52:00,C00800,P00001,S070,2,unknown,0.2,bad_amount,COD,shipped,2026-04-24
OI1001163,2026-04-24 23:53:00,C01282,P00744,S030,2,66393.75,0.05,106230.0,UPI,shipped,2026-04-24
OI1001164,2026-04-24 09:05:00,C01014,P00570,S015,3,51025.74,0.05,145423.36,WALLET,returned,2026-04-24
OI1001165,2026-04-24 09:13:00,C00871,P00020,S015,5,55234.97,0.1,262366.11,WALLET,cancelled,2026-04-24
OI1001166,2026-04-24 10:28:00,C00439,P00089,S029,3,54798.93,0.2,131517.43,UPI,returned,2026-04-24
OI1001167,2026-04-24 19:38:00,C01409,P00715,S002,2,24813.81,0.1,39702.1,CARD,shipped,2026-04-24
OI1001168,2026-04-24 22:26:00,C01688,P00216,S018,4,38520.65,0.2,146378.47,NETBANKING,returned,2026-04-24
OI1001169,2026-04-24 10:38:00,C01036,P00031,S060,6,29725.2,0.05,160516.08,NETBANKING,returned,2026-04-24
OI1001170,2026-04-24 04:46:00,C01436,P00792,S052,6,89381.89,0.2,482662.21,WALLET,delivered,2026-04-24
OI1001171,2026-04-24 04:11:00,C01575,P00403,S053,1,79230.44,0.1,79230.44,UPI,delivered,2026-04-24
OI1001172,2026-04-24 15:43:00,C00862,P00800,S028,5,1039.62,0.2,4678.29,CARD,shipped,2026-04-24
OI1001173,2026-04-24 05:44:00,C00015,P00035,S002,6,49801.37,0.05,283867.81,NETBANKING,returned,2026-04-24
OI1001174,2026-04-24 08:41:00,C02178,P00644,S040,1,74191.25,0.05,70481.69,WALLET,delivered,2026-04-24
OI1001175,2026-04-24 15:55:00,C01070,P00687,S045,6,32039.5,0.0,153789.6,UPI,cancelled,2026-04-24
OI1001176,2026-04-24 06:58:00,C01760,P00427,S049,5,87547.32,0.1,350189.28,UPI,cancelled,2026-04-24
OI1001177,2026-04-24 08:34:00,C00570,P00366,S008,6,48300.51,0.2,275312.91,CARD,delivered,2026-04-24
OI1001178,2026-04-24 09:46:00,C01781,P00143,S012,6,51414.89,0.2,246791.47,WALLET,returned,2026-04-24
OI1001179,2026-04-24 09:00:00,C01428,P00321,S058,6,11658.52,0.2,69951.12,UPI,cancelled,2026-04-24
OI1001180,2026-04-24 15:20:00,C01099,P00575,S016,4,22217.67,0.0,79983.61,WALLET,returned,2026-04-24
OI1001181,2026-04-24 09:52:00,C02496,P00020,S030,4,55234.97,0.2,220939.88,CARD,cancelled,2026-04-24
OI1001182,2026-04-24 04:41:00,C01466,P00384,S042,2,66621.3,0.0,126580.47,CARD,returned,2026-04-24
OI1001183,2026-04-24 04:59:00,C01961,P00298,S032,4,78345.78,0.1,NaN_TEXT,WALLET,cancelled,2026-04-24
OI1001184,2026-04-24 11:42:00,C02357,P00773,S010,1,33311.4,0.05,33311.4,NETBANKING,shipped,2026-04-24
OI1001185,2026-04-24 07:55:00,C01892,P00596,S064,4,70133.01,0.0,252478.84,NETBANKING,returned,2026-04-24
OI1001186,2026-04-24 17:12:00,C01655,P00410,S045,4,58474.51,0.0,210508.24,WALLET,shipped,2026-04-24
OI1001187,2026-04-24 05:11:00,C02186,P00477,S017,3,79357.69,0.2,214265.76,CARD,shipped,2026-04-24
OI1001188,2026-04-24 11:34:00,C02100,P00101,S059,6,19705.48,0.05,118232.88,WALLET,shipped,2026-04-24
OI1001189,2026-04-24 06:17:00,C00296,P00083,S012,3,80492.32,0.2,193181.57,COD,shipped,2026-04-24
OI1001190,2026-04-24 13:47:00,C00672,P00788,S008,3,7687.85,0.2,20757.2,COD,delivered,2026-04-24
OI1001191,2026-04-24 22:25:00,C02235,P00461,S007,3,40245.92,0.0,120737.76,UPI,cancelled,2026-04-24
OI1001192,2026-04-24 23:38:00,C00166,P00617,S055,3,71882.12,0.1,215646.36,NETBANKING,delivered,2026-04-24
OI1001193,2026-04-24 22:57:00,C00322,P00315,S008,3,49355.01,0.2,133258.53,WALLET,delivered,2026-04-24
OI1001194,2026-04-24 06:22:00,C01898,P00186,S064,6,52875.22,0.0,317251.32,NETBANKING,cancelled,2026-04-24
OI1001195,2026-04-24 11:35:00,C00001,P00712,S035,4,86349.23,0.2,NaN_TEXT,CARD,returned,2026-04-24
OI1001196,2026-04-24 09:11:00,C00667,P00305,S042,1,18907.54,0.1,17962.16,UPI,shipped,2026-04-24
OI1001197,2026-04-24 20:51:00,C01027,P00475,S050,3,2194.3,0.0,6253.76,CARD,returned,2026-04-24
OI1001198,2026-04-24 14:26:00,C01022,P00667,S040,3,83084.21,0.05,224327.37,WALLET,delivered,2026-04-24
OI1001199,2026-04-24 22:01:00,C01240,P00472,S051,2,21594.74,0.2,43189.48,COD,returned,2026-04-24
OI1001200,2026-04-24 10:34:00,C00115,P00117,S029,5,74834.72,0.2,374173.6,UPI,shipped,2026-04-24
OI1001201,2026-04-24 09:17:00,C00350,P00249,S059,4,39118.67,0.0,156474.68,NETBANKING,cancelled,2026-04-24
OI1001202,2026-04-24 13:29:00,C00151,P00386,S030,1,84773.95,0.2,67819.16,UPI,returned,2026-04-24
OI1001203,2026-04-24 04:40:00,C01879,P00505,S063,1,54225.5,0.0,43380.4,UPI,cancelled,2026-04-24
OI1001204,2026-04-24 07:42:00,C01211,P00287,S035,2,66589.78,0.0,119861.6,NETBANKING,shipped,2026-04-24
OI1001205,2026-04-24 05:35:00,C01503,P00094,S074,6,75370.76,0.2,361779.65,UPI,cancelled,2026-04-24
OI1001206,2026-04-24 09:58:00,C00244,P00493,S040,6,67003.91,0.1,321618.77,COD,delivered,2026-04-24
OI1001207,2026-04-24 19:24:00,C00820,P00727,S020,6,68215.7,0.2,388829.49,WALLET,cancelled,2026-04-24
OI1001208,2026-04-24 07:19:00,C01532,P00532,S068,6,14865.84,0.1,71356.03,CARD,cancelled,2026-04-24
OI1001209,2026-04-24 02:23:00,C00199,P00078,S039,5,584.86,0.0,2339.44,WALLET,cancelled,2026-04-24
OI1001210,2026-04-24 17:15:00,C00414,P00030,S058,2,36930.25,0.2,59088.4,UPI,cancelled,2026-04-24
OI1001211,2026-04-24 22:51:00,C00034,P00197,S066,6,28751.74,0.05,155259.4,CARD,delivered,2026-04-24
OI1001212,2026-04-24 04:18:00,C01368,P00186,S035,6,52875.22,0.1,253801.06,COD,shipped,2026-04-24
OI1001213,2026-04-24 00:59:00,C01698,P00512,S020,4,57671.0,0.1,230684.0,NETBANKING,cancelled,2026-04-24
OI1001214,2026-04-24 03:17:00,C01703,P00211,S070,6,84094.95,0.2,454112.73,NETBANKING,delivered,2026-04-24
OI1001215,2026-04-24 08:35:00,C00934,P00419,S005,3,1289.17,0.0,3674.13,COD,shipped,2026-04-24
OI1001216,2026-04-24 07:21:00,C01660,P00791,S023,2,54939.76,0.2,109879.52,COD,cancelled,2026-04-24
OI1001217,2026-04-24 14:33:00,C00369,P00467,S032,2,3621.18,0.1,7242.36,CARD,returned,2026-04-24
OI1001218,2026-04-24 07:04:00,C02053,P00160,S022,4,56754.39,0.2,227017.56,UPI,cancelled,2026-04-24
OI1001219,2026-04-24 08:40:00,C00652,P00753,S020,4,25183.45,0.2,95697.11,NETBANKING,returned,2026-04-24
OI1001220,2026-04-24 05:47:00,C01976,P00556,S063,3,78737.66,0.2,224402.33,COD,delivered,2026-04-24
OI1001221,2026-04-24 08:40:00,C01509,P00584,S048,6,unknown,0.2,bad_amount,UPI,cancelled,2026-04-24
OI1001222,2026-04-24 12:52:00,C00043,P00691,S058,3,26467.14,0.1,75431.35,NETBANKING,delivered,2026-04-24
OI1001223,2026-04-24 13:13:00,C02161,P00564,S029,4,373.78,0.1,NaN_TEXT,NETBANKING,shipped,2026-04-24
OI1001224,2026-04-24 18:10:00,C00906,P00659,S067,5,78806.84,0.2,394034.2,COD,delivered,2026-04-24
OI1001225,2026-04-24 03:46:00,C01402,P00024,S016,4,59644.64,0.0,238578.56,COD,delivered,2026-04-24
OI1001226,2026-04-24 07:07:00,C00295,P00475,S022,4,2194.3,0.2,7021.76,COD,cancelled,2026-04-24
OI1001227,2026-04-24 07:26:00,C00853,P00231,S046,1,71889.3,0.2,57511.44,COD,cancelled,2026-04-24
OI1001228,2026-04-24 22:57:00,C01311,P00286,S002,6,86705.09,0.2,520230.54,UPI,delivered,2026-04-24
OI1001229,2026-04-24 04:25:00,C00676,P00149,S027,1,52945.24,0.0,52945.24,WALLET,delivered,2026-04-24
OI1001230,2026-04-24 23:49:00,C02328,P00622,S065,1,27317.69,0.0,21854.15,CARD,returned,2026-04-24
OI1001231,2026-04-24 12:58:00,C02264,P00774,S030,2,65685.6,0.2,124802.64,WALLET,returned,2026-04-24
OI1001232,2026-04-24 18:41:00,C00106,P00647,S018,6,54615.0,0.2,262152.0,UPI,delivered,2026-04-24
OI1001233,2026-04-24 13:56:00,C00536,P00708,S052,6,63644.84,0.0,NaN_TEXT,CARD,shipped,2026-04-24
OI1001234,2026-04-24 04:35:00,C00512,P00417,S061,3,72983.1,0.05,208001.84,NETBANKING,delivered,2026-04-24
OI1001235,2026-04-24 21:18:00,C00419,P00398,S026,1,86219.46,0.0,86219.46,NETBANKING,returned,2026-04-24
OI1001236,2026-04-24 15:45:00,C01989,P00115,S016,1,65194.16,0.0,52155.33,UPI,returned,2026-04-24
OI1001237,2026-04-24 01:42:00,C00818,P00376,S067,5,25959.56,0.05,116818.02,WALLET,cancelled,2026-04-24
OI1001238,2026-04-24 18:54:00,C01877,P00190,S005,1,41382.21,0.1,39313.1,NETBANKING,returned,2026-04-24
OI1001239,2026-04-24 06:16:00,C01180,P00361,S029,3,36875.57,0.1,99564.04,UPI,cancelled,2026-04-24
OI1001240,2026-04-24 03:23:00,C00796,P00589,S065,4,4394.23,0.05,15819.23,WALLET,returned,2026-04-24
OI1001241,2026-04-24 09:24:00,C00223,P00289,S025,2,69467.49,0.1,111147.98,COD,shipped,2026-04-24
OI1001242,2026-04-24 07:35:00,C00540,P00094,S009,2,75370.76,0.05,120593.22,WALLET,returned,2026-04-24
OI1001243,2026-04-24 22:00:00,C01649,P00737,S071,4,10895.35,0.05,41402.33,CARD,cancelled,2026-04-24
OI1001244,2026-04-24 16:43:00,C02095,P00053,S028,1,33861.69,0.1,30475.52,UPI,cancelled,2026-04-24
OI1001245,2026-04-24 11:46:00,C01329,P00424,S060,2,42885.89,0.0,77194.6,CARD,delivered,2026-04-24
OI1001246,2026-04-24 01:36:00,C00175,P00039,S053,2,6961.32,0.05,13226.51,UPI,delivered,2026-04-24
OI1001247,2026-04-24 20:09:00,C02340,P00232,S016,4,38830.73,0.05,147556.77,COD,returned,2026-04-24
OI1001248,2026-04-24 04:56:00,C01283,P00407,S067,6,17806.09,0.2,106836.54,UPI,shipped,2026-04-24
OI1001249,2026-04-24 05:35:00,C00636,P00011,S073,4,26601.15,0.0,95764.14,NETBANKING,cancelled,2026-04-24
OI1001250,2026-04-24 08:36:00,C01686,P00362,S034,6,75849.67,0.0,455098.02,CARD,cancelled,2026-04-24
OI1001251,2026-04-24 15:43:00,C00074,,S053,5,81094.02,0.0,364923.09,WALLET,delivered,2026-04-24
OI1001252,2026-04-24 14:52:00,C02406,P00509,S061,2,46799.63,0.1,84239.33,COD,delivered,2026-04-24
OI1001253,2026-04-24 12:17:00,C02177,P00768,S051,3,unknown,0.1,bad_amount,NETBANKING,shipped,2026-04-24
OI1001254,2026-04-24 08:25:00,C02111,P00323,S062,6,41464.68,0.0,236348.68,UPI,cancelled,2026-04-24
OI1001255,2026-04-24 06:16:00,C00090,P00756,S020,3,66406.1,0.0,199218.3,COD,cancelled,2026-04-24
OI1001256,2026-04-24 19:24:00,C00165,P00478,S021,1,82374.84,0.2,65899.87,CARD,cancelled,2026-04-24
OI1001257,2026-04-24 07:20:00,C01790,P00631,S057,2,76016.38,0.05,136829.48,CARD,delivered,2026-04-24
OI1001258,2026-04-24 11:57:00,C01474,P00058,S041,4,72269.01,0.1,231260.83,COD,shipped,2026-04-24
OI1001259,2026-04-24 19:02:00,C01438,P00277,S074,6,75613.95,0.2,453683.7,NETBANKING,cancelled,2026-04-24
OI1001260,2026-04-24 08:26:00,C01793,P00631,S066,6,76016.38,0.05,364878.62,CARD,shipped,2026-04-24
OI1001261,2026-04-24 16:16:00,C01331,P00609,S025,1,1552.71,0.2,1475.07,CARD,cancelled,2026-04-24
OI1001262,2026-04-24 04:26:00,C01337,P00599,S071,4,42258.49,0.1,135227.17,COD,returned,2026-04-24
OI1001263,2026-04-24 10:35:00,C02295,P00782,S068,2,60281.01,0.1,120562.02,UPI,shipped,2026-04-24
OI1001264,2026-04-24 23:31:00,C02090,P00454,S053,2,35110.72,0.2,63199.3,UPI,cancelled,2026-04-24
OI1001265,2026-04-24 13:08:00,C00887,P00776,S036,6,85783.24,0.2,488964.47,COD,delivered,2026-04-24
OI1001266,2026-04-24 19:24:00,C00738,P00001,S035,2,unknown,0.2,bad_amount,COD,returned,2026-04-24
OI1001267,2026-04-24 05:45:00,C01650,P00179,S011,1,30872.47,0.1,30872.47,COD,delivered,2026-04-24
OI1001268,2026-04-24 01:47:00,C02058,P00332,S028,4,8547.0,0.0,32478.6,WALLET,returned,2026-04-24
OI1001269,2026-04-24 16:17:00,C00836,P00576,S027,2,80278.32,0.0,152528.81,UPI,shipped,2026-04-24
OI1001270,2026-04-24 20:53:00,C01244,P00597,S037,3,22168.54,0.05,NaN_TEXT,NETBANKING,delivered,2026-04-24
OI1001271,2026-04-24 07:42:00,C00646,P00773,S063,4,33311.4,0.0,106596.48,WALLET,cancelled,2026-04-24
OI1001272,2026-04-24 11:09:00,C01711,P00129,S060,1,54358.95,0.0,51641.0,WALLET,shipped,2026-04-24
OI1001273,2026-04-24 14:06:00,C00185,P00039,S044,5,6961.32,0.2,31325.94,CARD,delivered,2026-04-24
OI1001274,2026-04-24 17:34:00,C01995,P00210,S018,1,58841.88,0.1,55899.79,WALLET,returned,2026-04-24
OI1001275,2026-04-24 20:21:00,C00394,P00602,S031,3,25905.25,0.2,NaN_TEXT,NETBANKING,cancelled,2026-04-24
OI1001276,2026-04-24 07:06:00,C01321,P00700,S055,1,30047.33,0.2,30047.33,WALLET,shipped,2026-04-24
OI1001277,2026-04-24 14:13:00,C00434,P00140,S048,1,33601.76,0.0,33601.76,COD,shipped,2026-04-24
OI1001278,2026-04-24 17:26:00,C00125,P00646,S003,3,54586.6,0.0,131007.84,WALLET,delivered,2026-04-24
OI1001279,2026-04-24 21:46:00,C00007,P00427,S059,1,87547.32,0.1,78792.59,NETBANKING,delivered,2026-04-24
OI1001280,2026-04-24 22:58:00,C02439,,S053,6,22620.31,0.2,128935.77,WALLET,shipped,2026-04-24
OI1001281,2026-04-24 01:00:00,C01319,P00539,S055,2,10497.22,0.2,19944.72,NETBANKING,cancelled,2026-04-24
OI1001282,2026-04-24 21:39:00,C01500,P00666,S066,5,36707.68,0.1,183538.4,COD,returned,2026-04-24
OI1001283,2026-04-24 11:27:00,C01125,P00597,S062,2,22168.54,0.1,44337.08,CARD,shipped,2026-04-24
OI1001284,2026-04-24 08:11:00,C01918,P00645,S063,4,unknown,0.1,bad_amount,COD,cancelled,2026-04-24
OI1001285,2026-04-24 22:54:00,C01016,P00468,S075,5,12660.84,0.2,50643.36,COD,shipped,2026-04-24
OI1001286,2026-04-24 10:08:00,C00754,P00104,S038,5,32350.86,0.05,161754.3,WALLET,shipped,2026-04-24
OI1001287,2026-04-24 13:56:00,C01025,P00618,S007,1,4658.4,0.1,4192.56,NETBANKING,delivered,2026-04-24
OI1001288,2026-04-24 14:13:00,C00893,P00492,S057,2,27240.35,0.1,43584.56,NETBANKING,delivered,2026-04-24
OI1001289,2026-04-24 09:01:00,C00656,P00061,S061,3,28120.7,0.2,67489.68,NETBANKING,delivered,2026-04-24
OI1001290,2026-04-24 00:59:00,C01562,P00570,S050,6,51025.74,0.1,244923.55,UPI,shipped,2026-04-24
OI1001291,2026-04-15 15:00:00,C00539,P00747,S009,6,61937.51,0.05,353043.81,NETBANKING,delivered,2026-04-24
OI1001292,2026-04-24 08:32:00,C00560,P00088,S009,5,65627.82,0.05,262511.28,UPI,cancelled,2026-04-24
OI1001293,2026-04-14 17:00:00,C01035,P00179,S070,1,30872.47,0.2,27785.22,CARD,cancelled,2026-04-24
OI1001294,2026-04-24 10:29:00,C01795,P00665,S039,2,48528.2,0.1,97056.4,UPI,delivered,2026-04-24
OI1001295,2026-04-24 13:52:00,C01280,P00672,S067,3,48105.37,0.2,144316.11,COD,returned,2026-04-24
OI1001296,2026-04-24 17:54:00,C02441,P00001,S055,1,unknown,0.05,bad_amount,CARD,returned,2026-04-24
OI1001297,2026-04-24 06:13:00,C01842,P00261,S029,2,unknown,0.2,bad_amount,UPI,delivered,2026-04-24
OI1001298,2026-04-24 09:20:00,C01028,P00633,S052,6,26973.68,0.05,153749.98,UPI,shipped,2026-04-24
OI1001299,2026-04-24 15:51:00,C01806,P00590,S035,4,62602.53,0.1,250410.12,NETBANKING,delivered,2026-04-24
OI1001300,2026-04-24 18:08:00,C00097,P00393,S054,4,84892.48,0.05,NaN_TEXT,CARD,cancelled,2026-04-24
OI1001301,2026-04-24 12:14:00,C01955,P00691,S047,1,26467.14,0.0,23820.43,NETBANKING,returned,2026-04-24
OI1001302,2026-04-24 13:36:00,C01733,P00203,S063,2,24833.93,0.05,49667.86,NETBANKING,delivered,2026-04-24
OI1001303,2026-04-24 08:00:00,C01750,P00153,S069,4,7551.63,0.1,27185.87,UPI,cancelled,2026-04-24
OI1001304,2026-04-24 18:19:00,C01885,P00084,S043,3,75079.07,0.05,180189.77,UPI,cancelled,2026-04-24
OI1001305,2026-04-24 09:15:00,C01210,P00564,S023,2,373.78,0.2,672.8,COD,shipped,2026-04-24
OI1001306,2026-04-24 17:13:00,C01911,P00750,S045,1,62995.9,0.1,59846.1,NETBANKING,cancelled,2026-04-24
OI1001307,2026-04-24 12:04:00,C01372,P00198,S065,5,7578.09,0.2,37890.45,WALLET,delivered,2026-04-24
OI1001308,2026-04-24 01:42:00,C01693,,S026,5,10848.19,0.2,51528.9,WALLET,delivered,2026-04-24
OI1001309,2026-04-24 22:09:00,C01447,P00300,S069,1,73390.3,0.05,66051.27,CARD,cancelled,2026-04-24
OI1001310,2026-04-24 15:25:00,C01112,P00217,S042,6,77087.8,0.2,370021.44,UPI,shipped,2026-04-24
OI1001311,2026-04-24 18:37:00,C01673,P00661,S074,3,3537.34,0.05,8489.62,UPI,returned,2026-04-24
OI1001312,2026-04-24 06:16:00,C00630,P00659,S005,2,78806.84,0.0,126090.94,UPI,cancelled,2026-04-24
OI1001313,2026-04-24 07:25:00,C00841,P00070,S075,1,46092.54,0.1,46092.54,NETBANKING,shipped,2026-04-24
OI1001314,2026-04-24 16:26:00,C01233,P00096,S015,4,37305.33,0.05,134299.19,WALLET,returned,2026-04-24
OI1001315,2026-04-24 10:27:00,C00770,P00224,S027,4,78375.62,0.0,282152.23,CARD,returned,2026-04-24
OI1001316,2026-04-24 15:11:00,C02462,P00006,S031,2,10740.11,0.1,20406.21,UPI,returned,2026-04-24
OI1001317,2026-04-24 06:31:00,C02277,P00521,S048,3,86652.12,0.05,246958.54,COD,delivered,2026-04-24
OI1001318,2026-04-24 13:58:00,C02254,P00115,S005,3,65194.16,0.2,176024.23,WALLET,shipped,2026-04-24
OI1001319,2026-04-24 21:22:00,C02068,P00144,S053,6,19431.62,0.05,104930.75,CARD,cancelled,2026-04-24
OI1001320,2026-04-24 19:14:00,C00811,P00533,S042,1,71506.81,0.2,64356.13,UPI,cancelled,2026-04-24
OI1001321,2026-04-24 00:02:00,C00947,P00487,S035,3,82880.04,0.0,223776.11,NETBANKING,delivered,2026-04-24
OI1001322,2026-04-24 06:29:00,C00391,P00129,S029,2,54358.95,0.1,97846.11,COD,returned,2026-04-24
OI1001323,2026-04-24 08:51:00,C01768,P00729,S061,4,17472.25,0.2,62900.1,WALLET,shipped,2026-04-24
OI1001324,2026-04-24 20:33:00,C01942,P00334,S005,2,16032.79,0.2,32065.58,UPI,shipped,2026-04-24
OI1001325,2026-04-24 21:28:00,C01657,P00163,S024,3,52247.79,0.0,125394.7,WALLET,shipped,2026-04-24
OI1001326,2026-04-24 06:29:00,C01798,P00624,S059,3,89193.1,0.1,214063.44,CARD,cancelled,2026-04-24
OI1001327,2026-04-24 06:25:00,C02318,P00689,S015,3,50562.19,0.0,144102.24,NETBANKING,returned,2026-04-24
OI1001328,2026-04-24 19:37:00,C02446,P00679,S017,1,30430.68,0.2,30430.68,UPI,delivered,2026-04-24
OI1001329,2026-04-24 21:21:00,C01701,P00627,S006,3,56866.69,0.05,170600.07,UPI,cancelled,2026-04-24
OI1001330,2026-04-24 14:11:00,C01748,P00066,S020,1,19542.42,0.2,15633.94,UPI,returned,2026-04-24
OI1001331,2026-04-24 00:56:00,C02097,P00067,S019,5,unknown,0.0,bad_amount,CARD,cancelled,2026-04-24
OI1001332,2026-04-24 13:06:00,C00481,P00231,S059,4,71889.3,0.1,273179.34,UPI,cancelled,2026-04-24
OI1001333,2026-04-24 22:02:00,C02279,P00540,S059,2,12058.68,0.2,21705.62,COD,cancelled,2026-04-24
OI1001334,2026-04-24 12:05:00,C00828,P00631,S040,5,76016.38,0.0,304065.52,CARD,shipped,2026-04-24
OI1001335,2026-04-24 06:02:00,C00638,P00732,S064,2,42466.83,0.05,80686.98,CARD,delivered,2026-04-24
OI1001336,2026-04-24 06:48:00,C01244,P00530,S074,6,69539.84,0.05,333791.23,UPI,returned,2026-04-24
OI1001337,2026-04-24 10:20:00,C01370,P00108,S015,2,65125.65,0.05,123738.74,NETBANKING,returned,2026-04-24
OI1001338,2026-04-24 23:17:00,C02020,P00191,S065,6,35912.33,0.1,215473.98,CARD,shipped,2026-04-24
OI1001339,2026-04-24 15:48:00,C01932,P00261,S012,4,unknown,0.1,NaN_TEXT,UPI,cancelled,2026-04-24
OI1001340,2026-04-24 12:45:00,C00849,P00618,S041,1,4658.4,0.1,NaN_TEXT,UPI,delivered,2026-04-24
OI1001341,2026-04-24 01:00:00,C00834,P00719,S050,2,37253.32,0.2,67055.98,COD,cancelled,2026-04-24
OI1001342,2026-04-24 14:38:00,C00543,P00673,S045,1,16017.13,0.05,12813.7,UPI,delivered,2026-04-24
OI1001343,2026-04-24 22:28:00,C00256,P00503,S024,3,15722.73,0.2,47168.19,COD,cancelled,2026-04-24
OI1001344,2026-04-03 03:00:00,C01839,P00121,S060,1,45170.92,0.05,40653.83,NETBANKING,returned,2026-04-24
OI1001345,2026-04-24 23:54:00,C01340,P00556,S046,5,78737.66,0.2,393688.3,UPI,returned,2026-04-24
OI1001346,2026-04-24 00:03:00,C02478,P00287,S043,1,66589.78,0.2,53271.82,COD,returned,2026-04-24
OI1001347,2026-04-24 01:28:00,C01526,P00453,S061,1,7391.19,0.1,7391.19,WALLET,delivered,2026-04-24
OI1001348,2026-04-24 17:43:00,C00776,P00437,S066,6,78191.92,0.0,375321.22,CARD,cancelled,2026-04-24
OI1001349,2026-04-24 00:38:00,C02373,P00733,S014,4,86178.56,0.2,327478.53,COD,cancelled,2026-04-24
OI1001350,2026-04-24 11:10:00,C01349,P00507,S050,2,13122.94,0.2,24933.59,CARD,shipped,2026-04-24
OI1001351,2026-04-24 18:00:00,C02239,P00230,S053,2,57122.9,0.05,108533.51,UPI,shipped,2026-04-24
OI1001352,2026-04-24 21:30:00,C00481,P00121,S009,4,45170.92,0.1,162615.31,CARD,delivered,2026-04-24
OI1001353,2026-04-24 15:23:00,C01126,P00417,S019,4,72983.1,0.1,262739.16,CARD,delivered,2026-04-24
OI1001354,2026-04-24 19:54:00,C00086,P00540,S065,3,12058.68,0.1,32558.44,UPI,cancelled,2026-04-24
OI1001355,2026-04-24 02:29:00,C01103,P00476,S046,5,18858.59,0.1,75434.36,WALLET,cancelled,2026-04-24
OI1001356,2026-04-24 04:23:00,C01393,P00286,S070,1,86705.09,0.0,78034.58,WALLET,shipped,2026-04-24
OI1001357,2026-04-24 20:36:00,C00894,P00550,S001,3,21781.35,0.2,58809.64,COD,delivered,2026-04-24
OI1001358,2026-04-24 06:20:00,C00038,P00374,S020,3,45543.07,0.05,136629.21,NETBANKING,shipped,2026-04-24
OI1001359,2026-04-24 14:54:00,C01433,P00206,S021,4,17488.11,0.05,66454.82,COD,shipped,2026-04-24
OI1001360,2026-04-24 18:40:00,C01966,P00667,S042,5,83084.21,0.1,415421.05,UPI,cancelled,2026-04-24
OI1001361,2026-04-24 13:44:00,C00019,P00218,S031,2,65078.6,0.0,NaN_TEXT,WALLET,delivered,2026-04-24
OI1001362,2026-04-08 15:00:00,C00200,P00209,S064,5,70740.14,0.1,336015.66,COD,delivered,2026-04-24
OI1001363,2026-04-12 17:00:00,C02063,P00695,S038,3,78265.88,0.1,234797.64,WALLET,shipped,2026-04-24
OI1001364,2026-04-24 07:14:00,C00538,P00599,S048,1,42258.49,0.0,38032.64,WALLET,shipped,2026-04-24
OI1001365,2026-04-24 13:26:00,C00873,P00352,S025,2,47517.31,0.2,76027.7,COD,cancelled,2026-04-24
OI1001366,2026-04-24 22:34:00,C02115,P00125,S050,6,14785.78,0.1,70971.74,NETBANKING,shipped,2026-04-24
OI1001367,2026-04-24 08:56:00,C02246,P00598,S028,1,45122.1,0.1,42865.99,CARD,shipped,2026-04-24
OI1001368,2026-04-06 21:00:00,C00870,P00227,S074,2,57830.24,0.1,115660.48,NETBANKING,cancelled,2026-04-24
OI1001369,2026-04-24 22:57:00,C01280,,S059,4,37629.61,0.05,150518.44,WALLET,delivered,2026-04-24
OI1001370,2026-04-24 21:10:00,C00405,P00796,S005,1,54612.57,0.1,54612.57,COD,cancelled,2026-04-24
OI1001371,2026-04-24 06:20:00,C02241,P00789,S048,1,46207.17,0.0,43896.81,NETBANKING,returned,2026-04-24
OI1001372,2026-04-24 13:36:00,C00064,P00125,S043,6,14785.78,0.0,70971.74,NETBANKING,delivered,2026-04-24
OI1001373,2026-04-24 18:38:00,C01903,P00555,S073,1,44111.62,0.2,39700.46,UPI,returned,2026-04-24
OI1001374,2026-04-24 20:05:00,C02017,P00031,S058,2,29725.2,0.2,59450.4,CARD,returned,2026-04-24
OI1001375,2026-04-24 18:29:00,C02472,P00148,S025,2,63834.05,0.0,121284.7,UPI,shipped,2026-04-24
OI1001376,2026-04-24 06:45:00,C01883,P00658,S007,5,unknown,0.1,bad_amount,CARD,returned,2026-04-24
OI1001377,2026-04-24 20:16:00,C00367,P00707,S056,2,12328.05,0.0,19724.88,UPI,shipped,2026-04-24
OI1001378,2026-04-24 13:17:00,C00163,P00739,S066,6,67197.88,0.0,403187.28,CARD,returned,2026-04-24
OI1001379,2026-04-24 05:18:00,C02172,P00712,S014,5,86349.23,0.0,431746.15,UPI,returned,2026-04-24
OI1001380,2026-04-24 05:47:00,C00387,P00097,S013,5,23401.12,0.0,105305.04,CARD,delivered,2026-04-24
OI1001381,2026-04-24 07:35:00,C02216,P00793,S035,2,87278.29,0.2,174556.58,CARD,shipped,2026-04-24
OI1001382,2026-04-24 03:26:00,C00499,P00663,S053,3,13370.7,0.1,38106.5,COD,shipped,2026-04-24
OI1001383,2026-04-24 03:10:00,C01231,P00576,S013,5,80278.32,0.1,361252.44,UPI,shipped,2026-04-24
OI1001384,2026-04-24 15:42:00,C01858,P00708,S005,3,63644.84,0.0,181387.79,CARD,returned,2026-04-24
OI1001385,2026-04-24 05:43:00,C01523,P00480,S029,6,80821.7,0.2,436437.18,CARD,cancelled,2026-04-24
OI1001386,2026-04-24 22:01:00,C01025,P00592,S015,3,20679.65,0.05,62038.95,CARD,shipped,2026-04-24
OI1001387,2026-04-24 03:14:00,C02411,P00004,S056,4,68176.44,0.05,259070.47,UPI,delivered,2026-04-24
OI1001388,2026-04-24 05:06:00,C00159,P00676,S003,5,18432.07,0.0,92160.35,COD,delivered,2026-04-24
OI1001389,2026-04-24 17:00:00,C00134,P00479,S048,2,14454.91,0.2,27464.33,NETBANKING,delivered,2026-04-24
OI1001390,2026-04-24 18:08:00,C00982,P00665,S027,1,48528.2,0.0,43675.38,UPI,cancelled,2026-04-24
OI1001391,2026-04-24 05:34:00,C01926,P00004,S070,5,68176.44,0.1,272705.76,CARD,returned,2026-04-24
OI1001392,2026-04-24 07:23:00,C00841,,S025,6,82714.19,0.1,471470.88,CARD,shipped,2026-04-24
OI1001393,2026-04-24 16:15:00,C01240,P00157,S025,3,54672.39,0.2,164017.17,NETBANKING,cancelled,2026-04-24
OI1001394,2026-04-24 16:42:00,C02289,P00503,S042,5,15722.73,0.2,70752.29,COD,returned,2026-04-24
OI1001395,2026-04-24 05:45:00,C01689,P00715,S016,4,24813.81,0.0,79404.19,WALLET,delivered,2026-04-24
OI1001396,2026-04-24 09:43:00,C00005,P00534,S032,4,37722.72,0.1,143346.34,NETBANKING,shipped,2026-04-24
OI1001397,2026-04-24 01:38:00,C01119,P00103,S025,2,33555.66,0.2,67111.32,NETBANKING,shipped,2026-04-24
OI1001398,2026-04-24 19:05:00,C00910,P00723,S003,2,39476.59,0.0,75005.52,UPI,shipped,2026-04-24
OI1001399,2026-04-24 02:55:00,C01850,P00621,S070,5,55549.34,0.0,277746.7,CARD,cancelled,2026-04-24
OI1001400,2026-04-24 21:58:00,C02296,P00391,S036,4,40752.6,0.2,163010.4,CARD,shipped,2026-04-24
OI1001401,2026-04-24 07:09:00,C02128,P00242,S021,6,78088.55,0.2,445104.74,COD,shipped,2026-04-24
OI1001402,2026-04-24 13:12:00,C02215,P00229,S058,4,78587.43,0.1,298632.23,CARD,shipped,2026-04-24
OI1001403,2026-04-24 15:26:00,C00784,P00065,S002,4,84092.97,0.05,302734.69,NETBANKING,returned,2026-04-24
OI1001404,2026-04-24 01:35:00,C00075,P00775,S052,6,21695.86,0.1,117157.64,UPI,shipped,2026-04-24
OI1001405,2026-04-24 23:05:00,C01531,P00343,S060,4,31466.94,0.1,119574.37,UPI,delivered,2026-04-24
OI1001406,2026-04-24 00:30:00,C00113,P00061,S048,6,28120.7,0.2,134979.36,NETBANKING,returned,2026-04-24
OI1001407,2026-04-24 20:59:00,C00544,P00788,S036,2,7687.85,0.0,13838.13,WALLET,cancelled,2026-04-24
OI1001408,2026-04-24 04:44:00,C00967,P00385,S070,2,36980.6,0.05,70263.14,WALLET,shipped,2026-04-24
OI1001409,2026-04-24 23:02:00,C01950,P00343,S009,5,31466.94,0.0,149467.96,COD,returned,2026-04-24
OI1001410,2026-04-24 10:32:00,C00143,P00669,S026,3,20691.54,0.1,58970.89,COD,delivered,2026-04-24
OI1001411,2026-04-24 19:49:00,C02138,P00476,S041,3,18858.59,0.1,50918.19,WALLET,shipped,2026-04-24
OI1001412,2026-04-24 05:01:00,C01568,P00251,S036,1,16028.07,0.1,16028.07,CARD,shipped,2026-04-24
OI1001413,2026-04-24 17:12:00,C02305,P00462,S029,3,84326.32,0.2,NaN_TEXT,CARD,shipped,2026-04-24
OI1001414,2026-04-16 07:00:00,C00353,P00697,S055,3,52433.96,0.1,157301.88,NETBANKING,cancelled,2026-04-24
OI1001415,2026-04-24 22:49:00,C01327,P00539,S035,5,10497.22,0.0,52486.1,WALLET,delivered,2026-04-24
OI1001416,2026-04-24 03:12:00,C00427,P00723,S052,1,39476.59,0.0,37502.76,COD,delivered,2026-04-24
OI1001417,2026-04-24 23:28:00,C01863,P00722,S037,5,75564.96,0.0,377824.8,CARD,cancelled,2026-04-24
OI1001418,2026-04-24 13:53:00,C01205,P00698,S038,1,75744.73,0.2,75744.73,NETBANKING,returned,2026-04-24
OI1001419,2026-04-15 02:00:00,C00363,P00372,S065,3,1357.87,0.0,3666.25,CARD,cancelled,2026-04-24
OI1001420,2026-04-24 13:54:00,C00594,P00210,S049,1,58841.88,0.2,55899.79,CARD,returned,2026-04-24
OI1001421,2026-04-24 17:46:00,C01347,P00358,S064,5,83194.16,0.0,374373.72,COD,delivered,2026-04-24
OI1001422,2026-04-05 07:00:00,C00210,P00209,S001,5,70740.14,0.2,318330.63,COD,shipped,2026-04-24
OI1001423,2026-04-24 08:31:00,C00247,P00447,S066,4,55077.48,0.1,220309.92,NETBANKING,delivered,2026-04-24
OI1001424,2026-04-24 02:29:00,C00156,P00218,S024,4,65078.6,0.05,208251.52,COD,cancelled,2026-04-24
OI1001425,2026-04-24 23:45:00,C00108,P00061,S043,5,28120.7,0.05,133573.32,COD,delivered,2026-04-24
OI1001426,2026-04-24 18:24:00,C02109,P00277,S027,1,75613.95,0.2,68052.55,UPI,delivered,2026-04-24
OI1001427,2026-04-24 19:13:00,C02434,P00478,S025,2,82374.84,0.05,164749.68,COD,shipped,2026-04-24
OI1001428,2026-04-24 00:55:00,C02421,P00189,S004,1,20249.95,0.05,20249.95,UPI,cancelled,2026-04-24
OI1001429,2026-04-24 21:41:00,C00625,P00224,S071,6,78375.62,0.0,423228.35,COD,returned,2026-04-24
OI1001430,2026-04-24 09:04:00,C01634,P00084,S029,2,75079.07,0.0,150158.14,NETBANKING,shipped,2026-04-24
OI1001431,2026-04-24 15:23:00,C00477,P00632,S062,3,62788.56,0.0,178947.4,WALLET,cancelled,2026-04-24
OI1001432,2026-04-24 11:06:00,C01172,P00601,S034,1,57641.04,0.1,57641.04,NETBANKING,shipped,2026-04-24
OI1001433,2026-04-24 17:23:00,C00583,P00014,S056,4,24907.63,0.2,79704.42,CARD,shipped,2026-04-24
OI1001434,2026-04-24 10:35:00,C01302,P00031,S017,1,29725.2,0.0,29725.2,WALLET,delivered,2026-04-24
OI1001435,2026-04-24 23:11:00,C02324,P00381,S074,6,40514.44,0.2,218777.98,UPI,cancelled,2026-04-24
OI1001436,2026-04-24 00:57:00,C00802,P00104,S001,3,32350.86,0.0,87347.32,CARD,shipped,2026-04-24
OI1001437,2026-04-24 15:26:00,C01181,P00623,S047,2,37629.61,0.0,67733.3,NETBANKING,cancelled,2026-04-24
OI1001438,2026-04-24 16:51:00,C00535,P00597,S024,4,22168.54,0.1,70939.33,CARD,shipped,2026-04-24
OI1001439,2026-04-24 18:12:00,C00703,P00468,S030,6,12660.84,0.0,75965.04,UPI,shipped,2026-04-24
OI1001440,2026-04-24 18:37:00,C02112,P00028,S069,3,37057.72,0.2,88938.53,WALLET,delivered,2026-04-24
OI1001441,2026-04-24 23:16:00,C02122,P00535,S061,1,38049.19,0.05,30439.35,CARD,delivered,2026-04-24
OI1001442,2026-04-24 09:16:00,C00574,P00690,S009,4,10848.19,0.05,34714.21,NETBANKING,returned,2026-04-24
OI1001443,2026-04-24 22:15:00,C02065,P00125,S047,4,14785.78,0.05,56185.96,COD,returned,2026-04-24
OI1001444,2026-04-11 01:00:00,C00301,P00537,S026,5,7847.07,0.2,37273.58,COD,cancelled,2026-04-24
OI1001445,2026-04-24 02:11:00,C02271,P00266,S066,6,46560.04,0.2,251424.22,CARD,returned,2026-04-24
OI1001446,2026-04-24 03:07:00,C00251,P00123,S017,1,30615.63,0.2,27554.07,UPI,delivered,2026-04-24
OI1001447,2026-04-24 08:32:00,C01202,P00433,S038,1,62850.99,0.0,62850.99,UPI,delivered,2026-04-24
OI1001448,2026-04-24 10:13:00,C00813,P00475,S025,1,2194.3,0.0,NaN_TEXT,UPI,delivered,2026-04-24
OI1001449,2026-04-24 05:38:00,C02401,P00640,S023,6,84098.93,0.2,479363.9,CARD,delivered,2026-04-24
OI1001450,2026-04-24 02:40:00,C02101,P00299,S017,2,85870.11,0.2,163153.21,CARD,shipped,2026-04-24
OI1001451,2026-04-24 15:51:00,C00581,P00734,S033,3,20878.89,0.05,59504.84,WALLET,cancelled,2026-04-24
OI1001452,2026-04-24 05:46:00,C01594,P00670,S075,5,38746.57,0.05,193732.85,NETBANKING,cancelled,2026-04-24
OI1001453,2026-04-24 05:26:00,C00603,P00351,S008,4,50547.87,0.05,192081.91,CARD,returned,2026-04-24
OI1001454,2026-04-24 12:36:00,C02046,P00112,S016,3,87331.64,0.0,248895.17,COD,shipped,2026-04-24
OI1001455,2026-04-24 14:24:00,C02212,P00209,S065,5,70740.14,0.1,318330.63,WALLET,delivered,2026-04-24
OI1001456,2026-04-24 20:35:00,C01077,P00154,S022,6,60731.16,0.0,346167.61,CARD,returned,2026-04-24
OI1001457,2026-04-24 21:37:00,C00734,P00332,S008,4,8547.0,0.2,30769.2,NETBANKING,delivered,2026-04-24
OI1001458,2026-04-24 18:53:00,C00496,P00534,S019,3,37722.72,0.05,113168.16,UPI,shipped,2026-04-24
OI1001459,2026-04-24 18:42:00,C02202,,S037,5,76903.69,0.1,346066.61,WALLET,shipped,2026-04-24
OI1001460,2026-04-24 10:16:00,C00586,P00560,S022,6,28957.13,0.2,138994.22,WALLET,returned,2026-04-24
OI1001461,2026-04-24 05:24:00,C01379,P00443,S023,5,39002.43,0.0,156009.72,UPI,shipped,2026-04-24
OI1001462,2026-04-24 00:20:00,C01068,P00482,S004,1,34919.69,0.0,27935.75,COD,returned,2026-04-24
OI1001463,2026-04-24 06:11:00,C01467,P00249,S053,1,39118.67,0.1,31294.94,CARD,delivered,2026-04-24
OI1001464,2026-04-24 03:32:00,C00851,P00234,S027,6,36179.83,0.0,173663.18,NETBANKING,shipped,2026-04-24
OI1001465,2026-04-24 01:07:00,C02041,P00634,S038,1,unknown,0.05,bad_amount,COD,cancelled,2026-04-24
OI1001466,2026-04-24 07:31:00,C02473,P00758,S032,6,79607.14,0.1,453760.7,UPI,returned,2026-04-24
OI1001467,2026-04-24 02:49:00,C02055,P00555,S055,2,44111.62,0.0,83812.08,UPI,returned,2026-04-24
OI1001468,2026-04-24 23:08:00,C01821,P00577,S008,3,60430.85,0.2,145034.04,NETBANKING,cancelled,2026-04-24
OI1001469,2026-04-24 21:36:00,C00147,P00296,S054,1,64201.56,0.1,57781.4,WALLET,delivered,2026-04-24
OI1001470,2026-04-24 05:34:00,C02128,P00366,S063,6,48300.51,0.0,275312.91,NETBANKING,shipped,2026-04-24
OI1001471,2026-04-24 03:13:00,C00357,P00508,S033,3,7430.37,0.0,21176.55,CARD,cancelled,2026-04-24
OI1001472,2026-04-24 14:34:00,C01738,P00375,S035,4,2355.85,0.2,8481.06,NETBANKING,delivered,2026-04-24
OI1001473,2026-04-24 10:21:00,C00124,P00771,S056,5,8054.87,0.1,36246.92,UPI,delivered,2026-04-24
OI1001474,2026-04-24 03:56:00,C02297,P00367,S031,3,74073.14,0.2,177775.54,COD,shipped,2026-04-24
OI1001475,2026-04-24 03:57:00,C01359,P00463,S009,1,25685.87,0.05,25685.87,COD,shipped,2026-04-24
OI1001476,2026-04-24 01:50:00,C00045,P00664,S024,3,83397.91,0.2,250193.73,CARD,returned,2026-04-24
OI1001477,2026-04-24 12:04:00,C02295,P00159,S031,2,31734.05,0.0,60294.69,UPI,returned,2026-04-24
OI1001478,2026-04-24 04:00:00,C00262,P00532,S048,1,14865.84,0.1,14122.55,UPI,shipped,2026-04-24
OI1001479,2026-04-24 01:26:00,C01578,P00172,S065,2,6407.28,0.05,11533.1,COD,shipped,2026-04-24
OI1001480,2026-04-24 00:43:00,C00027,P00311,S042,5,68128.81,0.1,323611.85,NETBANKING,cancelled,2026-04-24
OI1001481,2026-04-24 06:42:00,C00793,P00424,S010,5,42885.89,0.1,192986.51,COD,cancelled,2026-04-24
OI1001482,2026-04-24 02:03:00,C01151,P00290,S059,4,48750.05,0.0,185250.19,COD,returned,2026-04-24
OI1001483,2026-04-24 21:28:00,C01620,P00118,S045,5,68692.94,0.0,309118.23,CARD,delivered,2026-04-24
OI1001484,2026-04-24 07:32:00,C00612,P00798,S070,2,76944.83,0.2,138500.69,COD,shipped,2026-04-24
OI1001485,2026-04-24 10:52:00,C00458,P00518,S055,1,27396.49,0.0,21917.19,NETBANKING,returned,2026-04-24
OI1001486,2026-04-24 04:32:00,C01884,P00142,S057,3,85536.27,0.0,256608.81,CARD,returned,2026-04-24
OI1001487,2026-04-24 11:55:00,C01269,P00553,S037,5,29491.73,0.0,117966.92,NETBANKING,cancelled,2026-04-24
OI1001488,2026-04-24 08:12:00,C02372,P00525,S056,6,84203.59,0.1,505221.54,UPI,shipped,2026-04-24
OI1001489,2026-04-24 14:15:00,C01075,P00201,S074,4,44375.05,0.0,177500.2,UPI,shipped,2026-04-24
OI1001490,2026-04-24 11:59:00,C02238,P00465,S062,6,49547.43,0.1,267556.12,WALLET,shipped,2026-04-24
OI1001491,2026-04-24 10:30:00,C01416,P00425,S070,3,65862.3,0.05,197586.9,UPI,shipped,2026-04-24
OI1001492,2026-04-24 02:36:00,C01837,P00697,S073,1,52433.96,0.05,49812.26,CARD,returned,2026-04-24
OI1001493,2026-04-24 11:03:00,C00377,P00382,S011,5,43163.29,0.1,194234.81,CARD,delivered,2026-04-24
OI1001494,2026-04-24 06:21:00,C01333,P00441,S003,4,30411.38,0.2,109480.97,UPI,cancelled,2026-04-24
OI1001495,2026-04-24 02:43:00,C01402,P00251,S066,5,16028.07,0.2,76133.33,CARD,returned,2026-04-24
OI1001496,2026-04-24 13:58:00,C02250,P00424,S001,3,42885.89,0.1,115791.9,CARD,cancelled,2026-04-24
OI1001497,2026-04-24 19:09:00,C00166,P00138,S031,3,8583.97,0.0,25751.91,NETBANKING,delivered,2026-04-24
OI1001498,2026-04-24 21:22:00,C00399,P00641,S044,6,3019.0,0.05,18114.0,NETBANKING,cancelled,2026-04-24
OI1001499,2026-04-24 08:37:00,C01296,P00418,S019,6,5921.13,0.05,31974.1,COD,returned,2026-04-24
OI1001500,2026-04-24 21:02:00,C01567,P00112,S013,3,87331.64,0.0,261994.92,COD,delivered,2026-04-24
OI1001501,2026-04-24 22:08:00,C01643,P00537,S004,1,7847.07,0.05,7062.36,WALLET,shipped,2026-04-24
OI1001502,2026-04-24 17:57:00,C00826,P00340,S009,4,16426.26,0.0,59134.54,UPI,shipped,2026-04-24
OI1001503,2026-04-24 00:11:00,C00664,P00057,S071,3,55389.84,0.2,157861.04,WALLET,cancelled,2026-04-24
OI1001504,2026-04-24 22:18:00,C00804,P00571,S041,3,25003.47,0.2,75010.41,UPI,returned,2026-04-24
OI1001505,2026-04-24 23:46:00,C02394,P00064,S069,1,25634.15,0.1,20507.32,WALLET,shipped,2026-04-24
OI1001506,2026-04-24 11:00:00,C01498,P00610,S002,1,42014.11,0.1,42014.11,WALLET,cancelled,2026-04-24
OI1001507,2026-04-24 19:07:00,C00635,P00669,S020,5,20691.54,0.05,82766.16,COD,returned,2026-04-24
OI1001508,2026-04-24 22:59:00,C01483,P00089,S064,5,54798.93,0.05,260294.92,WALLET,cancelled,2026-04-24
OI1001509,2026-04-24 18:25:00,C00281,P00028,S001,4,37057.72,0.1,148230.88,NETBANKING,returned,2026-04-24
OI1001510,2026-04-24 06:49:00,C00620,P00394,S047,6,15576.88,0.2,84115.15,NETBANKING,shipped,2026-04-24
OI1001511,2026-04-24 09:45:00,C01776,P00414,S024,1,30260.29,0.0,28747.28,WALLET,returned,2026-04-24
OI1001512,2026-04-24 17:39:00,C02466,P00222,S039,4,53115.56,0.2,212462.24,UPI,returned,2026-04-24
OI1001513,2026-04-24 10:04:00,C01355,P00468,S074,3,12660.84,0.1,34184.27,CARD,delivered,2026-04-24
OI1001514,2026-04-24 00:33:00,C02321,P00156,S026,1,44208.86,0.1,44208.86,UPI,cancelled,2026-04-24
OI1001515,2026-04-24 21:39:00,C01136,P00766,S048,6,28210.93,0.0,135412.46,COD,delivered,2026-04-24
OI1001516,2026-04-24 12:30:00,C00813,P00725,S023,6,62116.51,0.0,372699.06,UPI,shipped,2026-04-24
OI1001517,2026-04-24 23:48:00,C01869,P00334,S002,6,16032.79,0.0,96196.74,WALLET,returned,2026-04-24
OI1001518,2026-04-24 23:03:00,C02211,P00127,S055,2,51755.42,0.0,98335.3,CARD,cancelled,2026-04-24
OI1001519,2026-04-24 19:36:00,C00571,P00155,S020,6,50875.13,0.2,244200.62,CARD,returned,2026-04-24
OI1001520,2026-04-24 23:50:00,C01749,P00586,S057,3,1922.83,0.0,5191.64,CARD,cancelled,2026-04-24
OI1001521,2026-04-24 17:08:00,C00321,P00286,S038,2,86705.09,0.0,138728.14,UPI,returned,2026-04-24
OI1001522,2026-04-24 07:02:00,C01387,P00541,S072,2,70944.79,0.05,141889.58,COD,returned,2026-04-24
OI1001523,2026-04-24 10:30:00,C02497,P00789,S035,2,46207.17,0.2,92414.34,NETBANKING,returned,2026-04-24
OI1001524,2026-04-24 10:07:00,C02116,P00669,S046,5,20691.54,0.1,93111.93,CARD,shipped,2026-04-24
OI1001525,2026-04-24 20:13:00,C00200,P00117,S074,3,74834.72,0.2,202053.74,WALLET,shipped,2026-04-24
OI1001526,2026-04-24 17:44:00,C00913,P00239,S029,5,78360.4,0.1,313441.6,COD,cancelled,2026-04-24
OI1001527,2026-04-24 13:28:00,C00744,P00149,S022,6,52945.24,0.05,285904.3,CARD,returned,2026-04-24
OI1001528,2026-04-24 15:05:00,C02285,P00443,S059,1,39002.43,0.1,37052.31,COD,delivered,2026-04-24
OI1001529,2026-04-24 12:31:00,C01921,P00020,S070,2,55234.97,0.05,88375.95,WALLET,returned,2026-04-24
OI1001530,2026-04-24 15:28:00,C00735,P00799,S046,4,89228.66,0.0,321223.18,UPI,cancelled,2026-04-24
OI1001531,2026-04-24 09:02:00,C02385,P00794,S008,5,79522.54,0.1,397612.7,WALLET,delivered,2026-04-24
OI1001532,2026-04-24 13:32:00,C02264,P00028,S032,5,37057.72,0.1,166759.74,NETBANKING,shipped,2026-04-24
OI1001533,2026-04-24 18:53:00,C01669,P00319,S003,1,38863.82,0.1,36920.63,COD,cancelled,2026-04-24
OI1001534,2026-04-12 13:00:00,C00579,P00626,S067,5,41407.8,0.0,165631.2,CARD,cancelled,2026-04-24
OI1001535,2026-04-24 03:53:00,C00992,P00050,S022,4,75102.36,0.1,300409.44,NETBANKING,returned,2026-04-24
OI1001536,2026-04-24 12:35:00,C01261,P00581,S062,6,1942.77,0.1,11073.79,WALLET,cancelled,2026-04-24
OI1001537,2026-04-24 00:25:00,C00828,P00163,S058,1,52247.79,0.1,52247.79,CARD,cancelled,2026-04-24
OI1001538,2026-04-24 10:03:00,C00438,P00701,S044,1,440.53,0.2,352.42,WALLET,returned,2026-04-24
OI1001539,2026-04-24 14:07:00,C00422,P00070,S008,5,46092.54,0.1,184370.16,NETBANKING,delivered,2026-04-24
OI1001540,2026-04-24 21:53:00,C01012,P00464,S038,5,78106.97,0.0,390534.85,COD,delivered,2026-04-24
OI1001541,2026-04-24 21:43:00,C01652,P00319,S022,4,38863.82,0.05,139909.75,NETBANKING,delivered,2026-04-24
OI1001542,2026-04-24 23:41:00,C02342,P00130,S025,5,10121.56,0.0,48077.41,NETBANKING,shipped,2026-04-24
OI1001543,2026-04-24 04:01:00,C01252,P00311,S014,5,68128.81,0.05,323611.85,WALLET,cancelled,2026-04-24
OI1001544,2026-04-24 03:31:00,C00419,P00752,S038,6,59473.65,0.2,321157.71,NETBANKING,delivered,2026-04-24
OI1001545,2026-04-24 15:30:00,C01618,P00255,S058,1,44820.18,0.05,44820.18,WALLET,shipped,2026-04-24
OI1001546,2026-04-24 12:30:00,C02008,P00048,S051,3,7623.28,0.2,18295.87,WALLET,returned,2026-04-24
OI1001547,2026-04-24 05:11:00,C01393,P00661,S023,6,3537.34,0.05,20162.84,COD,delivered,2026-04-24
OI1001548,2026-04-24 00:02:00,C01259,P00304,S003,5,24954.79,0.05,118535.25,CARD,returned,2026-04-24
OI1001549,2026-04-24 13:33:00,C01405,P00746,S024,3,2911.66,0.05,8734.98,NETBANKING,delivered,2026-04-24
OI1001550,2026-04-24 13:29:00,C02267,P00251,S067,1,16028.07,0.2,15226.67,WALLET,shipped,2026-04-24
OI1001551,2026-04-24 07:12:00,C02420,P00409,S054,4,46246.98,0.1,184987.92,NETBANKING,shipped,2026-04-24
OI1001552,2026-04-24 21:10:00,C02312,P00668,S071,4,73520.93,0.0,235266.98,NETBANKING,delivered,2026-04-24
OI1001553,2026-04-24 03:45:00,C01027,P00735,S036,6,9307.16,0.0,44674.37,WALLET,shipped,2026-04-24
OI1001554,2026-04-09 15:00:00,C00775,P00775,S056,1,21695.86,0.2,19526.27,WALLET,cancelled,2026-04-24
OI1001555,2026-04-24 05:55:00,C01984,P00782,S068,2,60281.01,0.2,108505.82,NETBANKING,cancelled,2026-04-24
OI1001556,2026-04-24 18:26:00,C02209,P00786,S008,3,68208.61,0.1,194394.54,UPI,delivered,2026-04-24
OI1001557,2026-04-24 08:28:00,C01491,P00612,S007,3,33713.28,0.2,91025.86,NETBANKING,returned,2026-04-24
OI1001558,2026-04-24 22:19:00,C01198,P00362,S003,5,75849.67,0.1,379248.35,COD,delivered,2026-04-24
OI1001559,2026-04-24 03:45:00,C00232,P00552,S037,2,35442.6,0.1,56708.16,COD,returned,2026-04-24
OI1001560,2026-04-24 18:07:00,C00044,P00019,S031,4,44202.95,0.1,159130.62,CARD,shipped,2026-04-24
OI1001561,2026-04-24 23:22:00,C00916,P00261,S005,6,unknown,0.05,bad_amount,NETBANKING,cancelled,2026-04-24
OI1001562,2026-04-24 03:41:00,C02256,P00629,S028,3,84599.41,0.1,241108.32,COD,shipped,2026-04-24
OI1001563,2026-04-24 13:13:00,C01019,P00504,S059,1,13355.18,0.05,13355.18,CARD,returned,2026-04-24
OI1001564,2026-04-24 00:41:00,C00272,P00632,S060,1,62788.56,0.05,50230.85,UPI,shipped,2026-04-24
OI1001565,2026-04-24 16:15:00,C00960,P00011,S061,5,26601.15,0.2,106404.6,NETBANKING,delivered,2026-04-24
OI1001566,2026-04-24 14:56:00,C00232,P00120,S004,2,20014.73,0.0,36026.51,WALLET,cancelled,2026-04-24
OI1001567,2026-04-24 04:43:00,C01062,P00460,S075,1,58675.02,0.05,46940.02,NETBANKING,shipped,2026-04-24
OI1001568,2026-04-24 11:56:00,C01831,P00728,S024,2,86279.25,0.0,155302.65,CARD,delivered,2026-04-24
OI1001569,2026-04-24 16:59:00,C00219,P00238,S017,3,85008.97,0.05,242275.56,WALLET,cancelled,2026-04-24
OI1001570,2026-04-24 16:04:00,C00817,P00007,S014,4,26020.02,0.1,98876.08,WALLET,cancelled,2026-04-24
OI1001571,2026-04-24 07:03:00,C01053,P00634,S073,1,unknown,0.2,bad_amount,WALLET,shipped,2026-04-24
OI1001572,2026-04-24 11:58:00,C01015,P00180,S045,1,53530.98,0.1,50854.43,CARD,shipped,2026-04-24
OI1001573,2026-04-24 02:49:00,C01894,P00463,S021,4,25685.87,0.0,102743.48,WALLET,returned,2026-04-24
OI1001574,2026-04-24 00:16:00,C00469,P00024,S003,3,59644.64,0.1,161040.53,COD,shipped,2026-04-24
OI1001575,2026-04-24 08:58:00,C00827,P00153,S052,6,7551.63,0.1,43044.29,WALLET,cancelled,2026-04-24
OI1001576,2026-04-24 16:04:00,C00109,P00133,S050,1,3662.81,0.0,3479.67,COD,delivered,2026-04-24
OI1001577,2026-04-24 22:24:00,C02250,P00614,S045,6,31775.22,0.0,152521.06,UPI,shipped,2026-04-24
OI1001578,2026-04-08 18:00:00,C01627,P00663,S014,4,13370.7,0.2,50808.66,WALLET,returned,2026-04-24
OI1001579,2026-04-24 14:19:00,C02177,P00146,S052,5,18705.7,0.1,88852.07,NETBANKING,delivered,2026-04-24
OI1001580,2026-04-24 20:21:00,C00926,,S053,4,3662.81,0.2,14651.24,WALLET,returned,2026-04-24
OI1001581,2026-04-24 09:11:00,C01686,P00780,S032,2,36021.81,0.1,64839.26,UPI,cancelled,2026-04-24
OI1001582,2026-04-24 13:15:00,C00972,P00263,S038,4,11394.9,0.2,36463.68,COD,delivered,2026-04-24
OI1001583,2026-04-24 23:07:00,C02378,P00190,S059,4,41382.21,0.1,157252.4,COD,shipped,2026-04-24
OI1001584,2026-04-24 09:02:00,C02231,P00708,S008,1,63644.84,0.05,57280.36,CARD,shipped,2026-04-24
OI1001585,2026-04-24 03:49:00,C02252,P00779,S069,2,44900.37,0.1,85310.7,WALLET,delivered,2026-04-24
OI1001586,2026-04-24 09:24:00,C00854,P00019,S014,2,44202.95,0.2,83985.6,NETBANKING,returned,2026-04-24
OI1001587,2026-04-24 15:08:00,C01194,P00598,S049,2,45122.1,0.05,85731.99,WALLET,shipped,2026-04-24
OI1001588,2026-04-24 21:17:00,C02055,P00120,S057,5,20014.73,0.05,100073.65,UPI,delivered,2026-04-24
OI1001589,2026-04-24 07:59:00,C01096,P00107,S074,3,53454.24,0.2,144326.45,UPI,cancelled,2026-04-24
OI1001590,2026-04-24 00:06:00,C00751,P00688,S021,5,77591.66,0.2,387958.3,NETBANKING,returned,2026-04-24
OI1001591,2026-04-24 13:06:00,C01273,P00110,S023,1,85862.06,0.2,81568.96,COD,returned,2026-04-24
OI1001592,2026-04-24 20:48:00,C00892,P00041,S022,5,70646.68,0.1,353233.4,UPI,cancelled,2026-04-24
OI1001593,2026-04-24 14:31:00,C02138,P00485,S008,3,27946.35,0.05,67071.24,UPI,cancelled,2026-04-24
OI1001594,2026-04-24 00:47:00,C01256,P00632,S047,3,62788.56,0.2,178947.4,CARD,cancelled,2026-04-24
OI1001595,2026-04-24 01:12:00,C00409,P00670,S011,1,38746.57,0.2,34871.91,NETBANKING,shipped,2026-04-24
OI1001596,2026-04-24 06:50:00,C00539,P00065,S066,6,84092.97,0.1,479329.93,WALLET,cancelled,2026-04-24
OI1001597,2026-04-24 06:47:00,C02397,P00551,S040,2,37605.09,0.05,67689.16,COD,delivered,2026-04-24
OI1001598,2026-04-24 20:34:00,C02131,P00277,S033,1,75613.95,0.2,71833.25,COD,delivered,2026-04-24
OI1001599,2026-04-24 18:46:00,C01687,P00102,S026,1,56829.74,0.0,45463.79,WALLET,shipped,2026-04-24
OI1001600,2026-04-24 12:18:00,C00508,P00421,S069,6,5130.48,0.05,29243.74,WALLET,returned,2026-04-24
OI1001601,2026-04-24 03:52:00,C00238,P00026,S050,3,61875.0,0.0,185625.0,COD,returned,2026-04-24
OI1001602,2026-04-24 03:52:00,C01381,P00788,S066,2,7687.85,0.0,14606.92,CARD,shipped,2026-04-24
OI1001603,2026-04-24 07:09:00,C01400,P00026,S024,6,61875.0,0.05,297000.0,UPI,delivered,2026-04-24
OI1001604,2026-04-24 23:50:00,C00700,P00584,S068,6,unknown,0.0,bad_amount,UPI,delivered,2026-04-24
OI1001605,2026-04-24 11:27:00,C00253,P00514,S075,4,68041.59,0.05,258558.04,COD,returned,2026-04-24
OI1001606,2026-04-24 19:48:00,C01927,P00456,S017,5,50604.06,0.2,240369.28,CARD,shipped,2026-04-24
OI1001607,2026-04-24 21:46:00,C00940,P00605,S065,1,54013.86,0.0,48612.47,WALLET,shipped,2026-04-24
OI1001608,2026-04-24 00:16:00,C01260,P00695,S064,5,78265.88,0.2,371762.93,WALLET,returned,2026-04-24
OI1001609,2026-04-24 09:07:00,C00931,P00415,S059,5,64743.01,0.2,291343.54,UPI,returned,2026-04-24
OI1001610,2026-04-24 00:02:00,C00042,P00087,S035,1,36333.32,0.0,32699.99,COD,delivered,2026-04-24
OI1001611,2026-04-24 07:54:00,C01289,P00122,S016,5,45035.48,0.0,213918.53,NETBANKING,cancelled,2026-04-24
OI1001612,2026-04-24 01:19:00,C02130,P00438,S075,5,37810.18,0.05,189050.9,COD,delivered,2026-04-24
OI1001613,2026-04-24 17:18:00,C01547,P00143,S006,3,51414.89,0.1,146532.44,NETBANKING,shipped,2026-04-24
OI1001614,2026-04-24 12:06:00,C00070,P00091,S039,6,7821.68,0.2,46930.08,NETBANKING,shipped,2026-04-24
OI1001615,2026-04-24 21:23:00,C01724,P00299,S011,5,85870.11,0.2,407883.02,NETBANKING,cancelled,2026-04-24
OI1001616,2026-04-24 04:46:00,C01990,P00283,S035,4,18851.23,0.0,60323.94,WALLET,cancelled,2026-04-24
OI1001617,2026-04-24 19:25:00,C01106,P00703,S061,5,15220.71,0.1,60882.84,WALLET,delivered,2026-04-24
OI1001618,2026-04-24 01:41:00,C02447,P00679,S056,4,30430.68,0.1,109550.45,WALLET,delivered,2026-04-24
OI1001619,2026-04-10 13:00:00,C02160,P00130,S047,5,10121.56,0.0,48077.41,NETBANKING,shipped,2026-04-24
OI1001620,2026-04-24 17:20:00,C01963,P00093,S006,6,19639.92,0.1,111947.54,NETBANKING,returned,2026-04-24
OI1001621,2026-04-24 02:36:00,C00446,P00537,S045,1,7847.07,0.1,7847.07,CARD,cancelled,2026-04-24
OI1001622,2026-04-24 06:38:00,C01580,P00413,S042,6,81415.77,0.0,439645.16,COD,returned,2026-04-24
OI1001623,2026-04-24 15:05:00,C02304,P00705,S041,6,51936.03,0.0,249292.94,COD,delivered,2026-04-24
OI1001624,2026-04-24 23:17:00,C00359,P00472,S001,5,21594.74,0.1,86378.96,NETBANKING,cancelled,2026-04-24
OI1001625,2026-04-24 03:24:00,C00541,P00640,S037,6,84098.93,0.0,454134.22,COD,cancelled,2026-04-24
OI1001626,2026-04-24 08:17:00,C00127,P00052,S021,2,41566.57,0.05,83133.14,WALLET,returned,2026-04-24
OI1001627,2026-04-24 20:20:00,C00661,P00391,S030,2,40752.6,0.0,73354.68,NETBANKING,cancelled,2026-04-24
OI1001628,2026-04-24 08:13:00,C00400,P00076,S074,6,65585.96,0.2,393515.76,WALLET,shipped,2026-04-24
OI1001629,2026-04-24 17:30:00,C01202,P00126,S027,6,59055.7,0.2,336617.49,CARD,returned,2026-04-24
OI1001630,2026-04-24 21:25:00,C00147,P00634,S053,3,unknown,0.2,bad_amount,NETBANKING,shipped,2026-04-24
OI1001631,2026-04-24 23:04:00,C01101,P00343,S005,2,31466.94,0.0,56640.49,WALLET,returned,2026-04-24
OI1001632,2026-04-24 10:21:00,C01565,P00220,S038,3,30894.86,0.1,83416.12,NETBANKING,shipped,2026-04-24
OI1001633,2026-04-24 05:14:00,C00914,P00158,S075,4,89292.41,0.1,339311.16,WALLET,cancelled,2026-04-24
OI1001634,2026-04-24 04:49:00,C00981,P00185,S063,5,23407.15,0.2,93628.6,COD,returned,2026-04-24
OI1001635,2026-04-24 06:39:00,C00913,P00794,S026,1,79522.54,0.1,79522.54,WALLET,shipped,2026-04-24
OI1001636,2026-04-24 04:19:00,C00437,P00217,S020,3,77087.8,0.1,231263.4,NETBANKING,delivered,2026-04-24
OI1001637,2026-04-24 23:02:00,C00717,P00123,S008,1,30615.63,0.0,24492.5,NETBANKING,returned,2026-04-24
OI1001638,2026-04-24 14:36:00,C00706,P00730,S063,2,unknown,0.2,bad_amount,COD,cancelled,2026-04-24
OI1001639,2026-04-24 05:04:00,C01126,P00230,S071,5,57122.9,0.2,271333.77,WALLET,shipped,2026-04-24
OI1001640,2026-04-24 12:12:00,C01984,P00298,S053,5,78345.78,0.0,313383.12,WALLET,shipped,2026-04-24
OI1001641,2026-04-24 00:07:00,C01529,P00474,S021,4,29119.69,0.2,93183.01,COD,cancelled,2026-04-24
OI1001642,2026-04-24 22:10:00,C00774,P00040,S046,5,82714.19,0.05,330856.76,NETBANKING,delivered,2026-04-24
OI1001643,2026-04-24 05:50:00,C01148,P00793,S056,4,87278.29,0.2,279290.53,CARD,shipped,2026-04-24
OI1001644,2026-04-24 20:44:00,C02360,P00791,S031,5,54939.76,0.1,247228.92,COD,returned,2026-04-24
OI1001645,2026-04-24 21:54:00,C01580,P00744,S036,1,66393.75,0.0,59754.38,NETBANKING,cancelled,2026-04-24
OI1001646,2026-04-24 01:38:00,C00345,P00030,S021,5,36930.25,0.0,184651.25,WALLET,shipped,2026-04-24
OI1001647,2026-04-24 01:51:00,C01848,P00254,S023,1,66797.64,0.05,60117.88,CARD,cancelled,2026-04-24
OI1001648,2026-04-24 11:15:00,C00172,P00615,S033,2,89289.59,0.2,142863.34,NETBANKING,returned,2026-04-24
OI1001649,2026-04-24 10:00:00,C02355,P00724,S024,6,19761.05,0.05,94853.04,NETBANKING,returned,2026-04-24
OI1001650,2026-04-24 11:36:00,C00276,P00115,S071,2,65194.16,0.0,104310.66,NETBANKING,delivered,2026-04-24
OI1001651,2026-04-24 10:41:00,C00398,P00607,S043,6,17947.36,0.2,96915.74,CARD,cancelled,2026-04-24
OI1001652,2026-04-24 10:09:00,C01482,P00339,S043,3,2566.61,0.05,7699.83,WALLET,cancelled,2026-04-24
OI1001653,2026-04-24 18:01:00,C02047,P00291,S068,3,85457.95,0.1,205099.08,WALLET,delivered,2026-04-24
OI1001654,2026-04-24 02:44:00,C02224,P00762,S051,5,66417.68,0.2,315483.98,NETBANKING,cancelled,2026-04-24
OI1001655,2026-04-24 11:37:00,C02166,P00102,S055,5,56829.74,0.2,284148.7,NETBANKING,delivered,2026-04-24
OI1001656,2026-04-24 05:35:00,C00315,P00377,S054,1,61653.87,0.1,49323.1,UPI,delivered,2026-04-24
OI1001657,2026-04-24 18:03:00,C00435,P00500,S013,2,89625.7,0.1,179251.4,UPI,cancelled,2026-04-24
OI1001658,2026-04-24 18:06:00,C01484,P00797,S066,3,19573.06,0.05,55783.22,CARD,delivered,2026-04-24
OI1001659,2026-04-24 07:53:00,C01859,P00103,S006,1,33555.66,0.0,31877.88,COD,cancelled,2026-04-24
OI1001660,2026-04-24 10:07:00,C01563,P00155,S028,3,50875.13,0.2,122100.31,CARD,returned,2026-04-24
OI1001661,2026-04-24 19:11:00,C01177,P00201,S075,1,44375.05,0.1,35500.04,COD,shipped,2026-04-24
OI1001662,2026-04-24 07:00:00,C02436,P00615,S050,5,89289.59,0.0,401803.15,UPI,cancelled,2026-04-24
OI1001663,2026-04-24 22:46:00,C01419,P00226,S003,4,61015.98,0.0,195251.14,NETBANKING,cancelled,2026-04-24
OI1001664,2026-04-24 07:29:00,C01846,P00378,S008,1,3535.63,0.2,3535.63,COD,delivered,2026-04-24
OI1001665,2026-04-24 13:49:00,C01077,P00552,S029,4,35442.6,0.05,141770.4,UPI,delivered,2026-04-24
OI1001666,2026-04-24 07:01:00,C01224,P00698,S041,4,75744.73,0.05,302978.92,WALLET,shipped,2026-04-24
OI1001667,2026-04-24 19:09:00,C00637,P00516,S039,2,6106.6,0.2,11602.54,WALLET,returned,2026-04-24
OI1001668,2026-04-24 02:02:00,C00637,P00215,S040,1,18263.0,0.0,18263.0,COD,cancelled,2026-04-24
OI1001669,2026-04-24 12:18:00,C01423,P00279,S050,5,33752.53,0.1,135010.12,NETBANKING,cancelled,2026-04-24
OI1001670,2026-04-06 23:00:00,C02480,P00652,S014,5,13507.47,0.05,60783.61,WALLET,cancelled,2026-04-24
OI1001671,2026-04-24 01:23:00,C00301,P00457,S015,6,74186.35,0.2,445118.1,COD,delivered,2026-04-24
OI1001672,2026-04-24 00:27:00,C02396,P00581,S066,3,1942.77,0.2,5828.31,CARD,shipped,2026-04-24
OI1001673,2026-04-24 09:02:00,C02174,P00488,S025,3,9724.96,0.0,26257.39,WALLET,returned,2026-04-24
OI1001674,2026-04-24 10:26:00,C01847,P00342,S051,4,2808.32,0.2,11233.28,NETBANKING,returned,2026-04-24
OI1001675,2026-04-24 06:24:00,C00609,P00661,S036,1,3537.34,0.1,3360.47,WALLET,delivered,2026-04-24
OI1001676,2026-04-24 03:03:00,C00272,P00575,S043,3,22217.67,0.0,53322.41,UPI,cancelled,2026-04-24
OI1001677,2026-04-24 07:21:00,C00003,P00621,S011,2,55549.34,0.2,99988.81,UPI,delivered,2026-04-24
OI1001678,2026-04-24 22:04:00,C01746,P00523,S007,4,54356.5,0.0,217426.0,WALLET,delivered,2026-04-24
OI1001679,2026-04-24 08:47:00,C01281,P00437,S072,4,78191.92,0.1,312767.68,CARD,shipped,2026-04-24
OI1001680,2026-04-24 21:05:00,C01647,P00102,S008,2,56829.74,0.0,107976.51,WALLET,shipped,2026-04-24
OI1001681,2026-04-24 05:54:00,C02038,P00758,S025,3,79607.14,0.1,191057.14,NETBANKING,returned,2026-04-24
OI1001682,2026-04-24 18:13:00,C02375,P00373,S064,3,41626.23,0.2,124878.69,UPI,delivered,2026-04-24
OI1001683,2026-04-18 11:00:00,C02451,P00140,S043,6,33601.76,0.2,181449.5,NETBANKING,delivered,2026-04-24
OI1001684,2026-04-24 13:50:00,C00659,P00604,S060,1,15087.25,0.0,14332.89,CARD,returned,2026-04-24
OI1001685,2026-04-24 23:41:00,C00333,P00156,S069,2,44208.86,0.05,83996.83,UPI,returned,2026-04-24
OI1001686,2026-04-24 03:24:00,C00212,P00097,S074,4,23401.12,0.0,93604.48,CARD,cancelled,2026-04-24
OI1001687,2026-04-24 17:09:00,C02105,P00656,S026,1,35109.15,0.0,31598.24,NETBANKING,delivered,2026-04-24
OI1001688,2026-04-24 15:54:00,C02214,P00736,S057,2,33429.26,0.2,60172.67,CARD,shipped,2026-04-24
OI1001689,2026-04-24 10:40:00,C00119,P00501,S030,3,25843.62,0.05,73654.32,CARD,returned,2026-04-24
OI1001690,2026-04-24 04:20:00,C00004,P00578,S069,2,9104.97,0.2,14567.95,COD,returned,2026-04-24
OI1001691,2026-04-24 04:59:00,C00360,P00006,S008,6,10740.11,0.2,57996.59,COD,shipped,2026-04-24
OI1001692,2026-04-24 20:54:00,C01365,P00310,S027,3,1512.19,0.05,3629.26,WALLET,delivered,2026-04-24
OI1001693,2026-04-24 15:56:00,C00326,P00108,S075,6,65125.65,0.2,390753.9,COD,cancelled,2026-04-24
OI1001694,2026-04-24 16:29:00,C01097,P00042,S047,4,18303.79,0.05,65893.64,WALLET,cancelled,2026-04-24
OI1001695,2026-04-24 08:08:00,C01678,P00518,S032,5,27396.49,0.1,109585.96,CARD,returned,2026-04-24
OI1001696,2026-04-24 19:57:00,C00575,P00073,S029,5,79505.04,0.1,357772.68,UPI,returned,2026-04-24
OI1001697,2026-04-24 22:04:00,C02123,P00291,S074,3,85457.95,0.05,243555.16,UPI,delivered,2026-04-24
OI1001698,2026-04-24 15:40:00,C00895,P00492,S064,1,27240.35,0.2,21792.28,NETBANKING,shipped,2026-04-24
OI1001699,2026-04-24 00:44:00,C00225,P00712,S018,5,86349.23,0.1,410158.84,COD,shipped,2026-04-24
OI1001700,2026-04-24 11:04:00,C01422,P00699,S075,6,67726.99,0.2,325089.55,WALLET,delivered,2026-04-24
OI1001701,2026-04-24 14:14:00,C01476,P00026,S047,5,61875.0,0.05,278437.5,COD,cancelled,2026-04-24
OI1001702,2026-04-24 08:17:00,C01680,P00660,S001,2,46189.57,0.1,92379.14,CARD,cancelled,2026-04-24
OI1001703,2026-04-24 04:02:00,C02353,P00561,S024,6,18579.59,0.1,111477.54,NETBANKING,shipped,2026-04-24
OI1001704,2026-04-24 00:27:00,C00477,P00657,S063,5,12030.66,0.0,48122.64,NETBANKING,delivered,2026-04-24
OI1001705,2026-04-24 21:56:00,C02090,P00162,S040,3,26013.63,0.0,70236.8,CARD,returned,2026-04-24
OI1001706,2026-04-24 13:31:00,C02360,P00771,S059,5,8054.87,0.0,36246.92,COD,cancelled,2026-04-24
OI1001707,2026-04-24 23:18:00,C01627,P00048,S051,4,7623.28,0.2,30493.12,COD,cancelled,2026-04-24
OI1001708,2026-04-24 02:39:00,C02188,P00087,S030,1,36333.32,0.2,32699.99,COD,delivered,2026-04-24
OI1001709,2026-04-24 13:45:00,C02180,P00723,S010,3,39476.59,0.2,94743.82,UPI,delivered,2026-04-24
OI1001710,2026-04-24 21:30:00,C00150,P00452,S014,1,80158.89,0.05,76150.95,CARD,shipped,2026-04-24
OI1001711,2026-04-24 20:37:00,C02113,P00039,S005,2,6961.32,0.1,11138.11,WALLET,delivered,2026-04-24
OI1001712,2026-04-24 06:02:00,C02013,P00458,S040,2,79638.67,0.1,159277.34,COD,delivered,2026-04-24
OI1001713,2026-04-24 05:50:00,C01293,P00408,S041,5,1514.72,0.2,7194.92,UPI,shipped,2026-04-24
OI1001714,2026-04-24 19:23:00,C00797,P00125,S021,2,14785.78,0.1,29571.56,UPI,returned,2026-04-24
OI1001715,2026-04-24 17:02:00,C02361,P00692,S075,1,73427.15,0.1,73427.15,WALLET,cancelled,2026-04-24
OI1001716,2026-04-24 05:24:00,C01887,P00291,S013,6,85457.95,0.05,487110.31,CARD,cancelled,2026-04-24
OI1001717,2026-04-24 08:18:00,C00986,P00179,S022,1,30872.47,0.05,30872.47,CARD,returned,2026-04-24
OI1001718,2026-04-24 08:04:00,C01837,P00259,S067,5,80755.21,0.05,383587.25,UPI,returned,2026-04-24
OI1001719,2026-04-24 18:35:00,C02219,P00093,S067,3,19639.92,0.05,53027.78,WALLET,delivered,2026-04-24
OI1001720,2026-04-24 06:59:00,C01776,P00793,S019,2,87278.29,0.2,157100.92,CARD,cancelled,2026-04-24
OI1001721,2026-04-24 00:01:00,C00888,P00265,S070,3,22620.31,0.1,54288.74,CARD,shipped,2026-04-24
OI1001722,2026-04-24 20:19:00,C00169,P00221,S025,6,12154.88,0.05,69282.82,NETBANKING,cancelled,2026-04-24
OI1001723,2026-04-04 04:00:00,C02133,P00435,S042,4,28267.64,0.0,90456.45,UPI,returned,2026-04-24
OI1001724,2026-04-24 14:19:00,C00320,P00776,S036,3,85783.24,0.0,257349.72,COD,shipped,2026-04-24
OI1001725,2026-04-24 07:45:00,C00303,P00670,S024,1,38746.57,0.0,36809.24,COD,shipped,2026-04-24
OI1001726,2026-04-24 18:43:00,C02308,P00521,S054,6,86652.12,0.05,519912.72,COD,shipped,2026-04-24
OI1001727,2026-04-24 23:00:00,C01842,P00276,S048,5,86969.03,0.0,434845.15,NETBANKING,shipped,2026-04-24
OI1001728,2026-04-24 17:49:00,C01996,P00087,S032,1,36333.32,0.0,32699.99,WALLET,returned,2026-04-24
OI1001729,2026-04-09 02:00:00,C01536,P00367,S053,6,74073.14,0.1,444438.84,COD,cancelled,2026-04-24
OI1001730,2026-04-24 19:55:00,C01153,P00662,S046,6,30399.21,0.0,182395.26,COD,shipped,2026-04-24
OI1001731,2026-04-24 00:24:00,C00220,P00514,S039,3,68041.59,0.05,183712.29,NETBANKING,cancelled,2026-04-24
OI1001732,2026-04-24 12:03:00,C01009,P00251,S057,2,16028.07,0.05,30453.33,NETBANKING,shipped,2026-04-24
OI1001733,2026-04-24 20:45:00,C00617,P00699,S053,5,67726.99,0.0,338634.95,COD,delivered,2026-04-24
OI1001734,2026-04-24 05:07:00,C01261,P00577,S075,2,60430.85,0.05,96689.36,UPI,shipped,2026-04-24
OI1001735,2026-04-24 14:31:00,C01325,P00589,S006,4,4394.23,0.0,16698.07,NETBANKING,returned,2026-04-24
OI1001736,2026-04-09 07:00:00,C02324,P00005,S061,1,51796.39,0.1,41437.11,NETBANKING,returned,2026-04-24
OI1001737,2026-04-24 08:30:00,C00172,P00140,S048,6,33601.76,0.0,191530.03,COD,delivered,2026-04-24
OI1001738,2026-04-24 10:30:00,C00479,P00764,S075,6,29078.9,0.1,139578.72,CARD,cancelled,2026-04-24
OI1001739,2026-04-24 09:06:00,C00129,P00210,S017,6,58841.88,0.05,353051.28,UPI,cancelled,2026-04-24
OI1001740,2026-04-19 21:00:00,C00094,P00031,S005,4,29725.2,0.2,118900.8,CARD,returned,2026-04-24
OI1001741,2026-04-24 20:18:00,C02381,P00017,S063,5,13696.86,0.0,65060.08,UPI,cancelled,2026-04-24
OI1001742,2026-04-24 01:31:00,C01984,P00359,S054,1,74405.37,0.0,59524.3,CARD,returned,2026-04-24
OI1001743,2026-04-24 04:09:00,C01805,P00417,S022,1,72983.1,0.05,58386.48,UPI,cancelled,2026-04-24
OI1001744,2026-04-24 19:00:00,C00760,P00076,S008,5,65585.96,0.0,327929.8,NETBANKING,returned,2026-04-24
OI1001745,2026-04-24 22:04:00,C02392,P00382,S061,2,43163.29,0.1,86326.58,CARD,cancelled,2026-04-24
OI1001746,2026-04-24 19:50:00,C02286,P00425,S023,4,65862.3,0.0,210759.36,CARD,cancelled,2026-04-24
OI1001747,2026-04-24 07:58:00,C02487,P00129,S001,3,54358.95,0.0,130461.48,WALLET,shipped,2026-04-24
OI1001748,2026-04-24 04:58:00,C01042,P00637,S014,6,76462.55,0.05,412897.77,NETBANKING,cancelled,2026-04-24
OI1001749,2026-04-24 09:20:00,C02047,P00458,S048,6,79638.67,0.1,382265.62,UPI,returned,2026-04-24
OI1001750,2026-04-24 18:36:00,C00300,P00789,S015,6,46207.17,0.0,249518.72,CARD,returned,2026-04-24
OI1001751,2026-04-24 15:40:00,C02222,P00081,S054,4,77697.62,0.0,279711.43,WALLET,delivered,2026-04-24
OI1001752,2026-04-24 10:10:00,C02102,P00246,S044,6,88664.88,0.2,505389.82,COD,cancelled,2026-04-24
OI1001753,2026-04-24 23:16:00,C01544,P00739,S027,4,67197.88,0.05,241912.37,NETBANKING,cancelled,2026-04-24
OI1001754,2026-04-24 02:41:00,C00197,P00638,S008,3,53850.56,0.2,129241.34,WALLET,shipped,2026-04-24
OI1001755,2026-04-24 16:28:00,C00070,P00084,S046,4,75079.07,0.0,285300.47,NETBANKING,shipped,2026-04-24
OI1001756,2026-04-24 22:12:00,C02078,P00118,S024,5,68692.94,0.2,326291.46,WALLET,returned,2026-04-24
OI1001757,2026-04-24 21:30:00,C00176,P00567,S059,1,28237.73,0.0,28237.73,CARD,shipped,2026-04-24
OI1001758,2026-04-24 04:59:00,C01432,P00576,S050,3,80278.32,0.05,228793.21,UPI,cancelled,2026-04-24
OI1001759,2026-04-24 04:04:00,C01680,P00208,S044,1,51425.08,0.1,51425.08,WALLET,delivered,2026-04-24
OI1001760,2026-04-24 15:31:00,C02490,P00350,S031,4,33985.86,0.1,129146.27,COD,shipped,2026-04-24
OI1001761,2026-04-24 06:18:00,C02135,,S064,4,63282.68,0.1,240474.18,CARD,cancelled,2026-04-24
OI1001762,2026-04-24 20:53:00,C02419,P00416,S015,3,82209.09,0.1,246627.27,WALLET,shipped,2026-04-24
OI1001763,2026-04-24 14:13:00,C02317,P00706,S016,4,19053.8,0.0,76215.2,CARD,delivered,2026-04-24
OI1001764,2026-04-24 14:48:00,C00637,P00443,S031,4,39002.43,0.05,124807.78,CARD,returned,2026-04-24
OI1001765,2026-04-24 07:39:00,C01924,P00213,S063,1,68661.56,0.05,61795.4,WALLET,returned,2026-04-24
OI1001766,2026-04-24 00:24:00,C00543,P00332,S071,2,8547.0,0.0,15384.6,COD,delivered,2026-04-24
OI1001767,2026-04-24 18:58:00,C02044,P00109,S007,6,87371.25,0.0,419382.0,CARD,cancelled,2026-04-24
OI1001768,2026-04-24 07:52:00,C00020,P00485,S070,2,27946.35,0.1,50303.43,CARD,returned,2026-04-24
OI1001769,2026-04-24 02:34:00,C00992,P00409,S025,6,46246.98,0.2,263607.79,NETBANKING,returned,2026-04-24
OI1001770,2026-04-24 16:53:00,C00399,P00354,S016,6,17006.45,0.1,81630.96,NETBANKING,returned,2026-04-24
OI1001771,2026-04-24 17:25:00,C00979,P00786,S032,3,68208.61,0.2,184163.25,NETBANKING,delivered,2026-04-24
OI1001772,2026-04-24 19:10:00,C02435,P00107,S055,6,53454.24,0.1,304689.17,NETBANKING,cancelled,2026-04-24
OI1001773,2026-04-24 20:37:00,C01462,P00649,S048,4,58841.77,0.2,188293.66,UPI,delivered,2026-04-24
OI1001774,2026-04-24 14:03:00,C00786,P00404,S010,2,52788.89,0.0,84462.22,WALLET,delivered,2026-04-24
OI1001775,2026-04-24 18:39:00,C00813,P00508,S021,6,7430.37,0.05,35665.78,CARD,cancelled,2026-04-24
OI1001776,2026-04-24 08:27:00,C00408,P00643,S023,3,7484.53,0.0,21330.91,UPI,cancelled,2026-04-24
OI1001777,2026-04-24 00:19:00,C01978,P00409,S064,6,46246.98,0.05,263607.79,COD,returned,2026-04-24
OI1001778,2026-04-24 21:28:00,C02475,P00713,S018,3,9697.27,0.1,27637.22,COD,delivered,2026-04-24
OI1001779,2026-04-24 21:42:00,C01578,P00507,S011,1,13122.94,0.05,11810.65,UPI,cancelled,2026-04-24
OI1001780,2026-04-24 23:46:00,C01599,P00555,S040,4,44111.62,0.1,141157.18,WALLET,delivered,2026-04-24
OI1001781,2026-04-24 22:07:00,C01036,P00409,S005,4,46246.98,0.1,147990.34,WALLET,shipped,2026-04-24
OI1001782,2026-04-24 05:35:00,C01216,P00435,S056,2,28267.64,0.0,53708.52,UPI,shipped,2026-04-24
OI1001783,2026-04-24 06:53:00,C01331,P00616,S008,1,19744.95,0.05,19744.95,WALLET,shipped,2026-04-24
OI1001784,2026-04-24 12:49:00,C01145,P00126,S036,2,59055.7,0.05,118111.4,COD,shipped,2026-04-24
OI1001785,2026-04-24 11:24:00,C00453,P00587,S003,5,23002.92,0.05,92011.68,COD,shipped,2026-04-24
OI1001786,2026-04-04 14:00:00,C00847,P00747,S075,2,61937.51,0.1,117681.27,CARD,delivered,2026-04-24
OI1001787,2026-04-24 02:24:00,C00503,P00141,S074,5,7162.54,0.1,28650.16,WALLET,delivered,2026-04-24
OI1001788,2026-04-24 09:51:00,C02221,P00633,S001,2,26973.68,0.05,43157.89,COD,shipped,2026-04-24
OI1001789,2026-04-24 08:49:00,C00311,P00080,S014,3,35894.6,0.1,107683.8,COD,cancelled,2026-04-24
OI1001790,2026-04-24 17:15:00,C00022,P00022,S039,2,71723.42,0.2,136274.5,NETBANKING,delivered,2026-04-24
OI1001791,2026-04-24 15:51:00,C00249,P00416,S031,1,82209.09,0.1,65767.27,CARD,returned,2026-04-24
OI1001792,2026-04-24 22:28:00,C00596,P00662,S009,5,30399.21,0.05,144396.25,NETBANKING,delivered,2026-04-24
OI1001793,2026-04-24 13:00:00,C02261,P00679,S067,2,30430.68,0.1,60861.36,NETBANKING,delivered,2026-04-24
OI1001794,2026-04-24 10:50:00,C01177,P00158,S074,2,89292.41,0.1,160726.34,NETBANKING,shipped,2026-04-24
OI1001795,2026-04-24 20:40:00,C00837,P00426,S027,3,7233.88,0.05,20616.56,COD,cancelled,2026-04-24
OI1001796,2026-04-24 06:44:00,C00723,P00547,S024,2,5445.8,0.0,8713.28,UPI,returned,2026-04-24
OI1001797,2026-04-24 08:03:00,C02008,P00209,S044,5,70740.14,0.05,353700.7,CARD,delivered,2026-04-24
OI1001798,2026-04-24 16:16:00,C01750,P00444,S006,3,6096.19,0.1,16459.71,WALLET,delivered,2026-04-24
OI1001799,2026-04-24 18:20:00,C00888,P00154,S065,6,60731.16,0.2,327948.26,UPI,returned,2026-04-24
OI1001800,2026-04-15 07:00:00,C02008,P00523,S042,1,54356.5,0.2,48920.85,NETBANKING,delivered,2026-04-24
OI1001801,2026-04-24 05:11:00,C02443,P00055,S040,4,56384.75,0.1,214262.05,WALLET,returned,2026-04-24
OI1001802,2026-04-24 08:12:00,C01898,P00400,S071,3,27347.38,0.05,82042.14,COD,cancelled,2026-04-24
OI1001803,2026-04-24 05:20:00,C00180,P00713,S067,1,9697.27,0.05,9212.41,UPI,shipped,2026-04-24
OI1001804,2026-04-24 04:38:00,C02050,P00407,S064,4,17806.09,0.0,71224.36,WALLET,cancelled,2026-04-24
OI1001805,2026-04-24 01:07:00,C00980,P00417,S038,5,72983.1,0.0,328423.95,WALLET,delivered,2026-04-24
OI1001806,2026-04-24 17:15:00,C00094,P00789,S047,6,46207.17,0.0,277243.02,UPI,delivered,2026-04-24
OI1001807,2026-04-24 10:05:00,C00325,P00052,S002,1,41566.57,0.0,33253.26,WALLET,delivered,2026-04-24
OI1001808,2026-04-24 18:31:00,C02373,P00290,S016,1,48750.05,0.05,48750.05,CARD,delivered,2026-04-24
OI1001809,2026-04-24 10:47:00,C01236,P00297,S031,6,59933.31,0.05,323639.87,COD,cancelled,2026-04-24
OI1001810,2026-04-24 14:12:00,C01117,P00137,S022,6,47851.67,0.05,287110.02,CARD,cancelled,2026-04-24
OI1001811,2026-04-24 21:05:00,C02213,P00027,S004,6,80091.77,0.05,480550.62,WALLET,returned,2026-04-24
OI1001812,2026-04-24 17:22:00,C01486,P00164,S018,6,55729.33,0.0,334375.98,UPI,returned,2026-04-24
OI1001813,2026-04-24 10:27:00,C01196,P00497,S019,6,74754.17,0.1,358820.02,COD,delivered,2026-04-24
OI1001814,2026-04-24 15:05:00,C00170,P00338,S016,4,unknown,0.0,bad_amount,COD,returned,2026-04-24
OI1001815,2026-04-24 15:03:00,C00466,P00760,S072,1,38540.65,0.1,34686.58,NETBANKING,delivered,2026-04-24
OI1001816,2026-04-24 15:02:00,C00029,P00388,S052,4,12049.67,0.2,43378.81,CARD,returned,2026-04-24
OI1001817,2026-04-24 18:01:00,C01417,P00674,S016,3,58244.12,0.2,165995.74,COD,shipped,2026-04-24
OI1001818,2026-04-24 21:10:00,C00965,P00585,S007,1,64199.22,0.1,51359.38,NETBANKING,shipped,2026-04-24
OI1001819,2026-04-24 19:11:00,C01631,P00435,S015,2,28267.64,0.1,53708.52,CARD,shipped,2026-04-24
OI1001820,2026-04-24 22:59:00,C00454,P00239,S021,3,78360.4,0.0,235081.2,UPI,shipped,2026-04-24
OI1001821,2026-04-24 17:54:00,C01797,P00006,S063,3,10740.11,0.05,32220.33,WALLET,cancelled,2026-04-24
OI1001822,2026-04-24 18:08:00,C00527,P00149,S062,5,52945.24,0.1,238253.58,CARD,cancelled,2026-04-24
OI1001823,2026-04-24 10:55:00,C00268,P00156,S016,4,44208.86,0.1,176835.44,COD,returned,2026-04-24
OI1001824,2026-04-24 15:31:00,C01833,P00228,S048,2,5500.95,0.2,8801.52,UPI,cancelled,2026-04-24
OI1001825,2026-04-24 18:10:00,C02203,,S019,1,7726.84,0.0,7726.84,UPI,cancelled,2026-04-24
OI1001826,2026-04-24 13:34:00,C01762,P00053,S006,5,33861.69,0.2,169308.45,CARD,returned,2026-04-24
OI1001827,2026-04-09 20:00:00,C02300,P00603,S066,1,86592.47,0.05,82262.85,COD,delivered,2026-04-24
OI1001828,2026-04-24 06:03:00,C00983,P00248,S009,2,86544.26,0.2,138470.82,NETBANKING,returned,2026-04-24
OI1001829,2026-04-24 13:10:00,C02164,P00748,S013,1,33758.25,0.2,30382.42,WALLET,returned,2026-04-24
OI1001830,2026-04-24 01:30:00,C00484,P00498,S055,1,59122.37,0.05,56166.25,COD,shipped,2026-04-24
OI1001831,2026-04-09 08:00:00,C01871,P00291,S068,6,85457.95,0.2,410198.16,CARD,cancelled,2026-04-24
OI1001832,2026-04-24 00:42:00,C02336,P00565,S023,6,46039.77,0.0,248614.76,CARD,returned,2026-04-24
OI1001833,2026-04-24 10:53:00,C01142,P00218,S026,2,65078.6,0.2,117141.48,NETBANKING,delivered,2026-04-24
OI1001834,2026-04-24 02:54:00,C00444,P00799,S017,1,89228.66,0.2,71382.93,UPI,delivered,2026-04-24
OI1001835,2026-04-24 16:44:00,C01528,P00191,S043,1,35912.33,0.05,28729.86,COD,delivered,2026-04-24
OI1001836,2026-04-24 09:40:00,C00545,P00020,S057,5,55234.97,0.2,220939.88,UPI,cancelled,2026-04-24
OI1001837,2026-04-24 23:40:00,C00007,P00721,S056,6,40942.26,0.0,233370.88,COD,shipped,2026-04-24
OI1001838,2026-04-24 02:04:00,C01251,P00466,S029,3,55208.34,0.1,149062.52,CARD,delivered,2026-04-24
OI1001839,2026-04-24 20:45:00,C00697,P00678,S016,1,85826.41,0.1,77243.77,UPI,cancelled,2026-04-24
OI1001840,2026-04-24 08:51:00,C01078,P00577,S064,6,60430.85,0.2,362585.1,CARD,cancelled,2026-04-24
OI1001841,2026-04-16 19:00:00,C01027,P00560,S033,6,28957.13,0.2,165055.64,CARD,cancelled,2026-04-24
OI1001842,2026-04-24 00:08:00,C01782,P00261,S019,5,unknown,0.1,bad_amount,NETBANKING,returned,2026-04-24
OI1001843,2026-04-24 03:01:00,C01836,P00002,S053,6,unknown,0.0,bad_amount,COD,returned,2026-04-24
OI1001844,2026-04-24 01:14:00,C01036,P00532,S011,6,14865.84,0.1,84735.29,COD,delivered,2026-04-24
OI1001845,2026-04-24 09:15:00,C00120,P00063,S064,2,57300.01,0.1,108870.02,COD,returned,2026-04-24
OI1001846,2026-04-24 22:33:00,C01763,P00450,S040,2,70829.61,0.05,113327.38,UPI,returned,2026-04-24
OI1001847,2026-04-24 03:50:00,C00521,P00061,S074,3,28120.7,0.05,75925.89,WALLET,cancelled,2026-04-24
OI1001848,2026-04-24 01:20:00,C00166,P00166,S058,4,66887.45,0.0,214039.84,UPI,returned,2026-04-24
OI1001849,2026-04-24 17:18:00,C01776,P00454,S022,4,35110.72,0.2,140442.88,UPI,cancelled,2026-04-24
OI1001850,2026-04-24 16:07:00,C00707,P00160,S018,1,56754.39,0.05,53916.67,NETBANKING,cancelled,2026-04-24
OI1001851,2026-04-24 08:21:00,C01855,P00640,S068,3,84098.93,0.05,201837.43,CARD,delivered,2026-04-24
OI1001852,2026-04-24 03:09:00,C00682,P00223,S036,3,51580.17,0.05,139266.46,UPI,cancelled,2026-04-24
OI1001853,2026-04-24 18:48:00,C01973,P00533,S045,3,71506.81,0.0,203794.41,NETBANKING,cancelled,2026-04-24
OI1001854,2026-04-05 07:00:00,C00018,P00279,S036,4,33752.53,0.2,128259.61,NETBANKING,shipped,2026-04-24
OI1001855,2026-04-24 21:37:00,C00562,P00286,S001,5,86705.09,0.0,411849.18,CARD,shipped,2026-04-24
OI1001856,2026-04-24 11:23:00,C01726,P00617,S019,1,71882.12,0.2,64693.91,WALLET,cancelled,2026-04-24
OI1001857,2026-04-24 09:19:00,C00335,P00734,S061,4,20878.89,0.1,75164.0,COD,cancelled,2026-04-24
OI1001858,2026-04-24 18:25:00,C00938,P00319,S035,4,38863.82,0.05,147682.52,CARD,returned,2026-04-24
OI1001859,2026-04-24 12:01:00,C02008,,S043,1,56754.39,0.05,NaN_TEXT,UPI,returned,2026-04-24
OI1001860,2026-04-24 11:48:00,C02261,P00667,S046,4,83084.21,0.1,265869.47,WALLET,shipped,2026-04-24
OI1001861,2026-04-24 13:22:00,C02163,P00166,S012,6,66887.45,0.2,401324.7,CARD,delivered,2026-04-24
OI1001862,2026-04-24 13:01:00,C01637,P00750,S051,2,62995.9,0.1,100793.44,UPI,delivered,2026-04-24
OI1001863,2026-04-24 00:23:00,C02230,P00422,S041,2,64665.44,0.0,122864.34,NETBANKING,delivered,2026-04-24
OI1001864,2026-04-24 03:00:00,C01463,P00235,S028,5,20332.68,0.05,81330.72,NETBANKING,returned,2026-04-24
OI1001865,2026-04-24 10:49:00,C02405,P00305,S033,2,18907.54,0.1,30252.06,WALLET,shipped,2026-04-24
OI1001866,2026-04-24 01:33:00,C01866,P00298,S034,2,78345.78,0.0,156691.56,WALLET,delivered,2026-04-24
OI1001867,2026-04-24 18:37:00,C02032,P00400,S055,6,27347.38,0.0,155880.07,CARD,shipped,2026-04-24
OI1001868,2026-04-24 07:34:00,C00033,P00653,S059,5,64700.15,0.2,323500.75,WALLET,cancelled,2026-04-24
OI1001869,2026-04-24 03:20:00,C01891,P00549,S062,1,67394.88,0.0,NaN_TEXT,WALLET,shipped,2026-04-24
OI1001870,2026-04-24 01:17:00,C01200,P00018,S036,4,57158.76,0.0,217203.29,UPI,delivered,2026-04-24
OI1001871,2026-04-24 04:32:00,C02061,P00565,S048,2,46039.77,0.1,87475.56,CARD,cancelled,2026-04-24
OI1001872,2026-04-24 06:40:00,C01685,P00247,S060,5,85045.12,0.1,382703.04,NETBANKING,cancelled,2026-04-24
OI1001873,2026-04-24 11:09:00,C01449,P00788,S035,1,7687.85,0.05,7687.85,NETBANKING,returned,2026-04-24
OI1001874,2026-04-24 00:49:00,C01966,P00631,S047,3,76016.38,0.0,182439.31,NETBANKING,delivered,2026-04-24
OI1001875,2026-04-24 01:16:00,C01914,P00335,S016,5,23504.66,0.0,111647.13,COD,delivered,2026-04-24
OI1001876,2026-04-24 20:03:00,C02381,P00341,S024,6,51692.73,0.2,279140.74,NETBANKING,returned,2026-04-24
OI1001877,2026-04-24 20:49:00,C02151,P00394,S022,6,15576.88,0.2,74769.02,WALLET,returned,2026-04-24
OI1001878,2026-04-24 12:54:00,C01439,P00256,S043,5,2640.76,0.1,11883.42,NETBANKING,shipped,2026-04-24
OI1001879,2026-04-24 10:32:00,C00938,P00146,S046,3,18705.7,0.1,56117.1,WALLET,shipped,2026-04-24
OI1001880,2026-04-24 09:53:00,C00783,P00640,S037,5,84098.93,0.0,420494.65,UPI,returned,2026-04-24
OI1001881,2026-04-20 11:00:00,C01305,P00186,S036,4,52875.22,0.2,169200.7,WALLET,delivered,2026-04-24
OI1001882,2026-04-24 18:22:00,C02411,P00247,S003,5,85045.12,0.1,425225.6,COD,cancelled,2026-04-24
OI1001883,2026-04-24 20:02:00,C00158,P00036,S025,1,9298.66,0.1,9298.66,CARD,shipped,2026-04-24
OI1001884,2026-04-24 02:19:00,C00139,P00741,S038,5,9080.41,0.0,45402.05,CARD,cancelled,2026-04-24
OI1001885,2026-04-24 08:29:00,C00779,P00540,S021,6,12058.68,0.2,68734.48,NETBANKING,returned,2026-04-24
OI1001886,2026-04-24 10:17:00,C00512,P00382,S030,5,43163.29,0.05,194234.81,COD,shipped,2026-04-24
OI1001887,2026-04-24 06:34:00,C00370,P00642,S011,3,3715.45,0.1,10589.03,UPI,delivered,2026-04-24
OI1001888,2026-04-24 00:25:00,C02199,P00575,S009,2,22217.67,0.05,44435.34,NETBANKING,shipped,2026-04-24
OI1001889,2026-04-24 21:22:00,C01586,P00109,S054,4,87371.25,0.0,332010.75,NETBANKING,returned,2026-04-24
OI1001890,2026-04-24 16:00:00,C01277,P00427,S006,3,87547.32,0.2,249509.86,UPI,cancelled,2026-04-24
OI1001891,2026-04-24 02:59:00,C01174,P00289,S071,1,69467.49,0.0,55573.99,NETBANKING,returned,2026-04-24
OI1001892,2026-04-24 12:03:00,C00957,P00252,S001,3,62580.71,0.0,168967.92,WALLET,returned,2026-04-24
OI1001893,2026-04-24 21:05:00,C00773,P00579,S038,6,66545.66,0.1,379310.26,CARD,returned,2026-04-24
OI1001894,2026-04-24 16:47:00,C01599,P00396,S059,3,60882.95,0.2,173516.41,COD,shipped,2026-04-24
OI1001895,2026-04-24 19:48:00,C02273,P00388,S065,5,12049.67,0.05,48198.68,UPI,cancelled,2026-04-24
OI1001896,2026-04-24 07:38:00,C00018,P00212,S048,1,65425.73,0.1,65425.73,COD,returned,2026-04-24
OI1001897,2026-04-24 04:03:00,C02359,P00491,S063,2,6922.87,0.1,12461.17,CARD,shipped,2026-04-24
OI1001898,2026-04-24 20:10:00,C01294,P00176,S066,5,68234.0,0.05,341170.0,WALLET,cancelled,2026-04-24
OI1001899,2026-04-24 05:51:00,C00841,P00635,S032,2,37326.92,0.1,74653.84,NETBANKING,returned,2026-04-24
OI1001900,2026-04-24 04:56:00,C02436,P00473,S011,5,3872.45,0.0,18394.14,COD,delivered,2026-04-24
OI1001901,2026-04-24 01:46:00,C01950,P00758,S051,2,79607.14,0.05,127371.42,UPI,shipped,2026-04-24
OI1001902,2026-04-24 07:30:00,C02499,P00336,S071,5,40699.34,0.2,162797.36,WALLET,returned,2026-04-24
OI1001903,2026-04-20 13:00:00,C00605,P00653,S060,1,64700.15,0.0,51760.12,COD,shipped,2026-04-24
OI1001904,2026-04-24 19:11:00,C01189,P00719,S030,1,37253.32,0.1,33527.99,CARD,shipped,2026-04-24
OI1001905,2026-04-24 14:47:00,C01110,P00427,S067,4,87547.32,0.05,350189.28,NETBANKING,shipped,2026-04-24
OI1001906,2026-04-24 07:02:00,C02104,P00218,S048,4,65078.6,0.1,208251.52,CARD,shipped,2026-04-24
OI1001907,2026-04-24 13:38:00,C01496,P00139,S011,6,87469.0,0.0,472332.6,COD,delivered,2026-04-24
OI1001908,2026-04-24 06:40:00,C02187,P00276,S016,3,86969.03,0.05,208725.67,COD,returned,2026-04-24
OI1001909,2026-04-24 04:54:00,C01033,P00160,S070,1,56754.39,0.05,51078.95,COD,returned,2026-04-24
OI1001910,2026-04-24 17:07:00,C01914,P00504,S041,6,13355.18,0.1,80131.08,WALLET,returned,2026-04-24
OI1001911,2026-04-24 02:26:00,C01326,P00141,S003,5,7162.54,0.05,35812.7,UPI,cancelled,2026-04-24
OI1001912,2026-04-24 00:39:00,C02268,P00155,S040,3,50875.13,0.1,137362.85,CARD,shipped,2026-04-24
OI1001913,2026-04-24 12:27:00,C01681,P00630,S003,4,27086.8,0.1,86677.76,WALLET,cancelled,2026-04-24
OI1001914,2026-04-24 11:01:00,C00188,P00746,S062,4,2911.66,0.2,9317.31,CARD,delivered,2026-04-24
OI1001915,2026-04-24 03:09:00,C02072,P00589,S011,3,4394.23,0.0,11864.42,NETBANKING,delivered,2026-04-24
OI1001916,2026-04-24 04:33:00,C01725,P00082,S038,1,67514.24,0.05,64138.53,UPI,shipped,2026-04-24
OI1001917,2026-04-24 02:37:00,C00391,P00430,S043,6,66211.05,0.1,397266.3,CARD,delivered,2026-04-24
OI1001918,2026-04-24 05:28:00,C01515,P00512,S027,4,57671.0,0.0,207615.6,WALLET,delivered,2026-04-24
OI1001919,2026-04-24 06:49:00,C00394,P00632,S023,1,62788.56,0.0,59649.13,CARD,cancelled,2026-04-24
OI1001920,2026-04-24 22:59:00,C02196,P00374,S004,5,45543.07,0.2,216329.58,COD,shipped,2026-04-24
OI1001921,2026-04-24 22:33:00,C02385,P00270,S036,4,40733.2,0.2,146639.52,NETBANKING,shipped,2026-04-24
OI1001922,2026-04-24 01:48:00,C00385,P00427,S060,3,87547.32,0.1,262641.96,CARD,returned,2026-04-24
OI1001923,2026-04-24 13:16:00,C00386,P00590,S066,4,62602.53,0.2,250410.12,CARD,returned,2026-04-24
OI1001924,2026-04-24 00:50:00,C01627,P00649,S023,6,58841.77,0.2,353050.62,NETBANKING,shipped,2026-04-24
OI1001925,2026-04-24 03:04:00,C00718,P00615,S061,5,89289.59,0.2,401803.15,COD,returned,2026-04-24
OI1001926,2026-04-24 08:32:00,C01596,P00769,S034,6,3711.25,0.05,20040.75,UPI,delivered,2026-04-24
OI1001927,2026-04-18 03:00:00,C01858,P00696,S030,4,69138.45,0.05,248898.42,NETBANKING,shipped,2026-04-24
OI1001928,2026-04-24 18:49:00,C01911,P00071,S037,6,45073.73,0.2,256920.26,WALLET,cancelled,2026-04-24
OI1001929,2026-04-24 12:37:00,C00199,P00240,S031,1,38231.58,0.2,36320.0,CARD,cancelled,2026-04-24
OI1001930,2026-04-24 04:12:00,C00321,P00676,S008,5,18432.07,0.05,87552.33,CARD,returned,2026-04-24
OI1001931,2026-04-24 05:37:00,C01676,P00676,S044,1,18432.07,0.0,18432.07,CARD,delivered,2026-04-24
OI1001932,2026-04-24 14:28:00,C00744,P00519,S052,2,28821.3,0.1,54760.47,NETBANKING,returned,2026-04-24
OI1001933,2026-04-12 03:00:00,C01153,P00552,S006,1,35442.6,0.0,33670.47,NETBANKING,returned,2026-04-24
OI1001934,2026-04-24 21:25:00,C00676,P00695,S056,4,78265.88,0.2,250450.82,CARD,delivered,2026-04-24
OI1001935,2026-04-24 12:58:00,C00528,P00430,S019,2,66211.05,0.05,132422.1,WALLET,cancelled,2026-04-24
OI1001936,2026-04-24 23:04:00,C00509,P00497,S028,3,74754.17,0.05,224262.51,NETBANKING,returned,2026-04-24
OI1001937,2026-04-24 06:03:00,C02062,P00563,S017,1,22984.94,0.2,18387.95,COD,cancelled,2026-04-24
OI1001938,2026-04-24 14:13:00,C00994,P00740,S002,2,59184.15,0.0,118368.3,NETBANKING,delivered,2026-04-24
OI1001939,2026-04-24 03:41:00,C02082,P00325,S060,6,5814.81,0.05,34888.86,UPI,returned,2026-04-24
OI1001940,2026-04-24 20:08:00,C00424,P00645,S032,2,unknown,0.0,bad_amount,COD,cancelled,2026-04-24
OI1001941,2026-04-24 04:10:00,C01022,P00084,S001,3,75079.07,0.0,225237.21,CARD,returned,2026-04-24
OI1001942,2026-04-24 19:46:00,C01402,P00349,S029,4,40355.58,0.05,161422.32,COD,cancelled,2026-04-24
OI1001943,2026-04-24 15:02:00,C01597,P00515,S023,3,1538.5,0.2,4615.5,UPI,cancelled,2026-04-24
OI1001944,2026-04-24 13:29:00,C00271,P00660,S075,2,46189.57,0.1,87760.18,COD,returned,2026-04-24
OI1001945,2026-04-24 20:41:00,C02210,P00189,S004,2,20249.95,0.0,38474.9,UPI,shipped,2026-04-24
OI1001946,2026-04-24 02:20:00,C01306,P00780,S030,5,36021.81,0.2,171103.6,UPI,returned,2026-04-24
OI1001947,2026-04-24 04:02:00,C01939,P00770,S011,4,4472.87,0.2,16996.91,NETBANKING,shipped,2026-04-24
OI1001948,2026-04-24 22:56:00,C02302,P00124,S065,3,34862.45,0.1,104587.35,WALLET,shipped,2026-04-24
OI1001949,2026-04-24 15:06:00,C01699,P00575,S060,2,22217.67,0.1,39991.81,UPI,cancelled,2026-04-24
OI1001950,2026-04-24 05:21:00,C00520,P00457,S049,6,74186.35,0.1,445118.1,CARD,cancelled,2026-04-24
OI1001951,2026-04-24 11:03:00,C02414,P00482,S047,1,34919.69,0.2,27935.75,COD,shipped,2026-04-24
OI1001952,2026-04-24 10:06:00,C01712,P00382,S002,4,43163.29,0.05,155387.84,UPI,shipped,2026-04-24
OI1001953,2026-04-24 23:23:00,C01171,P00625,S043,4,19780.97,0.2,75167.69,COD,shipped,2026-04-24
OI1001954,2026-04-24 23:22:00,C00288,P00541,S003,4,70944.79,0.0,269590.2,NETBANKING,shipped,2026-04-24
OI1001955,2026-04-24 09:06:00,C02100,P00764,S060,6,29078.9,0.2,165749.73,COD,cancelled,2026-04-24
OI1001956,2026-04-24 20:40:00,C02120,P00125,S044,1,14785.78,0.2,11828.62,WALLET,delivered,2026-04-24
OI1001957,2026-04-24 02:10:00,C01813,P00132,S051,4,65508.38,0.05,262033.52,UPI,shipped,2026-04-24
OI1001958,2026-04-24 10:24:00,C02347,P00730,S053,3,unknown,0.05,bad_amount,CARD,cancelled,2026-04-24
OI1001959,2026-04-24 18:33:00,C02307,P00562,S048,4,35295.39,0.1,141181.56,WALLET,returned,2026-04-24
OI1001960,2026-04-24 03:16:00,C01434,P00142,S017,5,85536.27,0.0,342145.08,COD,cancelled,2026-04-24
OI1001961,2026-04-24 08:57:00,C01854,P00667,S030,1,83084.21,0.0,78930.0,UPI,delivered,2026-04-24
OI1001962,2026-04-12 01:00:00,C01095,P00424,S038,6,42885.89,0.05,257315.34,CARD,returned,2026-04-24
OI1001963,2026-04-24 10:45:00,C01884,P00006,S058,5,10740.11,0.05,42960.44,COD,shipped,2026-04-24
OI1001964,2026-04-24 11:25:00,C00131,P00341,S064,4,51692.73,0.1,186093.83,UPI,returned,2026-04-24
OI1001965,2026-04-24 17:41:00,C02030,P00422,S033,5,64665.44,0.1,307160.84,UPI,cancelled,2026-04-24
OI1001966,2026-04-24 23:40:00,C01345,P00091,S006,6,7821.68,0.05,44583.58,NETBANKING,returned,2026-04-24
OI1001967,2026-04-24 13:35:00,C00234,P00005,S023,1,51796.39,0.2,51796.39,CARD,cancelled,2026-04-24
OI1001968,2026-04-24 01:58:00,C01277,P00240,S075,4,38231.58,0.2,122341.06,UPI,delivered,2026-04-24
OI1001969,2026-04-24 17:27:00,C00125,P00794,S033,3,79522.54,0.05,226639.24,COD,cancelled,2026-04-24
OI1001970,2026-04-24 18:46:00,C00191,P00564,S013,1,373.78,0.05,373.78,UPI,shipped,2026-04-24
OI1001971,2026-04-24 10:02:00,C01659,P00223,S057,5,51580.17,0.2,206320.68,NETBANKING,shipped,2026-04-24
OI1001972,2026-04-24 04:57:00,C01793,P00585,S013,6,64199.22,0.1,365935.55,UPI,shipped,2026-04-24
OI1001973,2026-04-24 19:55:00,C01348,P00130,S057,6,10121.56,0.05,48583.49,NETBANKING,cancelled,2026-04-24
OI1001974,2026-04-24 13:38:00,C01564,P00030,S074,2,36930.25,0.1,59088.4,COD,delivered,2026-04-24
OI1001975,2026-04-24 03:31:00,C01158,P00588,S002,3,14296.19,0.0,40744.14,CARD,cancelled,2026-04-24
OI1001976,2026-04-24 07:48:00,C00622,P00428,S015,6,68085.26,0.05,408511.56,WALLET,delivered,2026-04-24
OI1001977,2026-04-24 19:14:00,C01239,P00565,S051,3,46039.77,0.0,131213.34,COD,cancelled,2026-04-24
OI1001978,2026-04-24 22:25:00,C01754,P00182,S029,2,51122.18,0.0,92019.92,WALLET,delivered,2026-04-24
OI1001979,2026-04-24 16:25:00,C01974,P00681,S046,1,72609.64,0.0,58087.71,WALLET,shipped,2026-04-24
OI1001980,2026-04-24 18:10:00,C01085,P00792,S017,3,89381.89,0.2,241331.1,NETBANKING,delivered,2026-04-24
OI1001981,2026-04-24 05:34:00,C01195,P00539,S046,2,10497.22,0.2,20994.44,UPI,delivered,2026-04-24
OI1001982,2026-04-24 01:37:00,C00565,P00418,S062,2,5921.13,0.05,9473.81,WALLET,delivered,2026-04-24
OI1001983,2026-04-24 20:09:00,C01039,P00533,S037,1,71506.81,0.1,57205.45,CARD,cancelled,2026-04-24
OI1001984,2026-04-24 08:46:00,C01591,P00291,S027,3,85457.95,0.0,243555.16,CARD,cancelled,2026-04-24
OI1001985,2026-04-18 20:00:00,C00083,P00214,S011,6,58149.68,0.2,314008.27,CARD,returned,2026-04-24
OI1001986,2026-04-24 10:54:00,C02402,P00790,S027,2,50083.64,0.2,80133.82,NETBANKING,cancelled,2026-04-24
OI1001987,2026-04-24 07:44:00,C02473,P00726,S041,5,51078.66,0.2,255393.3,NETBANKING,cancelled,2026-04-24
OI1001988,2026-04-24 20:36:00,C00476,P00595,S028,1,6139.0,0.0,5832.05,WALLET,cancelled,2026-04-24
OI1001989,2026-04-24 03:11:00,C00582,P00729,S001,5,17472.25,0.05,69889.0,UPI,shipped,2026-04-24
OI1001990,2026-04-24 05:39:00,C02157,P00768,S042,1,unknown,0.2,bad_amount,UPI,shipped,2026-04-24
OI1001991,2026-04-24 21:22:00,C00948,P00453,S075,1,7391.19,0.1,7021.63,NETBANKING,delivered,2026-04-24
OI1001992,2026-04-24 02:27:00,C00736,P00050,S043,3,75102.36,0.05,180245.66,WALLET,shipped,2026-04-24
OI1001993,2026-04-24 17:42:00,C00787,P00141,S044,1,7162.54,0.2,6446.29,NETBANKING,delivered,2026-04-24
OI1001994,2026-04-24 08:55:00,C02451,P00020,S036,2,55234.97,0.2,104946.44,WALLET,shipped,2026-04-24
OI1001995,2026-04-24 14:13:00,C01929,P00095,S056,3,63555.78,0.05,190667.34,UPI,delivered,2026-04-24
OI1001996,2026-04-24 00:34:00,C00464,P00765,S058,6,39553.0,0.2,213586.2,WALLET,returned,2026-04-24
OI1001997,2026-04-24 22:36:00,C01481,P00562,S033,6,35295.39,0.1,190595.11,WALLET,returned,2026-04-24
OI1001998,2026-04-24 10:11:00,C00271,P00507,S042,5,13122.94,0.0,52491.76,UPI,returned,2026-04-24
OI1001999,2026-04-24 05:30:00,C00149,P00254,S054,4,66797.64,0.05,267190.56,WALLET,shipped,2026-04-24
OI1002000,2026-04-24 18:23:00,C02359,P00290,S069,1,48750.05,0.2,46312.55,COD,shipped,2026-04-24
OI1000675,2026-04-06 20:00:00,C01648,P00489,S066,5,83719.94,0.2,418599.7,CARD,delivered,2026-04-24
OI1001700,2026-04-24 11:04:00,C01422,P00699,S075,6,67726.99,0.2,325089.55,WALLET,delivered,2026-04-24
OI1001283,2026-04-24 11:27:00,C01125,P00597,S062,2,22168.54,0.1,44337.08,CARD,shipped,2026-04-24
OI1001316,2026-04-24 15:11:00,C02462,P00006,S031,2,10740.11,0.1,20406.21,UPI,returned,2026-04-24
OI1001211,2026-04-24 22:51:00,C00034,P00197,S066,6,28751.74,0.05,155259.4,CARD,delivered,2026-04-24
OI1001637,2026-04-24 23:02:00,C00717,P00123,S008,1,30615.63,0.0,24492.5,NETBANKING,returned,2026-04-24
OI1000614,2026-04-24 03:31:00,C01415,P00037,S057,4,27187.86,0.05,97876.3,COD,cancelled,2026-04-24
OI1000448,2026-04-24 17:46:00,C02074,P00089,S062,2,54798.93,0.05,98638.07,COD,shipped,2026-04-24
OI1001132,2026-04-24 07:48:00,C00153,P00670,S059,2,38746.57,0.0,77493.14,NETBANKING,delivered,2026-04-24
OI1000809,2026-04-24 13:21:00,C01285,P00361,S011,3,36875.57,0.1,99564.04,CARD,returned,2026-04-24
OI1001497,2026-04-24 19:09:00,C00166,P00138,S031,3,8583.97,0.0,25751.91,NETBANKING,delivered,2026-04-24
OI1001469,2026-04-24 21:36:00,C00147,P00296,S054,1,64201.56,0.1,57781.4,WALLET,delivered,2026-04-24
OI1001683,2026-04-18 11:00:00,C02451,P00140,S043,6,33601.76,0.2,181449.5,NETBANKING,delivered,2026-04-24
OI1001150,2026-04-24 10:45:00,C02147,P00495,S061,5,63282.68,0.0,316413.4,CARD,returned,2026-04-24
OI1000443,2026-04-24 00:32:00,C00320,P00216,S074,6,38520.65,0.2,231123.9,COD,delivered,2026-04-24
OI1001814,2026-04-24 15:05:00,C00170,P00338,S016,4,unknown,0.0,bad_amount,COD,returned,2026-04-24
OI1000655,2026-04-04 05:00:00,C01536,P00799,S075,6,89228.66,0.0,428297.57,NETBANKING,cancelled,2026-04-24
OI1001265,2026-04-24 13:08:00,C00887,P00776,S036,6,85783.24,0.2,488964.47,COD,delivered,2026-04-24
OI1000859,2026-04-24 00:03:00,C00628,P00389,S015,2,85324.61,0.05,170649.22,COD,delivered,2026-04-24
OI1001483,2026-04-24 21:28:00,C01620,P00118,S045,5,68692.94,0.0,309118.23,CARD,delivered,2026-04-24
OI1000232,2026-04-24 03:43:00,C02389,P00408,S027,6,1514.72,0.0,8633.9,UPI,delivered,2026-04-24
OI1001822,2026-04-24 18:08:00,C00527,P00149,S062,5,52945.24,0.1,238253.58,CARD,cancelled,2026-04-24
OI1001927,2026-04-18 03:00:00,C01858,P00696,S030,4,69138.45,0.05,248898.42,NETBANKING,shipped,2026-04-24
OI1000882,2026-04-24 03:06:00,C00663,P00795,S006,6,8177.98,0.0,49067.88,UPI,returned,2026-04-24
OI1000632,2026-04-24 17:19:00,C00964,P00280,S040,2,77257.9,0.1,123612.64,CARD,shipped,2026-04-24
OI1000376,2026-04-24 04:05:00,C01779,P00722,S025,5,75564.96,0.2,340042.32,NETBANKING,shipped,2026-04-24
OI1001961,2026-04-24 08:57:00,C01854,P00667,S030,1,83084.21,0.0,78930.0,UPI,delivered,2026-04-24
OI1000368,2026-04-24 17:43:00,C01888,P00215,S066,1,18263.0,0.2,16436.7,COD,cancelled,2026-04-24
OI1000559,2026-04-24 19:06:00,C00859,P00698,S053,5,75744.73,0.2,359787.47,UPI,cancelled,2026-04-24
OI1000276,2026-04-24 02:38:00,C00591,P00712,S057,1,86349.23,0.2,82031.77,CARD,shipped,2026-04-24
OI1001978,2026-04-24 22:25:00,C01754,P00182,S029,2,51122.18,0.0,92019.92,WALLET,delivered,2026-04-24
OI1000875,2026-04-24 11:10:00,C00096,P00402,S039,5,87853.14,0.05,351412.56,NETBANKING,returned,2026-04-24
OI1001679,2026-04-24 08:47:00,C01281,P00437,S072,4,78191.92,0.1,312767.68,CARD,shipped,2026-04-24
OI1000731,2026-04-24 15:42:00,C01807,P00351,S022,1,50547.87,0.05,48020.48,NETBANKING,shipped,2026-04-24
OI1000574,2026-04-24 01:29:00,C01401,P00050,S024,3,75102.36,0.05,202776.37,NETBANKING,shipped,2026-04-24
OI1000719,2026-04-24 17:32:00,C01767,P00679,S066,2,30430.68,0.1,48689.09,NETBANKING,returned,2026-04-24
OI1000578,2026-04-24 04:21:00,C01780,P00783,S074,2,21905.04,0.0,43810.08,WALLET,shipped,2026-04-24
OI1000057,2026-04-24 03:09:00,C01905,P00725,S070,6,62116.51,0.0,298159.25,NETBANKING,cancelled,2026-04-24
OI1000869,2026-04-24 16:17:00,C02189,P00346,S074,2,21611.47,0.0,43222.94,CARD,delivered,2026-04-24
OI1001729,2026-04-09 02:00:00,C01536,P00367,S053,6,74073.14,0.1,444438.84,COD,cancelled,2026-04-24
OI1000187,2026-04-24 12:52:00,C00285,P00037,S038,2,27187.86,0.2,51656.93,UPI,returned,2026-04-24
OI1000283,2026-04-24 22:14:00,C01385,P00324,S023,4,2068.6,0.0,8274.4,WALLET,cancelled,2026-04-24
OI1001139,2026-04-24 17:43:00,C01083,P00573,S012,5,52604.07,0.0,263020.35,UPI,cancelled,2026-04-24
OI1001045,2026-04-24 13:33:00,C00889,P00269,S038,5,1133.19,0.1,5382.65,WALLET,shipped,2026-04-24
OI1001069,2026-04-24 20:13:00,C01106,P00314,S047,3,87369.41,0.1,209686.58,NETBANKING,shipped,2026-04-24
