order_id,order_ts,customer_id,product_id,store_id,quantity,unit_price,discount_pct,gross_amount,payment_method,order_status,ingest_date,coupon_code
OI3000001,2026-04-26 22:42:00,C01830,P00296,S056,5,64201.56,0.1,256806.24,CARD,returned,2026-04-26,
OI3000002,2026-04-26 04:25:00,C01705,P00334,S030,2,16032.79,0.0,25652.46,NETBANKING,cancelled,2026-04-26,
OI3000003,2026-04-23 00:00:00,C01378,P00014,S045,6,24907.63,0.1,141973.49,CARD,shipped,2026-04-26,NEW10
OI3000004,2026-04-26 14:17:00,C02220,P00747,S030,2,61937.51,0.05,117681.27,CARD,shipped,2026-04-26,NEW10
OI3000005,2026-04-26 14:51:00,C01276,P00513,S005,4,72010.17,0.05,273638.65,UPI,delivered,2026-04-26,
OI3000006,2026-04-26 21:59:00,C01186,P00747,S044,6,61937.51,0.2,297300.05,CARD,cancelled,2026-04-26,
OI3000007,2026-04-26 06:29:00,C02099,P00522,S026,4,7540.18,0.1,30160.72,NETBANKING,shipped,2026-04-26,
OI3000008,2026-04-26 00:01:00,C01410,P00432,S011,1,7269.25,0.2,5815.4,UPI,returned,2026-04-26,
OI3000009,2026-04-26 16:42:00,C00774,P00672,S032,2,48105.37,0.05,96210.74,CARD,delivered,2026-04-26,
OI3000010,2026-04-26 13:03:00,C02274,P00686,S006,1,81005.35,0.05,76955.08,CARD,cancelled,2026-04-26,
OI3000011,2026-04-26 09:38:00,C00397,P00591,S003,4,40822.83,0.2,130633.06,UPI,delivered,2026-04-26,
OI3000012,2026-04-21 12:00:00,C00944,P00284,S020,2,43325.42,0.2,86650.84,NETBANKING,returned,2026-04-26,
OI3000013,2026-04-26 08:49:00,C00680,P00619,S043,4,59995.5,0.1,191985.6,CARD,shipped,2026-04-26,
OI3000014,2026-04-26 00:05:00,C02147,P00312,S030,6,8221.56,0.1,49329.36,COD,returned,2026-04-26,
OI3000015,2026-04-26 14:10:00,C00066,P00727,S012,2,68215.7,0.2,122788.26,UPI,cancelled,2026-04-26,
OI3000016,2026-04-26 10:34:00,C01724,P00008,S043,1,8710.16,0.05,7839.14,CARD,returned,2026-04-26,
OI3000017,2026-04-26 15:58:00,C02376,P00391,S020,2,40752.6,0.2,73354.68,WALLET,returned,2026-04-26,FESTIVE20
OI3000018,2026-04-26 23:13:00,C01463,P00329,S033,6,4843.15,0.0,26153.01,WALLET,delivered,2026-04-26,FESTIVE20
OI3000019,2026-04-26 05:01:00,C00141,P00334,S057,6,16032.79,0.0,91386.9,COD,returned,2026-04-26,FESTIVE20
OI3000020,2026-04-26 22:35:00,C00964,P00711,S043,3,67059.62,0.2,181060.97,CARD,shipped,2026-04-26,
OI3000021,2026-04-26 16:25:00,C01797,P00600,S017,4,41659.48,0.1,166637.92,UPI,cancelled,2026-04-26,NEW10
OI3000022,2026-04-26 14:56:00,C01288,P00293,S059,6,8044.48,0.1,45853.54,WALLET,returned,2026-04-26,
OI3000023,2026-04-26 22:23:00,C00682,P00025,S045,6,31334.27,0.1,178605.34,WALLET,cancelled,2026-04-26,
OI3000024,2026-04-26 18:42:00,C00437,P00007,S049,5,26020.02,0.05,130100.1,UPI,returned,2026-04-26,
OI3000025,2026-04-26 16:34:00,C00267,P00452,S018,1,80158.89,0.1,72143.0,NETBANKING,shipped,2026-04-26,
OI3000026,2026-04-26 21:31:00,C01999,P00639,S006,3,71673.79,0.0,172017.1,NETBANKING,delivered,2026-04-26,FESTIVE20
OI3000027,2026-04-26 18:37:00,C02380,P00529,S055,6,17985.15,0.1,107910.9,CARD,cancelled,2026-04-26,FESTIVE20
OI3000028,2026-04-26 09:08:00,C00573,P00186,S054,3,52875.22,0.2,158625.66,UPI,returned,2026-04-26,FESTIVE20
OI3000029,2026-04-26 17:25:00,C00578,P00524,S028,2,19552.66,0.05,37150.05,WALLET,shipped,2026-04-26,
OI3000030,2026-04-26 18:04:00,C00098,P00014,S037,3,24907.63,0.0,70986.75,WALLET,cancelled,2026-04-26,
OI3000031,2026-04-26 10:18:00,C01467,P00140,S026,3,33601.76,0.0,95765.02,UPI,delivered,2026-04-26,NEW10
OI3000032,2026-04-26 17:26:00,C01191,P00619,S017,5,59995.5,0.05,239982.0,CARD,shipped,2026-04-26,
OI3000033,2026-04-26 06:44:00,C00139,P00229,S029,2,78587.43,0.05,125739.89,COD,shipped,2026-04-26,
OI3000034,2026-04-26 12:14:00,C01990,P00135,S008,6,48883.94,0.05,234642.91,CARD,delivered,2026-04-26,FESTIVE20
OI3000035,2026-04-26 17:55:00,C01818,P00608,S036,1,77878.53,0.2,77878.53,COD,shipped,2026-04-26,
OI3000036,2026-04-26 13:36:00,C01050,P00294,S049,3,5174.19,0.0,13970.31,COD,shipped,2026-04-26,
OI3000037,2026-04-26 11:04:00,C02112,P00696,S004,1,69138.45,0.1,65681.53,UPI,returned,2026-04-26,
OI3000038,2026-04-26 15:58:00,C01923,P00430,S017,3,66211.05,0.0,198633.15,UPI,delivered,2026-04-26,
OI3000039,2026-04-26 20:09:00,C01536,P00370,S075,5,39280.5,0.0,176762.25,NETBANKING,cancelled,2026-04-26,NEW10
OI3000040,2026-04-12 09:00:00,C00346,P00429,S065,5,54171.73,0.05,257315.72,CARD,shipped,2026-04-26,
OI3000041,2026-04-22 21:00:00,C00616,P00316,S043,4,22142.03,0.05,79711.31,COD,cancelled,2026-04-26,NEW10
OI3000042,2026-04-26 09:54:00,C02030,P00076,S040,2,65585.96,0.2,118054.73,CARD,shipped,2026-04-26,
OI3000043,2026-04-26 00:46:00,C01347,P00413,S001,3,81415.77,0.1,195397.85,NETBANKING,delivered,2026-04-26,
OI3000044,2026-04-26 20:43:00,C02318,P00085,S051,3,8844.99,0.0,26534.97,WALLET,returned,2026-04-26,
OI3000045,2026-04-26 00:42:00,C01712,P00186,S022,1,52875.22,0.2,52875.22,NETBANKING,delivered,2026-04-26,
OI3000046,2026-04-10 08:00:00,C01548,P00247,S042,5,85045.12,0.1,382703.04,NETBANKING,shipped,2026-04-26,
OI3000047,2026-04-26 20:36:00,C02422,P00382,S016,2,43163.29,0.0,69061.26,UPI,cancelled,2026-04-26,
OI3000048,2026-04-26 08:43:00,C00234,P00215,S073,6,18263.0,0.2,104099.1,UPI,returned,2026-04-26,FESTIVE20
OI3000049,2026-04-26 07:58:00,C02074,P00439,S070,6,35995.69,0.2,194376.73,CARD,returned,2026-04-26,NEW10
OI3000050,2026-04-26 23:01:00,C02302,P00007,S051,6,26020.02,0.05,156120.12,CARD,shipped,2026-04-26,NEW10
OI3000051,2026-04-26 15:31:00,C00300,P00798,S073,1,76944.83,0.05,69250.35,COD,returned,2026-04-26,
OI3000052,2026-04-26 12:02:00,C01247,P00464,S051,2,78106.97,0.0,156213.94,COD,shipped,2026-04-26,
OI3000053,2026-04-26 00:02:00,C00310,P00624,S038,1,89193.1,0.05,80273.79,WALLET,delivered,2026-04-26,FESTIVE20
OI3000054,2026-04-26 18:31:00,C02067,P00374,S060,3,45543.07,0.05,136629.21,NETBANKING,returned,2026-04-26,
OI3000055,2026-04-26 06:06:00,C02165,P00036,S022,4,9298.66,0.05,33475.18,CARD,cancelled,2026-04-26,NEW10
OI3000056,2026-04-26 00:07:00,C00515,P00264,S038,4,8603.44,0.05,34413.76,NETBANKING,delivered,2026-04-26,NEW10
OI3000057,2026-04-26 15:33:00,C00756,P00656,S002,5,35109.15,0.05,140436.6,COD,cancelled,2026-04-26,
OI3000058,2026-04-26 01:52:00,C01432,P00028,S004,5,37057.72,0.05,148230.88,COD,shipped,2026-04-26,
OI3000059,2026-04-26 00:09:00,C00704,P00789,S048,3,46207.17,0.1,138621.51,CARD,delivered,2026-04-26,
OI3000060,2026-04-21 06:00:00,C02394,P00062,S017,6,29846.68,0.0,143264.06,COD,delivered,2026-04-26,
OI3000061,2026-04-26 21:32:00,C02155,P00455,S065,6,42679.32,0.05,NaN_TEXT,COD,shipped,2026-04-26,NEW10
OI3000062,2026-04-21 18:00:00,C00552,P00497,S033,5,74754.17,0.05,355082.31,NETBANKING,delivered,2026-04-26,
OI3000063,2026-04-26 10:11:00,C02232,P00313,S033,3,35756.37,0.05,101905.65,CARD,delivered,2026-04-26,
OI3000064,2026-04-26 14:45:00,C01067,P00167,S013,5,65097.56,0.0,309213.41,WALLET,returned,2026-04-26,
OI3000065,2026-04-26 20:47:00,C01475,P00366,S016,4,48300.51,0.05,183541.94,CARD,delivered,2026-04-26,
OI3000066,2026-04-26 14:18:00,C02180,P00786,S017,2,68208.61,0.1,136417.22,COD,cancelled,2026-04-26,NEW10
OI3000067,2026-04-26 20:07:00,C01228,P00162,S060,3,26013.63,0.0,74138.85,COD,cancelled,2026-04-26,
OI3000068,2026-04-26 01:14:00,C02297,P00204,S021,5,666.03,0.05,3330.15,WALLET,cancelled,2026-04-26,
OI3000069,2026-04-26 15:38:00,C01806,P00501,S043,6,25843.62,0.1,124049.38,WALLET,shipped,2026-04-26,
OI3000070,2026-04-26 06:43:00,C02065,P00618,S038,4,4658.4,0.1,16770.24,COD,returned,2026-04-26,
OI3000071,2026-04-26 19:17:00,C00340,P00196,S050,4,22015.14,0.05,88060.56,CARD,shipped,2026-04-26,
OI3000072,2026-04-26 14:18:00,C01036,P00222,S006,1,53115.56,0.1,42492.45,NETBANKING,delivered,2026-04-26,FESTIVE20
OI3000073,2026-04-26 10:36:00,C00555,P00523,S031,2,54356.5,0.2,97841.7,WALLET,cancelled,2026-04-26,
OI3000074,2026-04-26 19:36:00,C02248,P00776,S059,1,85783.24,0.1,81494.08,UPI,shipped,2026-04-26,
OI3000075,2026-04-26 14:11:00,C00743,P00183,S044,2,66956.49,0.05,107130.38,WALLET,cancelled,2026-04-26,
OI3000076,2026-04-26 17:39:00,C01837,P00220,S061,1,30894.86,0.1,30894.86,CARD,returned,2026-04-26,
OI3000077,2026-04-26 02:05:00,C02419,P00785,S026,3,73997.56,0.05,199793.41,COD,delivered,2026-04-26,
OI3000078,2026-04-26 17:16:00,C00037,P00482,S006,2,34919.69,0.2,62855.44,COD,cancelled,2026-04-26,FESTIVE20
OI3000079,2026-04-26 15:32:00,C01068,P00579,S050,5,66545.66,0.1,299455.47,COD,shipped,2026-04-26,
OI3000080,2026-04-26 07:26:00,C02079,P00006,S001,5,10740.11,0.0,48330.5,CARD,shipped,2026-04-26,
OI3000081,2026-04-26 18:23:00,C00718,P00395,S017,3,28538.84,0.1,77054.87,WALLET,shipped,2026-04-26,FESTIVE20
OI3000082,2026-04-26 15:32:00,C00979,P00132,S057,4,65508.38,0.1,235830.17,UPI,cancelled,2026-04-26,
OI3000083,2026-04-26 15:24:00,C00716,P00502,S071,2,33644.21,0.0,60559.58,NETBANKING,delivered,2026-04-26,
OI3000084,2026-04-26 23:04:00,C01977,P00641,S068,2,3019.0,0.2,NaN_TEXT,CARD,returned,2026-04-26,NEW10
OI3000085,2026-04-26 04:07:00,C02035,P00699,S069,1,67726.99,0.1,54181.59,WALLET,delivered,2026-04-26,
OI3000086,2026-04-26 08:01:00,C00724,P00165,S023,2,54914.34,0.0,104337.25,UPI,delivered,2026-04-26,
OI3000087,2026-04-26 14:43:00,C01140,P00149,S034,5,52945.24,0.2,238253.58,COD,cancelled,2026-04-26,
OI3000088,2026-04-26 09:32:00,C00016,P00369,S010,4,20639.77,0.1,66047.26,UPI,shipped,2026-04-26,
OI3000089,2026-04-26 09:56:00,C00949,P00110,S045,4,85862.06,0.2,274758.59,COD,returned,2026-04-26,
OI3000090,2026-04-26 06:25:00,C01660,P00364,S004,3,6421.55,0.1,NaN_TEXT,COD,delivered,2026-04-26,
OI3000091,2026-04-26 09:41:00,C01017,P00046,S027,5,33334.36,0.0,166671.8,CARD,shipped,2026-04-26,NEW10
OI3000092,2026-04-26 17:54:00,C02291,P00737,S070,3,10895.35,0.1,32686.05,COD,cancelled,2026-04-26,
OI3000093,2026-04-26 21:48:00,C01552,P00293,S007,6,8044.48,0.1,48266.88,COD,shipped,2026-04-26,
OI3000094,2026-04-26 03:17:00,C01434,P00103,S055,5,33555.66,0.2,159389.39,NETBANKING,delivered,2026-04-26,NEW10
OI3000095,2026-04-26 07:43:00,C01778,P00470,S031,4,44361.62,0.1,159701.83,UPI,delivered,2026-04-26,
OI3000096,2026-04-26 08:07:00,C01157,P00043,S013,2,8448.17,0.0,16896.34,NETBANKING,shipped,2026-04-26,NEW10
OI3000097,2026-04-26 13:22:00,C02315,P00595,S048,1,6139.0,0.1,5832.05,WALLET,shipped,2026-04-26,
OI3000098,2026-04-21 18:00:00,C01039,P00340,S044,5,16426.26,0.05,78024.73,CARD,cancelled,2026-04-26,NEW10
OI3000099,2026-04-26 07:21:00,C01501,P00518,S033,5,27396.49,0.2,130133.33,CARD,delivered,2026-04-26,
OI3000100,2026-04-22 13:00:00,C01999,P00464,S055,6,78106.97,0.2,468641.82,COD,cancelled,2026-04-26,
OI3000101,2026-04-26 13:54:00,C01571,P00583,S068,3,unknown,0.0,bad_amount,CARD,cancelled,2026-04-26,
OI3000102,2026-04-26 12:10:00,C01396,P00352,S018,5,47517.31,0.0,237586.55,NETBANKING,returned,2026-04-26,
OI3000103,2026-04-26 19:47:00,C00725,P00457,S072,4,74186.35,0.0,296745.4,CARD,cancelled,2026-04-26,
OI3000104,2026-04-26 02:22:00,C02389,P00035,S014,6,49801.37,0.0,298808.22,COD,returned,2026-04-26,
OI3000105,2026-04-26 01:13:00,C00348,P00315,S048,1,49355.01,0.2,46887.26,WALLET,cancelled,2026-04-26,
OI3000106,2026-04-26 09:05:00,C02401,P00544,S060,5,15583.82,0.1,62335.28,WALLET,returned,2026-04-26,NEW10
OI3000107,2026-04-26 22:14:00,C00644,P00580,S068,3,18525.18,0.0,44460.43,WALLET,returned,2026-04-26,
OI3000108,2026-04-26 16:31:00,C01736,P00185,S060,4,23407.15,0.2,74902.88,UPI,cancelled,2026-04-26,NEW10
OI3000109,2026-04-26 11:43:00,C00855,P00468,S001,4,12660.84,0.2,48111.19,UPI,delivered,2026-04-26,
OI3000110,2026-04-26 02:11:00,C01085,P00761,S070,3,13372.17,0.2,40116.51,WALLET,cancelled,2026-04-26,
OI3000111,2026-04-26 21:56:00,C00942,P00727,S005,4,68215.7,0.1,245576.52,NETBANKING,returned,2026-04-26,NEW10
OI3000112,2026-04-18 21:00:00,C01660,P00169,S065,2,41370.63,0.05,82741.26,UPI,returned,2026-04-26,
OI3000113,2026-04-26 06:12:00,C00160,P00062,S054,3,29846.68,0.0,85063.04,WALLET,returned,2026-04-26,NEW10
OI3000114,2026-04-26 14:10:00,C00750,P00641,S042,3,3019.0,0.0,8151.3,COD,delivered,2026-04-26,NEW10
OI3000115,2026-04-26 07:18:00,C02494,P00652,S042,1,13507.47,0.05,12156.72,COD,cancelled,2026-04-26,
OI3000116,2026-04-26 11:21:00,C01502,P00564,S032,3,373.78,0.1,1121.34,WALLET,delivered,2026-04-26,
OI3000117,2026-04-26 03:39:00,C00458,P00035,S043,4,49801.37,0.0,189245.21,NETBANKING,cancelled,2026-04-26,NEW10
OI3000118,2026-04-26 01:30:00,C02282,P00047,S051,6,8657.38,0.05,51944.28,WALLET,delivered,2026-04-26,
OI3000119,2026-04-26 04:55:00,C02433,P00622,S040,2,27317.69,0.1,54635.38,WALLET,cancelled,2026-04-26,
OI3000120,2026-04-26 13:39:00,C01453,P00796,S047,6,54612.57,0.1,311291.65,UPI,delivered,2026-04-26,NEW10
OI3000121,2026-04-26 05:12:00,C00561,P00198,S066,1,7578.09,0.1,6062.47,UPI,cancelled,2026-04-26,
OI3000122,2026-04-26 19:01:00,C00053,P00398,S031,4,86219.46,0.2,310390.06,CARD,returned,2026-04-26,
OI3000123,2026-04-26 13:55:00,C02297,P00368,S028,1,46678.84,0.2,37343.07,WALLET,returned,2026-04-26,
OI3000124,2026-04-26 11:31:00,C01946,P00789,S007,4,46207.17,0.05,175587.25,NETBANKING,returned,2026-04-26,NEW10
OI3000125,2026-04-26 15:56:00,C01922,P00185,S071,4,23407.15,0.05,88947.17,COD,returned,2026-04-26,
OI3000126,2026-04-26 21:20:00,C00570,P00058,S032,2,72269.01,0.1,137311.12,COD,delivered,2026-04-26,
OI3000127,2026-04-26 06:47:00,C01413,P00352,S056,6,47517.31,0.2,256593.47,CARD,returned,2026-04-26,
OI3000128,2026-04-26 04:05:00,C01691,P00705,S023,1,51936.03,0.05,41548.82,WALLET,delivered,2026-04-26,
OI3000129,2026-04-26 14:28:00,C02170,P00540,S037,3,12058.68,0.2,32558.44,WALLET,cancelled,2026-04-26,FESTIVE20
OI3000130,2026-04-26 15:14:00,C02256,P00124,S022,4,34862.45,0.1,111559.84,UPI,shipped,2026-04-26,NEW10
OI3000131,2026-04-26 05:26:00,C01026,P00270,S013,6,40733.2,0.1,244399.2,NETBANKING,delivered,2026-04-26,
OI3000132,2026-04-26 18:16:00,C01737,P00226,S014,2,61015.98,0.0,109828.76,COD,cancelled,2026-04-26,NEW10
OI3000133,2026-04-26 04:44:00,C00287,P00784,S055,2,19311.58,0.05,34760.84,WALLET,cancelled,2026-04-26,
OI3000134,2026-04-26 05:53:00,C01895,P00375,S060,1,2355.85,0.05,2120.26,WALLET,returned,2026-04-26,NEW10
OI3000135,2026-04-26 10:54:00,C02399,P00577,S020,6,60430.85,0.05,362585.1,UPI,returned,2026-04-26,
OI3000136,2026-04-26 06:43:00,C02022,P00079,S004,4,45291.18,0.2,163048.25,CARD,shipped,2026-04-26,NEW10
OI3000137,2026-04-26 21:23:00,C01513,P00003,S015,6,30753.26,0.1,147615.65,WALLET,cancelled,2026-04-26,
OI3000138,2026-04-26 16:22:00,C01453,P00647,S026,6,54615.0,0.05,327690.0,UPI,shipped,2026-04-26,
OI3000139,2026-04-26 23:16:00,C02288,P00345,S002,2,60209.96,0.0,96335.94,WALLET,delivered,2026-04-26,
OI3000140,2026-04-26 09:55:00,C00720,P00352,S040,6,47517.31,0.1,256593.47,COD,delivered,2026-04-26,
OI3000141,2026-04-26 06:40:00,C01858,P00624,S026,6,89193.1,0.05,428126.88,COD,returned,2026-04-26,
OI3000142,2026-04-17 07:00:00,C00558,P00673,S006,3,16017.13,0.0,45648.82,WALLET,cancelled,2026-04-26,NEW10
OI3000143,2026-04-26 22:43:00,C00828,P00529,S057,5,17985.15,0.0,89925.75,NETBANKING,delivered,2026-04-26,NEW10
OI3000144,2026-04-26 18:27:00,C00750,P00674,S023,3,58244.12,0.05,139785.89,NETBANKING,shipped,2026-04-26,
OI3000145,2026-04-26 18:29:00,C00698,P00429,S057,4,54171.73,0.0,173349.54,CARD,delivered,2026-04-26,FESTIVE20
OI3000146,2026-04-26 10:35:00,C00958,P00384,S072,2,66621.3,0.1,106594.08,UPI,cancelled,2026-04-26,NEW10
OI3000147,2026-04-26 06:40:00,C00685,P00370,S066,3,39280.5,0.1,94273.2,UPI,cancelled,2026-04-26,FESTIVE20
OI3000148,2026-04-26 04:50:00,C02044,P00733,S046,6,86178.56,0.05,491217.79,NETBANKING,cancelled,2026-04-26,
OI3000149,2026-04-26 13:18:00,C01458,P00748,S027,3,33758.25,0.0,91147.28,UPI,shipped,2026-04-26,
OI3000150,2026-04-26 11:11:00,C01428,P00099,S046,4,34760.41,0.2,132089.56,WALLET,cancelled,2026-04-26,NEW10
OI3000151,2026-04-26 09:49:00,C02291,P00748,S067,1,33758.25,0.05,32070.34,UPI,returned,2026-04-26,NEW10
OI3000152,2026-04-26 10:32:00,C01197,P00093,S014,5,19639.92,0.0,98199.6,NETBANKING,delivered,2026-04-26,
OI3000153,2026-04-26 13:22:00,C00170,P00438,S042,2,37810.18,0.1,68058.32,UPI,delivered,2026-04-26,
OI3000154,2026-04-26 23:08:00,C02101,P00280,S063,3,77257.9,0.05,208596.33,COD,returned,2026-04-26,
OI3000155,2026-04-26 16:12:00,C01413,P00129,S013,5,54358.95,0.2,244615.27,COD,delivered,2026-04-26,
OI3000156,2026-04-26 13:28:00,C01906,P00412,S039,2,11828.04,0.1,23656.08,WALLET,cancelled,2026-04-26,
OI3000157,2026-04-26 13:50:00,C01737,P00366,S006,2,48300.51,0.0,96601.02,UPI,returned,2026-04-26,
OI3000158,2026-04-26 14:30:00,C01045,P00386,S061,6,84773.95,0.05,457779.33,WALLET,cancelled,2026-04-26,
OI3000159,2026-04-26 04:24:00,C02375,P00459,S061,4,26892.08,0.1,86054.66,COD,shipped,2026-04-26,
OI3000160,2026-04-15 12:00:00,C01224,P00653,S074,1,64700.15,0.2,64700.15,COD,cancelled,2026-04-26,NEW10
OI3000161,2026-04-26 17:30:00,C00703,P00051,S005,3,62160.53,0.1,149185.27,CARD,cancelled,2026-04-26,
OI3000162,2026-04-26 00:16:00,C01715,P00516,S008,3,6106.6,0.2,17403.81,COD,returned,2026-04-26,
OI3000163,2026-04-26 18:12:00,C01414,P00017,S023,4,13696.86,0.0,43829.95,WALLET,cancelled,2026-04-26,
OI3000164,2026-04-26 13:41:00,C00909,P00456,S072,3,50604.06,0.0,136630.96,NETBANKING,cancelled,2026-04-26,NEW10
OI3000165,2026-04-26 04:58:00,C01736,P00595,S025,6,6139.0,0.05,29467.2,COD,returned,2026-04-26,
OI3000166,2026-04-26 08:18:00,C01311,P00181,S052,1,19954.26,0.2,17958.83,CARD,cancelled,2026-04-26,
OI3000167,2026-04-26 11:15:00,C01979,P00046,S049,3,33334.36,0.05,90002.77,UPI,cancelled,2026-04-26,
OI3000168,2026-04-26 12:08:00,C01592,P00014,S065,5,24907.63,0.0,112084.34,COD,cancelled,2026-04-26,NEW10
OI3000169,2026-04-26 10:40:00,C00765,P00435,S042,1,28267.64,0.0,28267.64,UPI,returned,2026-04-26,
OI3000170,2026-04-26 22:40:00,C01211,P00019,S042,5,44202.95,0.1,209964.01,CARD,shipped,2026-04-26,
OI3000171,2026-04-26 10:24:00,C01432,P00544,S012,3,15583.82,0.05,42076.31,COD,shipped,2026-04-26,
OI3000172,2026-04-26 23:15:00,C01055,P00127,S066,6,51755.42,0.0,295005.89,WALLET,returned,2026-04-26,NEW10
OI3000173,2026-04-26 14:32:00,C02367,P00124,S042,6,34862.45,0.1,188257.23,CARD,cancelled,2026-04-26,
OI3000174,2026-04-26 05:22:00,C00728,P00354,S049,4,17006.45,0.05,61223.22,CARD,returned,2026-04-26,
OI3000175,2026-04-26 08:59:00,C02033,P00636,S052,1,21272.55,0.1,17018.04,WALLET,delivered,2026-04-26,
OI3000176,2026-04-26 11:51:00,C01954,P00522,S034,1,7540.18,0.2,7540.18,UPI,shipped,2026-04-26,NEW10
OI3000177,2026-04-26 17:28:00,C00771,P00700,S041,2,30047.33,0.1,57089.93,WALLET,returned,2026-04-26,
OI3000178,2026-04-26 20:33:00,C00176,P00369,S074,5,20639.77,0.1,103198.85,WALLET,delivered,2026-04-26,
OI3000179,2026-04-24 00:00:00,C02052,P00483,S054,5,67274.79,0.1,269099.16,CARD,shipped,2026-04-26,
OI3000180,2026-04-26 11:36:00,C00517,P00233,S037,1,6646.48,0.05,6314.16,CARD,returned,2026-04-26,
OI3000181,2026-04-26 14:13:00,C01116,P00187,S013,4,78380.74,0.05,297846.81,WALLET,delivered,2026-04-26,
OI3000182,2026-04-26 04:20:00,C00526,P00234,S004,3,36179.83,0.0,97685.54,UPI,delivered,2026-04-26,FESTIVE20
OI3000183,2026-04-26 17:23:00,C01421,P00662,S007,5,30399.21,0.05,136796.45,CARD,returned,2026-04-26,
OI3000184,2026-04-26 08:21:00,C00878,P00197,S073,6,28751.74,0.05,163884.92,COD,shipped,2026-04-26,
OI3000185,2026-04-26 18:36:00,C00286,P00069,S002,6,42833.72,0.2,205601.86,UPI,delivered,2026-04-26,
OI3000186,2026-04-26 19:01:00,C01439,P00046,S039,4,33334.36,0.1,133337.44,NETBANKING,returned,2026-04-26,FESTIVE20
OI3000187,2026-04-26 04:42:00,C01624,P00510,S068,6,44067.06,0.1,251182.24,UPI,cancelled,2026-04-26,
OI3000188,2026-04-26 04:02:00,C00762,P00296,S070,2,64201.56,0.0,115562.81,NETBANKING,delivered,2026-04-26,NEW10
OI3000189,2026-04-26 08:29:00,C01758,P00043,S036,5,8448.17,0.0,38016.76,NETBANKING,returned,2026-04-26,
OI3000190,2026-04-26 05:52:00,C01789,P00069,S033,5,42833.72,0.2,192751.74,CARD,shipped,2026-04-26,FESTIVE20
OI3000191,2026-04-26 11:02:00,C01859,P00573,S016,4,52604.07,0.2,189374.65,COD,delivered,2026-04-26,NEW10
OI3000192,2026-04-26 08:21:00,C00973,P00289,S020,5,69467.49,0.0,329970.58,NETBANKING,delivered,2026-04-26,
OI3000193,2026-04-26 01:08:00,C01326,P00135,S047,1,48883.94,0.05,43995.55,NETBANKING,delivered,2026-04-26,
OI3000194,2026-04-26 21:36:00,C00654,P00396,S004,1,60882.95,0.0,48706.36,CARD,cancelled,2026-04-26,
OI3000195,2026-04-26 21:15:00,C02064,P00569,S056,5,24215.81,0.2,121079.05,CARD,shipped,2026-04-26,
OI3000196,2026-04-26 10:48:00,C00082,P00611,S004,2,37468.74,0.2,67443.73,NETBANKING,returned,2026-04-26,
OI3000197,2026-04-26 14:26:00,C00759,P00139,S041,5,87469.0,0.05,437345.0,CARD,returned,2026-04-26,FESTIVE20
OI3000198,2026-04-26 10:18:00,C00018,P00584,S033,1,unknown,0.0,bad_amount,CARD,cancelled,2026-04-26,NEW10
OI3000199,2026-04-26 23:10:00,C01229,P00511,S017,5,73756.93,0.2,368784.65,CARD,shipped,2026-04-26,
OI3000200,2026-04-26 05:57:00,C00682,P00797,S016,2,19573.06,0.05,31316.9,WALLET,cancelled,2026-04-26,
OI3000201,2026-04-12 05:00:00,C01561,P00034,S064,5,26173.66,0.1,130868.3,NETBANKING,returned,2026-04-26,
OI3000202,2026-04-26 21:58:00,C01026,P00739,S021,6,67197.88,0.0,383027.92,CARD,delivered,2026-04-26,
OI3000203,2026-04-26 20:00:00,C01353,P00568,S071,5,3769.83,0.0,17906.69,UPI,shipped,2026-04-26,
OI3000204,2026-04-26 19:16:00,C01042,P00009,S031,6,71925.36,0.1,431552.16,CARD,shipped,2026-04-26,NEW10
OI3000205,2026-04-26 04:47:00,C00658,P00203,S057,5,24833.93,0.2,111752.68,CARD,cancelled,2026-04-26,
OI3000206,2026-04-26 15:10:00,C02254,P00428,S042,1,68085.26,0.2,54468.21,WALLET,cancelled,2026-04-26,
OI3000207,2026-04-26 09:37:00,C02398,P00411,S038,1,3717.78,0.0,3717.78,UPI,shipped,2026-04-26,
OI3000208,2026-04-26 13:37:00,C01645,P00632,S022,6,62788.56,0.2,357894.79,UPI,returned,2026-04-26,
OI3000209,2026-04-26 01:29:00,C01371,P00335,S015,4,23504.66,0.2,94018.64,COD,shipped,2026-04-26,
OI3000210,2026-04-26 18:31:00,C02407,P00175,S073,3,58494.71,0.05,157935.72,COD,returned,2026-04-26,NEW10
OI3000211,2026-04-26 06:19:00,C02067,P00084,S012,4,75079.07,0.2,300316.28,COD,cancelled,2026-04-26,NEW10
OI3000212,2026-04-26 02:36:00,C01830,P00765,S020,4,39553.0,0.05,142390.8,CARD,shipped,2026-04-26,
OI3000213,2026-04-26 02:34:00,C00773,,S031,3,49831.34,0.1,142019.32,COD,cancelled,2026-04-26,
OI3000214,2026-04-26 20:34:00,C00260,P00243,S043,3,35974.1,0.1,107922.3,UPI,returned,2026-04-26,FESTIVE20
OI3000215,2026-04-26 01:48:00,C00722,P00185,S004,6,23407.15,0.1,112354.32,COD,shipped,2026-04-26,NEW10
OI3000216,2026-04-26 15:17:00,C01538,P00583,S071,5,unknown,0.1,bad_amount,COD,delivered,2026-04-26,FESTIVE20
OI3000217,2026-04-26 21:53:00,C02357,P00436,S007,3,31812.32,0.05,95436.96,UPI,delivered,2026-04-26,FESTIVE20
OI3000218,2026-04-26 19:24:00,C02068,P00427,S063,5,87547.32,0.1,437736.6,CARD,cancelled,2026-04-26,FESTIVE20
OI3000219,2026-04-26 21:18:00,C01525,P00171,S041,4,698.95,0.1,2656.01,CARD,delivered,2026-04-26,NEW10
OI3000220,2026-04-26 13:02:00,C02306,P00477,S057,5,79357.69,0.05,376949.03,UPI,delivered,2026-04-26,FESTIVE20
OI3000221,2026-04-26 09:17:00,C01322,P00481,S041,4,40143.27,0.0,160573.08,NETBANKING,cancelled,2026-04-26,
OI3000222,2026-04-26 02:49:00,C00876,P00156,S004,5,44208.86,0.2,221044.3,NETBANKING,delivered,2026-04-26,
OI3000223,2026-04-26 14:30:00,C01751,P00181,S008,2,19954.26,0.1,37913.09,COD,shipped,2026-04-26,
OI3000224,2026-04-26 00:26:00,C00365,P00601,S040,6,57641.04,0.1,311261.62,WALLET,delivered,2026-04-26,
OI3000225,2026-04-26 04:22:00,C00311,P00326,S047,1,85265.81,0.2,85265.81,NETBANKING,delivered,2026-04-26,FESTIVE20
OI3000226,2026-04-26 21:13:00,C00555,P00548,S044,3,17399.1,0.0,49587.43,NETBANKING,returned,2026-04-26,
OI3000227,2026-04-26 03:55:00,C00765,P00205,S009,3,unknown,0.2,bad_amount,COD,cancelled,2026-04-26,
OI3000228,2026-04-26 14:07:00,C01647,P00490,S026,3,8823.16,0.05,23822.53,NETBANKING,returned,2026-04-26,NEW10
OI3000229,2026-04-22 03:00:00,C02469,P00627,S071,3,56866.69,0.2,136480.06,COD,returned,2026-04-26,
OI3000230,2026-04-23 10:00:00,C02352,P00766,S021,6,28210.93,0.0,169265.58,COD,shipped,2026-04-26,
OI3000231,2026-04-26 08:14:00,C00059,P00037,S030,3,27187.86,0.2,81563.58,WALLET,cancelled,2026-04-26,NEW10
OI3000232,2026-04-26 06:22:00,C01335,P00157,S055,5,54672.39,0.2,273361.95,CARD,cancelled,2026-04-26,NEW10
OI3000233,2026-04-26 11:15:00,C02472,P00139,S017,4,87469.0,0.1,314888.4,COD,returned,2026-04-26,
OI3000234,2026-04-26 18:06:00,C00827,P00434,S073,4,66817.96,0.1,213817.47,WALLET,cancelled,2026-04-26,NEW10
OI3000235,2026-04-26 19:26:00,C00841,P00694,S030,1,unknown,0.05,bad_amount,COD,cancelled,2026-04-26,
OI3000236,2026-04-26 16:46:00,C01085,P00341,S067,6,51692.73,0.1,279140.74,NETBANKING,cancelled,2026-04-26,
OI3000237,2026-04-26 20:57:00,C01676,P00317,S040,1,26767.64,0.2,24090.88,NETBANKING,shipped,2026-04-26,
OI3000238,2026-04-26 18:06:00,C02163,P00515,S073,4,1538.5,0.0,4923.2,WALLET,shipped,2026-04-26,
OI3000239,2026-04-26 15:39:00,C00261,P00091,S039,4,7821.68,0.2,31286.72,UPI,delivered,2026-04-26,
OI3000240,2026-04-26 02:45:00,C01137,,S058,5,56384.75,0.2,253731.38,COD,cancelled,2026-04-26,NEW10
OI3000241,2026-04-26 02:25:00,C00382,P00677,S057,2,89809.83,0.05,161657.69,CARD,delivered,2026-04-26,
OI3000242,2026-04-20 00:00:00,C01079,P00214,S002,6,58149.68,0.0,314008.27,NETBANKING,shipped,2026-04-26,
OI3000243,2026-04-26 04:13:00,C01380,P00189,S063,1,20249.95,0.05,20249.95,NETBANKING,delivered,2026-04-26,
OI3000244,2026-04-26 17:15:00,C02093,P00032,S059,2,30049.26,0.2,57093.59,WALLET,cancelled,2026-04-26,
OI3000245,2026-04-26 15:39:00,C02165,P00676,S007,4,18432.07,0.1,73728.28,CARD,cancelled,2026-04-26,
OI3000246,2026-04-26 17:47:00,C01361,P00191,S064,1,35912.33,0.0,35912.33,UPI,cancelled,2026-04-26,
OI3000247,2026-04-26 15:07:00,C01865,P00440,S029,6,19592.08,0.0,111674.86,UPI,delivered,2026-04-26,NEW10
OI3000248,2026-04-26 19:17:00,C00461,P00552,S047,3,35442.6,0.0,95695.02,WALLET,shipped,2026-04-26,NEW10
OI3000249,2026-04-26 16:34:00,C02325,P00174,S003,2,73064.68,0.1,146129.36,NETBANKING,shipped,2026-04-26,
OI3000250,2026-04-26 14:50:00,C00824,P00407,S015,4,17806.09,0.0,67663.14,NETBANKING,delivered,2026-04-26,FESTIVE20
OI3000251,2026-04-26 05:05:00,C02212,P00436,S064,3,31812.32,0.0,90665.11,CARD,cancelled,2026-04-26,NEW10
OI3000252,2026-04-26 19:39:00,C00001,P00648,S056,6,62566.2,0.2,356627.34,COD,delivered,2026-04-26,
OI3000253,2026-04-26 18:29:00,C01100,P00127,S062,2,51755.42,0.1,98335.3,CARD,cancelled,2026-04-26,
OI3000254,2026-04-26 14:07:00,C00292,P00249,S067,3,39118.67,0.2,117356.01,NETBANKING,cancelled,2026-04-26,
OI3000255,2026-04-26 23:22:00,C00492,P00732,S045,1,42466.83,0.2,40343.49,CARD,shipped,2026-04-26,NEW10
OI3000256,2026-04-26 18:39:00,C00703,P00763,S054,2,2774.01,0.05,5548.02,COD,delivered,2026-04-26,
OI3000257,2026-04-26 22:17:00,C01974,P00296,S048,1,64201.56,0.05,64201.56,COD,delivered,2026-04-26,NEW10
OI3000258,2026-04-26 10:02:00,C02310,P00062,S008,3,29846.68,0.05,80586.04,WALLET,delivered,2026-04-26,
OI3000259,2026-04-26 02:30:00,C02476,,S031,5,40733.2,0.2,193482.7,UPI,returned,2026-04-26,
OI3000260,2026-04-26 13:36:00,C00131,P00550,S042,2,21781.35,0.1,34850.16,UPI,delivered,2026-04-26,
OI3000261,2026-04-09 21:00:00,C01920,P00381,S056,6,40514.44,0.05,NaN_TEXT,NETBANKING,returned,2026-04-26,FESTIVE20
OI3000262,2026-04-26 19:02:00,C01968,P00553,S024,6,29491.73,0.0,176950.38,NETBANKING,delivered,2026-04-26,FESTIVE20
OI3000263,2026-04-26 01:01:00,C02415,P00380,S023,6,49138.78,0.0,235866.14,CARD,shipped,2026-04-26,
OI3000264,2026-04-26 09:49:00,C02030,P00381,S067,3,40514.44,0.05,109388.99,WALLET,shipped,2026-04-26,NEW10
OI3000265,2026-04-26 05:07:00,C00365,P00747,S031,2,61937.51,0.1,123875.02,UPI,shipped,2026-04-26,
OI3000266,2026-04-13 19:00:00,C01284,P00270,S068,4,40733.2,0.05,162932.8,COD,shipped,2026-04-26,NEW10
OI3000267,2026-04-26 20:04:00,C01240,P00707,S001,5,12328.05,0.0,61640.25,UPI,returned,2026-04-26,NEW10
OI3000268,2026-04-26 08:26:00,C00979,,S069,2,21781.35,0.2,41384.56,UPI,shipped,2026-04-26,FESTIVE20
OI3000269,2026-04-26 20:34:00,C00738,P00216,S041,5,38520.65,0.2,182973.09,WALLET,shipped,2026-04-26,
OI3000270,2026-04-26 06:46:00,C01733,P00407,S013,6,17806.09,0.0,96152.89,NETBANKING,delivered,2026-04-26,NEW10
OI3000271,2026-04-26 08:25:00,C02374,P00023,S068,1,19766.23,0.2,19766.23,NETBANKING,shipped,2026-04-26,
OI3000272,2026-04-26 08:29:00,C01427,P00502,S033,6,33644.21,0.2,181678.73,WALLET,cancelled,2026-04-26,
OI3000273,2026-04-26 07:54:00,C02074,P00017,S067,4,13696.86,0.0,49308.7,NETBANKING,cancelled,2026-04-26,
OI3000274,2026-04-26 21:10:00,C00020,P00506,S070,1,67853.0,0.1,54282.4,UPI,cancelled,2026-04-26,
OI3000275,2026-04-26 21:13:00,C01630,P00082,S037,5,67514.24,0.05,337571.2,WALLET,cancelled,2026-04-26,
OI3000276,2026-04-26 11:59:00,C01390,P00316,S005,1,22142.03,0.05,21034.93,NETBANKING,returned,2026-04-26,
OI3000277,2026-04-26 21:40:00,C01837,P00255,S017,5,44820.18,0.05,201690.81,WALLET,shipped,2026-04-26,
OI3000278,2026-04-26 02:06:00,C01278,P00678,S041,1,85826.41,0.0,68661.13,CARD,returned,2026-04-26,
OI3000279,2026-04-26 03:03:00,C00639,P00174,S060,1,73064.68,0.05,58451.74,WALLET,returned,2026-04-26,FESTIVE20
OI3000280,2026-04-26 10:20:00,C02326,P00373,S053,5,41626.23,0.0,187318.04,CARD,delivered,2026-04-26,FESTIVE20
OI3000281,2026-04-26 05:06:00,C01254,P00784,S015,3,19311.58,0.05,55038.0,CARD,returned,2026-04-26,
OI3000282,2026-04-26 02:13:00,C02143,P00327,S018,3,19431.16,0.0,52464.13,COD,delivered,2026-04-26,
OI3000283,2026-04-26 09:02:00,C00318,P00633,S055,4,26973.68,0.2,97105.25,UPI,shipped,2026-04-26,
OI3000284,2026-04-26 10:24:00,C00259,P00082,S002,3,67514.24,0.1,202542.72,NETBANKING,shipped,2026-04-26,
OI3000285,2026-04-26 12:15:00,C02037,P00724,S055,4,19761.05,0.1,63235.36,WALLET,shipped,2026-04-26,
OI3000286,2026-04-26 02:54:00,C00803,P00041,S007,3,70646.68,0.1,201343.04,NETBANKING,shipped,2026-04-26,
OI3000287,2026-04-26 16:10:00,C01623,P00571,S022,1,25003.47,0.05,23753.3,WALLET,cancelled,2026-04-26,
OI3000288,2026-04-26 09:31:00,C02245,P00675,S027,5,15278.52,0.2,68753.34,WALLET,shipped,2026-04-26,
OI3000289,2026-04-26 18:05:00,C02498,P00038,S004,1,73184.59,0.05,65866.13,CARD,cancelled,2026-04-26,FESTIVE20
OI3000290,2026-04-26 23:14:00,C00282,P00619,S058,5,59995.5,0.2,239982.0,COD,returned,2026-04-26,FESTIVE20
OI3000291,2026-04-26 20:28:00,C01281,P00412,S011,3,11828.04,0.2,35484.12,NETBANKING,delivered,2026-04-26,
OI3000292,2026-04-26 12:46:00,C00051,P00342,S052,6,2808.32,0.1,13479.94,CARD,delivered,2026-04-26,
OI3000293,2026-04-26 20:51:00,C01147,P00446,S036,1,86120.56,0.0,81814.53,UPI,delivered,2026-04-26,
OI3000294,2026-04-26 19:19:00,C02138,P00501,S042,6,25843.62,0.05,147308.63,NETBANKING,cancelled,2026-04-26,
OI3000295,2026-04-26 06:57:00,C00040,P00101,S005,2,19705.48,0.1,39410.96,COD,returned,2026-04-26,
OI3000296,2026-04-26 20:02:00,C01943,P00684,S019,6,19175.41,0.05,115052.46,UPI,returned,2026-04-26,
OI3000297,2026-04-26 08:14:00,C02329,P00357,S034,3,51437.39,0.2,146596.56,CARD,returned,2026-04-26,NEW10
OI3000298,2026-04-26 07:42:00,C00080,P00427,S046,6,87547.32,0.0,472755.53,CARD,shipped,2026-04-26,
OI3000299,2026-04-26 15:30:00,C01447,P00475,S043,1,2194.3,0.0,2194.3,NETBANKING,returned,2026-04-26,FESTIVE20
OI3000300,2026-04-26 15:09:00,C00823,P00559,S003,2,72217.82,0.2,115548.51,NETBANKING,delivered,2026-04-26,
OI3000301,2026-04-26 18:17:00,C01052,P00297,S054,5,59933.31,0.1,299666.55,WALLET,returned,2026-04-26,
OI3000302,2026-04-26 07:11:00,C02411,P00459,S006,6,26892.08,0.0,153284.86,WALLET,shipped,2026-04-26,NEW10
OI3000303,2026-04-26 21:20:00,C00227,P00603,S057,4,86592.47,0.0,329051.39,NETBANKING,cancelled,2026-04-26,
OI3000304,2026-04-26 15:20:00,C00344,P00329,S010,1,4843.15,0.1,4843.15,NETBANKING,cancelled,2026-04-26,
OI3000305,2026-04-26 03:04:00,C02391,P00237,S032,6,18616.48,0.1,106113.94,NETBANKING,returned,2026-04-26,
OI3000306,2026-04-26 13:48:00,C01691,P00014,S021,5,24907.63,0.1,99630.52,COD,cancelled,2026-04-26,
OI3000307,2026-04-26 09:13:00,C01406,P00024,S046,3,59644.64,0.0,143147.14,WALLET,cancelled,2026-04-26,
OI3000308,2026-04-26 03:48:00,C02001,P00031,S043,3,29725.2,0.0,84716.82,WALLET,cancelled,2026-04-26,
OI3000309,2026-04-26 07:23:00,C00590,P00378,S071,3,3535.63,0.0,10606.89,COD,cancelled,2026-04-26,
OI3000310,2026-04-26 19:39:00,C00600,P00053,S028,4,33861.69,0.05,121902.08,NETBANKING,shipped,2026-04-26,
OI3000311,2026-04-26 01:10:00,C00923,P00488,S004,5,9724.96,0.0,46193.56,WALLET,shipped,2026-04-26,
OI3000312,2026-04-26 05:45:00,C00508,P00736,S019,4,33429.26,0.05,120345.34,NETBANKING,returned,2026-04-26,
OI3000313,2026-04-14 06:00:00,C01082,P00776,S023,5,85783.24,0.05,407470.39,CARD,delivered,2026-04-26,NEW10
OI3000314,2026-04-07 20:00:00,C00372,P00425,S007,1,65862.3,0.0,65862.3,COD,cancelled,2026-04-26,NEW10
OI3000315,2026-04-26 07:33:00,C00592,P00170,S061,3,72347.53,0.1,195338.33,WALLET,cancelled,2026-04-26,NEW10
OI3000316,2026-04-26 02:09:00,C00341,P00145,S002,4,54447.66,0.1,217790.64,COD,delivered,2026-04-26,
OI3000317,2026-04-26 20:16:00,C00221,P00422,S049,2,64665.44,0.2,122864.34,WALLET,cancelled,2026-04-26,FESTIVE20
OI3000318,2026-04-26 09:02:00,C02453,P00283,S018,6,18851.23,0.05,113107.38,COD,delivered,2026-04-26,
OI3000319,2026-04-26 08:14:00,C02222,P00659,S040,2,78806.84,0.2,141852.31,WALLET,cancelled,2026-04-26,
OI3000320,2026-04-26 13:53:00,C01368,P00327,S065,3,19431.16,0.1,46634.78,UPI,returned,2026-04-26,
OI3000321,2026-04-26 00:13:00,C01647,P00584,S055,3,unknown,0.0,bad_amount,CARD,cancelled,2026-04-26,
OI3000322,2026-04-26 22:21:00,C01955,P00478,S013,6,82374.84,0.1,NaN_TEXT,NETBANKING,cancelled,2026-04-26,FESTIVE20
OI3000323,2026-04-26 04:41:00,C00497,P00185,S062,5,23407.15,0.05,111183.96,UPI,returned,2026-04-26,
OI3000324,2026-04-26 03:40:00,C00603,P00170,S068,3,72347.53,0.0,217042.59,UPI,returned,2026-04-26,
OI3000325,2026-04-26 21:27:00,C01822,P00161,S031,4,68133.99,0.05,218028.77,WALLET,cancelled,2026-04-26,NEW10
OI3000326,2026-04-26 06:34:00,C01647,P00579,S018,2,66545.66,0.0,126436.75,COD,cancelled,2026-04-26,
OI3000327,2026-04-26 14:25:00,C02247,P00340,S026,2,16426.26,0.0,26282.02,UPI,returned,2026-04-26,
OI3000328,2026-04-26 12:19:00,C00291,P00249,S073,6,39118.67,0.2,211240.82,UPI,shipped,2026-04-26,NEW10
OI3000329,2026-04-26 12:59:00,C00795,P00286,S067,1,86705.09,0.2,86705.09,WALLET,delivered,2026-04-26,FESTIVE20
OI3000330,2026-04-26 16:26:00,C00725,P00321,S036,1,11658.52,0.0,10492.67,NETBANKING,cancelled,2026-04-26,
OI3000331,2026-04-26 04:24:00,C00740,P00532,S065,2,14865.84,0.0,28245.1,CARD,returned,2026-04-26,NEW10
OI3000332,2026-04-26 18:01:00,C01922,P00002,S069,1,unknown,0.1,bad_amount,CARD,returned,2026-04-26,FESTIVE20
OI3000333,2026-04-26 07:09:00,C00042,P00713,S029,5,9697.27,0.0,43637.72,NETBANKING,cancelled,2026-04-26,
OI3000334,2026-04-26 15:52:00,C00098,P00427,S068,2,87547.32,0.05,140075.71,CARD,cancelled,2026-04-26,
OI3000335,2026-04-26 12:28:00,C02235,P00347,S036,5,5351.49,0.0,21405.96,CARD,shipped,2026-04-26,
OI3000336,2026-04-26 06:31:00,C01928,P00168,S036,4,unknown,0.05,bad_amount,COD,shipped,2026-04-26,
OI3000337,2026-04-26 17:41:00,C01557,P00308,S029,4,57581.59,0.2,184261.09,WALLET,returned,2026-04-26,
OI3000338,2026-04-26 23:04:00,C00626,P00606,S053,3,34480.9,0.2,82754.16,CARD,returned,2026-04-26,
OI3000339,2026-04-26 22:45:00,C02335,P00524,S057,1,19552.66,0.05,18575.03,NETBANKING,shipped,2026-04-26,
OI3000340,2026-04-26 22:30:00,C02306,P00053,S025,5,33861.69,0.0,169308.45,COD,delivered,2026-04-26,
OI3000341,2026-04-26 13:20:00,C00324,P00422,S025,6,64665.44,0.1,368593.01,NETBANKING,cancelled,2026-04-26,
OI3000342,2026-04-26 08:44:00,C00905,P00539,S017,6,10497.22,0.05,50386.66,CARD,shipped,2026-04-26,
OI3000343,2026-04-26 08:13:00,C02304,P00428,S008,1,68085.26,0.1,68085.26,CARD,returned,2026-04-26,NEW10
OI3000344,2026-04-26 13:28:00,C00258,P00055,S046,6,56384.75,0.05,338308.5,WALLET,cancelled,2026-04-26,
OI3000345,2026-04-26 06:57:00,C00998,P00012,S065,2,23734.04,0.0,47468.08,WALLET,returned,2026-04-26,
OI3000346,2026-04-10 21:00:00,C00588,P00424,S034,2,42885.89,0.0,77194.6,WALLET,shipped,2026-04-26,
OI3000347,2026-04-26 01:26:00,C01819,P00745,S036,6,26606.4,0.1,159638.4,CARD,cancelled,2026-04-26,
OI3000348,2026-04-26 00:05:00,C01770,P00119,S063,4,53756.74,0.2,193524.26,COD,returned,2026-04-26,NEW10
OI3000349,2026-04-26 14:11:00,C01819,P00118,S064,2,68692.94,0.1,109908.7,NETBANKING,shipped,2026-04-26,FESTIVE20
OI3000350,2026-04-26 07:31:00,C01244,P00789,S038,6,46207.17,0.2,263380.87,UPI,shipped,2026-04-26,NEW10
OI3000351,2026-04-26 08:36:00,C01171,P00584,S075,6,unknown,0.0,bad_amount,COD,delivered,2026-04-26,NEW10
OI3000352,2026-04-26 14:00:00,C01406,P00683,S051,2,30669.06,0.05,49070.5,COD,delivered,2026-04-26,FESTIVE20
OI3000353,2026-04-26 07:47:00,C00789,P00695,S074,5,78265.88,0.05,391329.4,COD,delivered,2026-04-26,
OI3000354,2026-04-26 10:59:00,C02148,P00348,S006,3,58959.99,0.05,159191.97,NETBANKING,shipped,2026-04-26,
OI3000355,2026-04-26 07:20:00,C00415,P00798,S032,3,76944.83,0.2,219292.77,UPI,cancelled,2026-04-26,
OI3000356,2026-04-26 18:59:00,C02039,P00009,S038,5,71925.36,0.1,323664.12,WALLET,delivered,2026-04-26,NEW10
OI3000357,2026-04-26 01:46:00,C02254,P00521,S040,5,86652.12,0.0,389934.54,WALLET,shipped,2026-04-26,
OI3000358,2026-04-26 07:44:00,C00843,P00640,S027,3,84098.93,0.05,201837.43,NETBANKING,delivered,2026-04-26,
OI3000359,2026-04-26 08:57:00,C01155,P00226,S061,4,61015.98,0.2,219657.53,NETBANKING,delivered,2026-04-26,
OI3000360,2026-04-26 11:03:00,C01797,P00501,S031,3,25843.62,0.1,69777.77,NETBANKING,shipped,2026-04-26,NEW10
OI3000361,2026-04-06 19:00:00,C00533,P00521,S028,1,86652.12,0.2,69321.7,UPI,shipped,2026-04-26,
OI3000362,2026-04-26 23:03:00,C01691,P00732,S073,5,42466.83,0.2,201717.44,CARD,returned,2026-04-26,
OI3000363,2026-04-26 18:16:00,C02083,P00284,S063,3,43325.42,0.05,103981.01,NETBANKING,cancelled,2026-04-26,
OI3000364,2026-04-26 15:30:00,C00678,P00712,S012,6,86349.23,0.1,492190.61,NETBANKING,delivered,2026-04-26,NEW10
OI3000365,2026-04-26 13:03:00,C00774,P00378,S001,3,3535.63,0.05,10076.55,WALLET,returned,2026-04-26,
OI3000366,2026-04-26 03:32:00,C02490,P00246,S019,2,88664.88,0.05,141863.81,NETBANKING,delivered,2026-04-26,FESTIVE20
OI3000367,2026-04-26 21:12:00,C00063,P00476,S008,4,18858.59,0.0,75434.36,UPI,cancelled,2026-04-26,
OI3000368,2026-04-26 10:22:00,C00821,P00323,S015,6,41464.68,0.05,199030.46,COD,returned,2026-04-26,
OI3000369,2026-04-26 00:09:00,C00096,P00441,S019,5,30411.38,0.0,152056.9,NETBANKING,delivered,2026-04-26,
OI3000370,2026-04-26 14:26:00,C01858,P00719,S022,5,37253.32,0.05,176953.27,CARD,delivered,2026-04-26,
OI3000371,2026-04-26 01:55:00,C02097,P00108,S051,1,65125.65,0.2,52100.52,CARD,shipped,2026-04-26,
OI3000372,2026-04-26 22:15:00,C01496,P00028,S059,1,37057.72,0.0,29646.18,COD,delivered,2026-04-26,NEW10
OI3000373,2026-04-26 11:27:00,C00495,P00306,S058,1,77109.64,0.05,73254.16,CARD,shipped,2026-04-26,NEW10
OI3000374,2026-04-26 00:30:00,C00933,P00500,S065,3,89625.7,0.05,255433.24,UPI,shipped,2026-04-26,
OI3000375,2026-04-26 05:59:00,C01784,P00532,S040,3,14865.84,0.0,40137.77,WALLET,cancelled,2026-04-26,NEW10
OI3000376,2026-04-26 08:07:00,C02369,P00457,S009,1,74186.35,0.05,74186.35,COD,delivered,2026-04-26,
OI3000377,2026-04-26 05:29:00,C00629,P00155,S056,6,50875.13,0.05,289988.24,UPI,shipped,2026-04-26,NEW10
OI3000378,2026-04-26 06:37:00,C01845,P00126,S005,6,59055.7,0.05,336617.49,CARD,delivered,2026-04-26,
OI3000379,2026-04-26 01:57:00,C00409,P00547,S067,4,5445.8,0.05,20694.04,NETBANKING,returned,2026-04-26,
OI3000380,2026-04-26 21:09:00,C01776,P00791,S047,3,54939.76,0.1,148337.35,NETBANKING,returned,2026-04-26,
OI3000381,2026-04-26 08:44:00,C02009,P00147,S005,5,53949.22,0.0,215796.88,CARD,returned,2026-04-26,
OI3000382,2026-04-26 11:00:00,C01617,P00582,S015,5,63334.8,0.2,253339.2,UPI,shipped,2026-04-26,
OI3000383,2026-04-26 20:10:00,C01006,P00107,S016,4,53454.24,0.1,213816.96,NETBANKING,shipped,2026-04-26,FESTIVE20
OI3000384,2026-04-26 10:49:00,C01795,P00762,S027,3,66417.68,0.05,159402.43,COD,shipped,2026-04-26,
OI3000385,2026-04-26 11:24:00,C00170,P00599,S019,3,42258.49,0.1,120436.7,CARD,returned,2026-04-26,NEW10
OI3000386,2026-04-26 19:33:00,C01207,P00182,S067,1,51122.18,0.2,48566.07,NETBANKING,cancelled,2026-04-26,NEW10
OI3000387,2026-04-26 18:34:00,C00481,P00039,S073,1,6961.32,0.05,6613.25,UPI,cancelled,2026-04-26,NEW10
OI3000388,2026-04-26 08:05:00,C02103,P00310,S056,4,1512.19,0.05,4839.01,COD,delivered,2026-04-26,
OI3000389,2026-04-26 04:21:00,C00660,P00097,S029,5,23401.12,0.2,93604.48,NETBANKING,shipped,2026-04-26,
OI3000390,2026-04-26 09:02:00,C00632,P00794,S015,6,79522.54,0.05,429421.72,UPI,shipped,2026-04-26,NEW10
OI3000391,2026-04-26 07:29:00,C02185,P00352,S056,2,47517.31,0.1,85531.16,WALLET,cancelled,2026-04-26,
OI3000392,2026-04-26 07:15:00,C01330,,S065,4,24215.81,0.05,92020.08,CARD,delivered,2026-04-26,NEW10
OI3000393,2026-04-26 02:18:00,C01860,P00288,S027,2,68471.77,0.0,123249.19,COD,returned,2026-04-26,
OI3000394,2026-04-26 02:33:00,C00900,P00391,S073,3,40752.6,0.0,116144.91,UPI,shipped,2026-04-26,
OI3000395,2026-04-26 13:25:00,C00823,P00027,S027,6,80091.77,0.05,384440.5,COD,cancelled,2026-04-26,
OI3000396,2026-04-26 04:25:00,C02044,P00778,S071,5,80127.23,0.1,380604.34,NETBANKING,returned,2026-04-26,
OI3000397,2026-04-26 12:50:00,C01932,P00140,S070,5,33601.76,0.2,159608.36,UPI,shipped,2026-04-26,
OI3000398,2026-04-26 04:50:00,C02455,P00682,S031,4,13191.5,0.2,47489.4,COD,returned,2026-04-26,FESTIVE20
OI3000399,2026-04-26 21:24:00,C01253,P00178,S027,1,unknown,0.05,bad_amount,CARD,delivered,2026-04-26,NEW10
OI3000400,2026-04-26 11:01:00,C02191,P00307,S012,2,9188.73,0.05,16539.71,CARD,cancelled,2026-04-26,
OI3000401,2026-04-26 02:57:00,C00074,P00156,S022,3,44208.86,0.2,106101.26,COD,shipped,2026-04-26,
OI3000402,2026-04-26 14:22:00,C00356,P00493,S022,1,67003.91,0.0,53603.13,COD,delivered,2026-04-26,
OI3000403,2026-04-26 16:31:00,C00857,P00765,S067,6,39553.0,0.2,225452.1,WALLET,delivered,2026-04-26,
OI3000404,2026-04-26 03:24:00,C01389,P00056,S050,4,26763.85,0.1,101702.63,COD,returned,2026-04-26,
OI3000405,2026-04-26 02:55:00,C00017,P00548,S018,5,17399.1,0.0,78295.95,UPI,cancelled,2026-04-26,
OI3000406,2026-04-26 13:12:00,C02050,P00192,S065,4,49831.34,0.1,199325.36,COD,cancelled,2026-04-26,
OI3000407,2026-04-26 06:39:00,C01906,P00236,S054,2,47950.2,0.05,91105.38,COD,delivered,2026-04-26,NEW10
OI3000408,2026-04-26 15:04:00,C00454,P00707,S014,6,12328.05,0.2,66571.47,COD,shipped,2026-04-26,NEW10
OI3000409,2026-04-26 04:34:00,C02210,P00682,S022,1,13191.5,0.1,12531.92,COD,delivered,2026-04-26,
OI3000410,2026-04-26 04:19:00,C00857,P00646,S006,1,54586.6,0.0,49127.94,NETBANKING,returned,2026-04-26,FESTIVE20
OI3000411,2026-04-26 10:44:00,C00758,P00798,S005,2,76944.83,0.1,153889.66,WALLET,returned,2026-04-26,NEW10
OI3000412,2026-04-26 06:41:00,C01660,P00726,S058,2,51078.66,0.2,81725.86,COD,cancelled,2026-04-26,
OI3000413,2026-04-26 23:13:00,C02047,P00671,S056,4,1549.6,0.2,6198.4,NETBANKING,shipped,2026-04-26,
OI3000414,2026-04-26 08:48:00,C01711,P00648,S044,5,62566.2,0.0,281547.9,WALLET,cancelled,2026-04-26,
OI3000415,2026-04-26 13:50:00,C01913,P00220,S022,2,30894.86,0.1,58700.23,COD,shipped,2026-04-26,
OI3000416,2026-04-26 22:14:00,C00519,P00172,S014,6,6407.28,0.05,30754.94,WALLET,delivered,2026-04-26,
OI3000417,2026-04-26 01:04:00,C01171,P00581,S063,4,1942.77,0.2,6216.86,COD,cancelled,2026-04-26,
OI3000418,2026-04-26 16:11:00,C00507,P00534,S033,4,37722.72,0.2,143346.34,UPI,returned,2026-04-26,
OI3000419,2026-04-26 10:20:00,C01623,P00178,S070,6,unknown,0.0,bad_amount,UPI,cancelled,2026-04-26,NEW10
OI3000420,2026-04-26 19:54:00,C00133,P00227,S064,4,57830.24,0.2,231320.96,COD,returned,2026-04-26,
OI3000421,2026-04-26 22:05:00,C00322,P00379,S030,6,50679.03,0.2,288870.47,NETBANKING,shipped,2026-04-26,
OI3000422,2026-04-26 16:19:00,C01369,P00692,S067,1,73427.15,0.05,58741.72,WALLET,shipped,2026-04-26,
OI3000423,2026-04-26 19:37:00,C01248,P00348,S002,6,58959.99,0.2,336071.94,CARD,cancelled,2026-04-26,
OI3000424,2026-04-26 02:59:00,C00497,P00759,S035,6,8490.8,0.05,40755.84,COD,delivered,2026-04-26,
OI3000425,2026-04-26 08:04:00,C01875,P00007,S007,2,26020.02,0.1,46836.04,WALLET,returned,2026-04-26,
OI3000426,2026-04-26 22:19:00,C02334,P00636,S023,5,21272.55,0.05,95726.48,WALLET,shipped,2026-04-26,FESTIVE20
OI3000427,2026-04-26 03:11:00,C00521,P00650,S013,2,19012.41,0.2,34222.34,NETBANKING,returned,2026-04-26,FESTIVE20
OI3000428,2026-04-26 15:43:00,C01441,P00139,S007,2,87469.0,0.2,139950.4,COD,delivered,2026-04-26,NEW10
OI3000429,2026-04-26 06:11:00,C01791,P00460,S025,1,58675.02,0.05,52807.52,WALLET,returned,2026-04-26,
OI3000430,2026-04-26 22:51:00,C01741,P00241,S064,5,12427.11,0.05,62135.55,CARD,cancelled,2026-04-26,
OI3000431,2026-04-26 17:41:00,C01712,P00247,S074,6,85045.12,0.05,510270.72,CARD,returned,2026-04-26,NEW10
OI3000432,2026-04-26 22:01:00,C00101,P00007,S019,4,26020.02,0.1,83264.06,WALLET,cancelled,2026-04-26,
OI3000433,2026-04-26 15:25:00,C01367,P00120,S032,3,20014.73,0.2,57041.98,CARD,returned,2026-04-26,FESTIVE20
OI3000434,2026-04-26 02:02:00,C00766,P00204,S053,2,666.03,0.0,1065.65,UPI,cancelled,2026-04-26,
OI3000435,2026-04-26 04:18:00,C01919,P00736,S018,2,33429.26,0.0,60172.67,NETBANKING,shipped,2026-04-26,
OI3000436,2026-04-26 20:54:00,C02022,P00242,S057,3,78088.55,0.2,187412.52,CARD,delivered,2026-04-26,
OI3000437,2026-04-26 19:27:00,C00265,P00791,S069,5,54939.76,0.1,219759.04,UPI,shipped,2026-04-26,
OI3000438,2026-04-26 10:08:00,C01617,P00067,S021,4,unknown,0.1,bad_amount,WALLET,returned,2026-04-26,
OI3000439,2026-04-26 05:06:00,C01281,P00568,S059,1,3769.83,0.05,3392.85,WALLET,cancelled,2026-04-26,
OI3000440,2026-04-26 11:04:00,C01892,P00581,S048,1,1942.77,0.0,1942.77,CARD,shipped,2026-04-26,
OI3000441,2026-04-26 22:28:00,C01540,P00742,S039,4,84124.16,0.2,302846.98,COD,cancelled,2026-04-26,
OI3000442,2026-04-26 23:36:00,C00683,P00521,S056,2,86652.12,0.2,155973.82,UPI,delivered,2026-04-26,
OI3000443,2026-04-26 14:35:00,C00707,P00680,S022,5,70711.89,0.1,282847.56,CARD,shipped,2026-04-26,NEW10
OI3000444,2026-04-26 20:45:00,C01742,P00447,S002,1,55077.48,0.1,49569.73,WALLET,cancelled,2026-04-26,
OI3000445,2026-04-26 23:06:00,C02307,P00543,S036,2,17044.94,0.0,34089.88,COD,returned,2026-04-26,NEW10
OI3000446,2026-04-26 19:55:00,C01943,P00198,S064,1,7578.09,0.2,6820.28,WALLET,delivered,2026-04-26,
OI3000447,2026-04-26 22:23:00,C01980,P00361,S067,3,36875.57,0.1,105095.37,CARD,returned,2026-04-26,
OI3000448,2026-04-26 09:43:00,C02283,P00223,S004,2,51580.17,0.05,98002.32,UPI,shipped,2026-04-26,
OI3000449,2026-04-26 09:15:00,C00786,P00696,S048,5,69138.45,0.0,311123.03,UPI,returned,2026-04-26,NEW10
OI3000450,2026-04-26 03:38:00,C00789,P00461,S047,4,40245.92,0.2,144885.31,UPI,cancelled,2026-04-26,
OI3000451,2026-04-26 11:10:00,C02032,P00566,S067,5,56559.9,0.1,268659.52,NETBANKING,delivered,2026-04-26,
OI3000452,2026-04-26 08:31:00,C00118,P00304,S007,3,24954.79,0.1,67377.93,COD,shipped,2026-04-26,
OI3000453,2026-04-26 05:45:00,C02125,P00475,S051,1,2194.3,0.0,2084.59,COD,shipped,2026-04-26,
OI3000454,2026-04-26 06:41:00,C01256,P00797,S023,3,19573.06,0.2,52847.26,WALLET,shipped,2026-04-26,
OI3000455,2026-04-26 04:20:00,C00890,P00738,S071,3,83127.16,0.1,236912.41,NETBANKING,cancelled,2026-04-26,
OI3000456,2026-04-26 12:14:00,C00535,P00616,S034,6,19744.95,0.05,118469.7,CARD,returned,2026-04-26,NEW10
OI3000457,2026-04-26 11:28:00,C00396,P00060,S034,5,28646.51,0.2,143232.55,WALLET,cancelled,2026-04-26,
OI3000458,2026-04-26 08:36:00,C01076,P00070,S063,3,46092.54,0.05,124449.86,CARD,returned,2026-04-26,
OI3000459,2026-04-26 05:08:00,C01760,P00054,S063,5,17827.3,0.0,80222.85,WALLET,cancelled,2026-04-26,
OI3000460,2026-04-26 20:37:00,C01913,P00319,S044,6,38863.82,0.2,186546.34,COD,delivered,2026-04-26,
OI3000461,2026-04-26 08:40:00,C01201,P00026,S068,2,61875.0,0.0,111375.0,CARD,cancelled,2026-04-26,
OI3000462,2026-04-26 23:22:00,C00451,P00715,S005,5,24813.81,0.0,124069.05,UPI,returned,2026-04-26,NEW10
OI3000463,2026-04-26 11:47:00,C00008,P00481,S049,6,40143.27,0.2,216773.66,NETBANKING,returned,2026-04-26,
OI3000464,2026-04-26 03:38:00,C02308,P00503,S020,2,15722.73,0.0,25156.37,NETBANKING,delivered,2026-04-26,NEW10
OI3000465,2026-04-26 08:37:00,C00396,P00505,S026,3,54225.5,0.1,162676.5,WALLET,cancelled,2026-04-26,
OI3000466,2026-04-26 16:09:00,C01212,P00210,S005,5,58841.88,0.0,294209.4,WALLET,delivered,2026-04-26,
OI3000467,2026-04-26 11:12:00,C01462,P00748,S031,4,33758.25,0.1,121529.7,UPI,shipped,2026-04-26,NEW10
OI3000468,2026-04-26 17:07:00,C00025,P00772,S053,4,21283.3,0.05,85133.2,CARD,delivered,2026-04-26,
OI3000469,2026-04-26 16:44:00,C00108,P00633,S052,6,26973.68,0.1,129473.66,NETBANKING,cancelled,2026-04-26,
OI3000470,2026-04-26 14:16:00,C01047,P00609,S023,4,1552.71,0.2,5900.3,WALLET,returned,2026-04-26,
OI3000471,2026-04-26 01:37:00,C00868,P00271,S055,3,10674.3,0.05,32022.9,COD,returned,2026-04-26,
OI3000472,2026-04-26 02:52:00,C00893,P00370,S032,2,39280.5,0.0,78561.0,COD,returned,2026-04-26,
OI3000473,2026-04-26 23:43:00,C01807,P00538,S062,3,50198.57,0.2,135536.14,CARD,delivered,2026-04-26,NEW10
OI3000474,2026-04-26 18:04:00,C01386,P00474,S015,6,29119.69,0.0,157246.33,NETBANKING,returned,2026-04-26,NEW10
OI3000475,2026-04-26 15:12:00,C00121,P00163,S052,1,52247.79,0.05,47023.01,COD,returned,2026-04-26,
OI3000476,2026-04-26 07:09:00,C00715,P00574,S001,2,85906.24,0.0,137449.98,COD,delivered,2026-04-26,
OI3000477,2026-04-26 13:50:00,C01885,P00468,S056,4,12660.84,0.1,50643.36,NETBANKING,delivered,2026-04-26,
OI3000478,2026-04-26 03:37:00,C01926,P00314,S020,6,87369.41,0.1,498005.64,NETBANKING,delivered,2026-04-26,
OI3000479,2026-04-26 04:52:00,C01303,P00027,S057,4,80091.77,0.05,320367.08,NETBANKING,returned,2026-04-26,
OI3000480,2026-04-26 16:18:00,C00384,P00140,S051,6,33601.76,0.2,191530.03,NETBANKING,shipped,2026-04-26,
OI3000481,2026-04-26 20:56:00,C00756,P00617,S031,4,71882.12,0.1,230022.78,COD,shipped,2026-04-26,
OI3000482,2026-04-26 12:04:00,C01716,P00047,S056,2,8657.38,0.2,16449.02,UPI,shipped,2026-04-26,
OI3000483,2026-04-26 13:40:00,C01661,P00488,S026,5,9724.96,0.2,46193.56,COD,cancelled,2026-04-26,NEW10
OI3000484,2026-04-26 01:34:00,C01281,P00685,S071,3,50206.6,0.0,135557.82,NETBANKING,cancelled,2026-04-26,
OI3000485,2026-04-26 22:50:00,C01279,P00159,S003,1,31734.05,0.0,25387.24,NETBANKING,delivered,2026-04-26,
OI3000486,2026-04-26 14:52:00,C02001,P00142,S060,6,85536.27,0.05,461895.86,CARD,delivered,2026-04-26,
OI3000487,2026-04-26 20:04:00,C00461,P00145,S060,6,54447.66,0.0,310351.66,WALLET,shipped,2026-04-26,
OI3000488,2026-04-26 22:29:00,C01318,P00722,S062,3,75564.96,0.0,226694.88,CARD,shipped,2026-04-26,FESTIVE20
OI3000489,2026-04-26 20:46:00,C00168,P00461,S070,3,40245.92,0.2,114700.87,COD,shipped,2026-04-26,
OI3000490,2026-04-26 09:30:00,C00409,P00358,S024,3,83194.16,0.1,224624.23,CARD,shipped,2026-04-26,
OI3000491,2026-04-26 16:06:00,C01964,P00124,S021,3,34862.45,0.0,83669.88,WALLET,delivered,2026-04-26,NEW10
OI3000492,2026-04-26 10:55:00,C01373,P00363,S073,4,56418.22,0.0,180538.3,WALLET,delivered,2026-04-26,
OI3000493,2026-04-26 09:17:00,C02242,P00472,S042,2,21594.74,0.2,38870.53,COD,delivered,2026-04-26,
OI3000494,2026-04-26 08:53:00,C01756,P00222,S035,3,53115.56,0.2,143412.01,CARD,shipped,2026-04-26,
OI3000495,2026-04-26 21:35:00,C00860,P00231,S043,5,71889.3,0.1,341474.17,NETBANKING,shipped,2026-04-26,NEW10
OI3000496,2026-04-26 18:54:00,C02148,P00317,S050,2,26767.64,0.05,48181.75,COD,cancelled,2026-04-26,
OI3000497,2026-04-26 21:03:00,C01664,P00459,S005,3,26892.08,0.2,76642.43,CARD,delivered,2026-04-26,NEW10
OI3000498,2026-04-26 09:43:00,C00911,P00086,S035,2,80804.46,0.2,129287.14,UPI,shipped,2026-04-26,
OI3000499,2026-04-26 22:40:00,C01489,P00077,S006,1,83992.66,0.0,75593.39,COD,returned,2026-04-26,
OI3000500,2026-04-26 20:45:00,C02455,P00763,S033,4,2774.01,0.05,11096.04,COD,delivered,2026-04-26,
OI3000501,2026-04-26 06:37:00,C00614,P00504,S042,6,13355.18,0.1,72117.97,CARD,shipped,2026-04-26,
OI3000502,2026-04-26 05:21:00,C01805,P00462,S065,3,84326.32,0.0,240330.01,CARD,delivered,2026-04-26,
OI3000503,2026-04-26 00:38:00,C01223,P00459,S001,5,26892.08,0.0,121014.36,CARD,cancelled,2026-04-26,
OI3000504,2026-04-26 03:30:00,C01828,P00776,S031,5,85783.24,0.2,343132.96,COD,cancelled,2026-04-26,NEW10
OI3000505,2026-04-26 11:00:00,C01045,P00013,S056,3,67005.44,0.1,201016.32,WALLET,returned,2026-04-26,
OI3000506,2026-04-26 21:16:00,C02049,P00702,S056,3,48813.44,0.1,117152.26,CARD,shipped,2026-04-26,FESTIVE20
OI3000507,2026-04-26 02:20:00,C00010,P00034,S012,5,26173.66,0.2,130868.3,CARD,delivered,2026-04-26,
OI3000508,2026-04-26 06:04:00,C01654,P00115,S016,4,65194.16,0.2,260776.64,CARD,delivered,2026-04-26,
OI3000509,2026-04-26 02:37:00,C00382,P00081,S063,2,77697.62,0.0,155395.24,COD,returned,2026-04-26,
OI3000510,2026-04-26 18:45:00,C01651,P00395,S045,6,28538.84,0.1,136986.43,UPI,shipped,2026-04-26,FESTIVE20
OI3000511,2026-04-26 13:25:00,C00659,P00186,S063,1,52875.22,0.1,42300.18,CARD,delivered,2026-04-26,FESTIVE20
OI3000512,2026-04-26 06:08:00,C01522,P00708,S010,1,63644.84,0.05,60462.6,COD,shipped,2026-04-26,
OI3000513,2026-04-26 13:55:00,C01168,P00507,S024,4,13122.94,0.0,52491.76,CARD,returned,2026-04-26,
OI3000514,2026-04-26 04:22:00,C00671,P00538,S032,6,50198.57,0.2,301191.42,WALLET,returned,2026-04-26,FESTIVE20
OI3000515,2026-04-08 16:00:00,C02003,P00572,S001,6,83512.41,0.2,450967.01,CARD,delivered,2026-04-26,
OI3000516,2026-04-26 14:40:00,C00520,P00441,S035,4,30411.38,0.2,121645.52,UPI,cancelled,2026-04-26,
OI3000517,2026-04-26 23:07:00,C01261,P00512,S053,3,57671.0,0.0,164362.35,COD,shipped,2026-04-26,
OI3000518,2026-04-26 21:53:00,C01019,P00531,S053,5,77911.66,0.05,311646.64,WALLET,returned,2026-04-26,
OI3000519,2026-04-26 01:19:00,C02198,P00632,S075,3,62788.56,0.1,188365.68,WALLET,returned,2026-04-26,
OI3000520,2026-04-26 00:06:00,C01017,P00695,S007,6,78265.88,0.05,375676.22,UPI,cancelled,2026-04-26,
OI3000521,2026-04-26 17:15:00,C01427,P00077,S033,5,83992.66,0.05,398965.14,NETBANKING,shipped,2026-04-26,NEW10
OI3000522,2026-04-26 01:00:00,C00173,P00672,S026,5,48105.37,0.05,216474.17,WALLET,shipped,2026-04-26,
OI3000523,2026-04-20 17:00:00,C00066,P00388,S051,2,12049.67,0.0,19279.47,NETBANKING,delivered,2026-04-26,
OI3000524,2026-04-26 14:37:00,C01723,P00508,S046,4,7430.37,0.0,23777.18,UPI,cancelled,2026-04-26,NEW10
OI3000525,2026-04-26 23:22:00,C02093,P00598,S008,4,45122.1,0.2,180488.4,NETBANKING,cancelled,2026-04-26,
OI3000526,2026-04-12 12:00:00,C00024,P00355,S047,1,45826.4,0.05,45826.4,COD,shipped,2026-04-26,NEW10
OI3000527,2026-04-26 10:59:00,C00924,P00035,S039,3,49801.37,0.2,141933.9,WALLET,cancelled,2026-04-26,
OI3000528,2026-04-26 11:11:00,C01772,P00181,S062,5,19954.26,0.05,79817.04,UPI,cancelled,2026-04-26,FESTIVE20
OI3000529,2026-04-26 12:42:00,C00064,P00760,S052,3,38540.65,0.2,115621.95,UPI,delivered,2026-04-26,
OI3000530,2026-04-26 03:48:00,C01963,P00734,S027,3,20878.89,0.0,56373.0,NETBANKING,shipped,2026-04-26,
OI3000531,2026-04-26 09:01:00,C00914,P00018,S017,1,57158.76,0.2,45727.01,COD,shipped,2026-04-26,FESTIVE20
OI3000532,2026-04-26 07:42:00,C00628,P00524,S049,4,19552.66,0.1,74300.11,UPI,shipped,2026-04-26,
OI3000533,2026-04-26 21:42:00,C00764,P00516,S041,2,6106.6,0.2,12213.2,WALLET,shipped,2026-04-26,NEW10
OI3000534,2026-04-26 00:08:00,C00739,P00441,S032,2,30411.38,0.05,48658.21,COD,shipped,2026-04-26,
OI3000535,2026-04-26 16:05:00,C01871,P00551,S066,2,37605.09,0.0,71449.67,COD,returned,2026-04-26,
OI3000536,2026-04-26 21:11:00,C01762,P00064,S056,2,25634.15,0.1,48704.89,COD,shipped,2026-04-26,
OI3000537,2026-04-26 01:47:00,C02070,P00303,S049,5,65636.84,0.05,262547.36,NETBANKING,shipped,2026-04-26,
OI3000538,2026-04-26 05:56:00,C01320,P00074,S017,3,50478.89,0.0,121149.34,COD,cancelled,2026-04-26,NEW10
OI3000539,2026-04-26 13:56:00,C00065,P00266,S061,5,46560.04,0.1,209520.18,WALLET,shipped,2026-04-26,
OI3000540,2026-04-26 15:12:00,C00868,P00007,S021,3,26020.02,0.0,74157.06,NETBANKING,delivered,2026-04-26,
OI3000541,2026-04-26 22:54:00,C01975,P00004,S055,6,68176.44,0.05,388605.71,NETBANKING,returned,2026-04-26,
OI3000542,2026-04-26 21:33:00,C02359,P00273,S074,6,5755.55,0.1,31079.97,NETBANKING,shipped,2026-04-26,
OI3000543,2026-04-26 07:19:00,C02328,P00129,S025,1,54358.95,0.0,54358.95,WALLET,delivered,2026-04-26,
OI3000544,2026-04-26 14:25:00,C00784,P00675,S036,3,15278.52,0.05,36668.45,WALLET,returned,2026-04-26,
OI3000545,2026-04-26 20:53:00,C00157,P00751,S007,4,47815.45,0.05,181698.71,COD,shipped,2026-04-26,
OI3000546,2026-04-26 14:29:00,C00283,P00687,S055,5,32039.5,0.05,128158.0,COD,delivered,2026-04-26,
OI3000547,2026-04-26 02:27:00,C02280,P00150,S053,6,30918.13,0.2,185508.78,UPI,returned,2026-04-26,
OI3000548,2026-04-26 01:53:00,C01771,P00169,S070,1,41370.63,0.1,37233.57,WALLET,returned,2026-04-26,FESTIVE20
OI3000549,2026-04-26 21:34:00,C01824,P00560,S025,3,28957.13,0.05,78184.25,COD,delivered,2026-04-26,NEW10
OI3000550,2026-04-26 06:37:00,C00345,P00731,S056,4,56245.76,0.2,213733.89,CARD,returned,2026-04-26,
OI3000551,2026-04-26 06:42:00,C01844,,S048,2,unknown,0.05,bad_amount,COD,shipped,2026-04-26,
OI3000552,2026-04-26 23:30:00,C02145,P00381,S038,4,40514.44,0.05,129646.21,COD,delivered,2026-04-26,NEW10
OI3000553,2026-04-26 10:04:00,C01287,P00485,S052,6,27946.35,0.0,150910.29,UPI,returned,2026-04-26,NEW10
OI3000554,2026-04-26 16:31:00,C02094,P00662,S049,4,30399.21,0.1,109437.16,NETBANKING,delivered,2026-04-26,
OI3000555,2026-04-26 17:16:00,C01127,P00767,S009,6,7726.84,0.1,41724.94,UPI,cancelled,2026-04-26,
OI3000556,2026-04-15 16:00:00,C02307,P00045,S023,4,9818.72,0.2,39274.88,NETBANKING,delivered,2026-04-26,
OI3000557,2026-04-26 06:38:00,C00889,P00162,S021,1,26013.63,0.05,23412.27,UPI,delivered,2026-04-26,NEW10
OI3000558,2026-04-26 06:31:00,C00227,P00340,S047,3,16426.26,0.0,44350.9,NETBANKING,cancelled,2026-04-26,
OI3000559,2026-04-26 08:10:00,C00622,P00617,S037,3,71882.12,0.1,204864.04,WALLET,shipped,2026-04-26,
OI3000560,2026-04-26 17:46:00,C01101,P00426,S049,1,7233.88,0.05,7233.88,UPI,delivered,2026-04-26,
OI3000561,2026-04-26 03:04:00,C01532,P00526,S067,2,24784.72,0.2,39655.55,UPI,delivered,2026-04-26,
OI3000562,2026-04-26 01:49:00,C00072,P00673,S014,6,16017.13,0.05,86492.5,CARD,returned,2026-04-26,NEW10
OI3000563,2026-04-26 18:56:00,C02317,P00058,S075,6,72269.01,0.1,433614.06,CARD,cancelled,2026-04-26,
OI3000564,2026-04-26 08:39:00,C01389,P00036,S073,3,9298.66,0.1,25106.38,WALLET,shipped,2026-04-26,
OI3000565,2026-04-26 23:19:00,C00405,P00285,S007,5,35238.69,0.0,167383.78,WALLET,delivered,2026-04-26,FESTIVE20
OI3000566,2026-04-13 15:00:00,C00438,P00244,S059,6,45642.76,0.1,219085.25,UPI,cancelled,2026-04-26,
OI3000567,2026-04-26 03:04:00,C01313,P00673,S013,2,16017.13,0.05,30432.55,NETBANKING,cancelled,2026-04-26,
OI3000568,2026-04-26 05:40:00,C01543,P00693,S024,1,87763.65,0.0,87763.65,UPI,returned,2026-04-26,
OI3000569,2026-04-26 11:57:00,C01356,P00433,S027,1,62850.99,0.05,50280.79,WALLET,shipped,2026-04-26,
OI3000570,2026-04-26 09:56:00,C01572,P00705,S018,1,51936.03,0.1,49339.23,NETBANKING,cancelled,2026-04-26,
OI3000571,2026-04-26 06:31:00,C01320,P00599,S015,4,42258.49,0.0,135227.17,WALLET,cancelled,2026-04-26,
OI3000572,2026-04-26 21:51:00,C02008,P00368,S029,3,46678.84,0.1,126032.87,WALLET,cancelled,2026-04-26,
OI3000573,2026-04-26 23:25:00,C01910,P00381,S075,6,40514.44,0.2,243086.64,CARD,delivered,2026-04-26,
OI3000574,2026-04-26 10:01:00,C02148,P00760,S046,5,38540.65,0.0,192703.25,CARD,returned,2026-04-26,
OI3000575,2026-04-26 15:20:00,C00483,P00635,S011,2,37326.92,0.05,67188.46,NETBANKING,returned,2026-04-26,NEW10
OI3000576,2026-04-26 16:46:00,C01814,P00437,S063,1,78191.92,0.0,78191.92,COD,returned,2026-04-26,
OI3000577,2026-04-26 01:25:00,C00223,P00705,S010,2,51936.03,0.05,93484.85,UPI,shipped,2026-04-26,NEW10
OI3000578,2026-04-26 19:17:00,C01545,P00411,S026,1,3717.78,0.0,3717.78,WALLET,returned,2026-04-26,
OI3000579,2026-04-26 05:40:00,C00571,P00134,S058,4,unknown,0.1,bad_amount,NETBANKING,shipped,2026-04-26,
OI3000580,2026-04-26 14:41:00,C02348,P00052,S062,5,41566.57,0.1,197441.21,WALLET,shipped,2026-04-26,
OI3000581,2026-04-26 22:54:00,C00309,P00226,S002,6,61015.98,0.0,347791.09,COD,shipped,2026-04-26,FESTIVE20
OI3000582,2026-04-26 06:49:00,C00058,P00630,S025,6,27086.8,0.1,162520.8,UPI,delivered,2026-04-26,
OI3000583,2026-04-26 10:21:00,C01909,P00686,S074,4,81005.35,0.0,291619.26,WALLET,shipped,2026-04-26,
OI3000584,2026-04-26 02:06:00,C01667,P00699,S005,1,67726.99,0.0,64340.64,COD,returned,2026-04-26,
OI3000585,2026-04-20 10:00:00,C00092,P00149,S044,5,52945.24,0.05,238253.58,UPI,returned,2026-04-26,
OI3000586,2026-04-26 20:03:00,C02314,P00384,S069,3,66621.3,0.0,159891.12,COD,shipped,2026-04-26,
OI3000587,2026-04-09 20:00:00,C00692,P00377,S062,5,61653.87,0.2,308269.35,CARD,cancelled,2026-04-26,
OI3000588,2026-04-26 14:34:00,C01778,P00475,S001,6,2194.3,0.05,11849.22,WALLET,cancelled,2026-04-26,
OI3000589,2026-04-26 20:12:00,C02395,P00430,S012,4,66211.05,0.1,238359.78,NETBANKING,delivered,2026-04-26,NEW10
OI3000590,2026-04-26 07:10:00,C02099,P00122,S024,1,45035.48,0.1,45035.48,UPI,shipped,2026-04-26,NEW10
OI3000591,2026-04-26 22:59:00,C00322,P00457,S053,4,74186.35,0.0,267070.86,UPI,shipped,2026-04-26,
OI3000592,2026-04-26 03:03:00,C01329,P00771,S038,5,8054.87,0.0,36246.92,COD,shipped,2026-04-26,
OI3000593,2026-04-26 21:28:00,C00243,P00198,S006,5,7578.09,0.05,37890.45,WALLET,cancelled,2026-04-26,
OI3000594,2026-04-26 00:41:00,C01720,P00156,S054,3,44208.86,0.1,119363.92,CARD,delivered,2026-04-26,
OI3000595,2026-04-26 09:46:00,C01114,P00293,S075,5,8044.48,0.0,32177.92,CARD,delivered,2026-04-26,
OI3000596,2026-04-26 11:26:00,C01778,P00295,S055,1,37814.51,0.1,35923.78,UPI,cancelled,2026-04-26,
OI3000597,2026-04-26 13:51:00,C02339,P00229,S063,6,78587.43,0.0,471524.58,WALLET,shipped,2026-04-26,
OI3000598,2026-04-26 21:49:00,C02327,P00287,S069,3,66589.78,0.2,199769.34,COD,delivered,2026-04-26,
OI3000599,2026-04-26 00:15:00,C02494,P00516,S027,1,6106.6,0.1,5495.94,COD,delivered,2026-04-26,
OI3000600,2026-04-26 00:03:00,C02082,P00540,S026,5,12058.68,0.2,54264.06,WALLET,returned,2026-04-26,
OI3000601,2026-04-26 04:36:00,C00685,P00309,S028,4,30383.15,0.05,115455.97,COD,shipped,2026-04-26,FESTIVE20
OI3000602,2026-04-26 10:27:00,C01332,P00376,S012,5,25959.56,0.05,123307.91,NETBANKING,delivered,2026-04-26,NEW10
OI3000603,2026-04-26 14:35:00,C00287,P00403,S001,2,79230.44,0.2,150537.84,WALLET,delivered,2026-04-26,
OI3000604,2026-04-26 10:00:00,C01007,P00109,S060,4,87371.25,0.2,314536.5,NETBANKING,shipped,2026-04-26,
OI3000605,2026-04-26 16:58:00,C01118,P00567,S028,6,28237.73,0.1,160955.06,WALLET,returned,2026-04-26,
OI3000606,2026-04-26 07:06:00,C01304,P00477,S031,3,79357.69,0.05,226169.42,CARD,returned,2026-04-26,NEW10
OI3000607,2026-04-26 12:45:00,C01202,P00639,S066,3,71673.79,0.05,172017.1,WALLET,delivered,2026-04-26,
OI3000608,2026-04-26 23:13:00,C01540,P00346,S069,6,21611.47,0.2,103735.06,WALLET,returned,2026-04-26,
OI3000609,2026-04-26 13:47:00,C00040,P00748,S031,4,33758.25,0.0,121529.7,WALLET,shipped,2026-04-26,
OI3000610,2026-04-26 20:09:00,C01490,P00221,S065,5,12154.88,0.1,60774.4,UPI,shipped,2026-04-26,FESTIVE20
OI3000611,2026-04-26 08:44:00,C00171,P00146,S039,4,18705.7,0.0,71081.66,NETBANKING,returned,2026-04-26,
OI3000612,2026-04-26 08:17:00,C00407,P00609,S042,2,1552.71,0.1,2794.88,UPI,shipped,2026-04-26,NEW10
OI3000613,2026-04-26 18:30:00,C01548,P00510,S074,6,44067.06,0.2,251182.24,WALLET,delivered,2026-04-26,
OI3000614,2026-04-26 02:46:00,C01765,P00037,S001,2,27187.86,0.0,54375.72,CARD,delivered,2026-04-26,
OI3000615,2026-04-26 07:25:00,C01474,P00138,S010,1,8583.97,0.2,6867.18,UPI,returned,2026-04-26,
OI3000616,2026-04-09 09:00:00,C01657,P00123,S047,3,30615.63,0.05,82662.2,CARD,shipped,2026-04-26,
OI3000617,2026-04-26 12:50:00,C01554,P00256,S019,1,2640.76,0.2,2508.72,WALLET,cancelled,2026-04-26,
OI3000618,2026-04-26 15:32:00,C00126,P00618,S026,2,4658.4,0.1,8850.96,CARD,cancelled,2026-04-26,
OI3000619,2026-04-26 17:56:00,C01029,P00260,S066,1,41841.84,0.1,39749.75,NETBANKING,delivered,2026-04-26,
OI3000620,2026-04-26 11:43:00,C01296,P00220,S060,6,30894.86,0.2,185369.16,WALLET,cancelled,2026-04-26,
OI3000621,2026-04-26 18:04:00,C01158,P00386,S027,1,84773.95,0.2,80535.25,COD,returned,2026-04-26,
OI3000622,2026-04-26 02:09:00,C00633,P00339,S070,4,2566.61,0.0,9239.8,COD,delivered,2026-04-26,
OI3000623,2026-04-26 12:37:00,C01045,P00359,S048,1,74405.37,0.1,66964.83,NETBANKING,returned,2026-04-26,
OI3000624,2026-04-26 14:17:00,C00779,P00547,S009,5,5445.8,0.05,21783.2,WALLET,shipped,2026-04-26,
OI3000625,2026-04-26 10:54:00,C00065,P00056,S018,5,26763.85,0.05,107055.4,UPI,shipped,2026-04-26,
OI3000626,2026-04-26 20:05:00,C02461,,S049,6,53037.26,0.0,NaN_TEXT,COD,returned,2026-04-26,
OI3000627,2026-04-26 07:40:00,C00238,P00699,S016,5,67726.99,0.2,321703.2,WALLET,shipped,2026-04-26,
OI3000628,2026-04-26 19:33:00,C00645,P00468,S043,1,12660.84,0.1,11394.76,COD,returned,2026-04-26,FESTIVE20
OI3000629,2026-04-26 05:33:00,C00396,P00379,S056,6,50679.03,0.2,288870.47,CARD,cancelled,2026-04-26,
OI3000630,2026-04-26 19:36:00,C01527,P00657,S072,1,12030.66,0.2,11429.13,WALLET,delivered,2026-04-26,
OI3000631,2026-04-26 11:14:00,C01091,P00147,S035,4,53949.22,0.05,215796.88,WALLET,cancelled,2026-04-26,
OI3000632,2026-04-26 03:59:00,C00237,P00724,S017,4,19761.05,0.2,63235.36,NETBANKING,delivered,2026-04-26,
OI3000633,2026-04-26 02:29:00,C01745,P00780,S014,1,36021.81,0.05,28817.45,NETBANKING,shipped,2026-04-26,NEW10
OI3000634,2026-04-26 16:05:00,C02069,P00436,S053,2,31812.32,0.0,63624.64,CARD,shipped,2026-04-26,
OI3000635,2026-04-26 07:53:00,C01456,P00576,S017,5,80278.32,0.0,381322.02,WALLET,delivered,2026-04-26,NEW10
OI3000636,2026-04-26 00:13:00,C01763,P00528,S071,1,3660.3,0.2,3477.28,CARD,cancelled,2026-04-26,FESTIVE20
OI3000637,2026-04-26 15:05:00,C01305,P00671,S074,3,1549.6,0.0,4648.8,CARD,delivered,2026-04-26,NEW10
OI3000638,2026-04-06 13:00:00,C01175,P00388,S027,4,12049.67,0.0,48198.68,WALLET,cancelled,2026-04-26,NEW10
OI3000639,2026-04-26 00:47:00,C00396,P00424,S051,4,42885.89,0.1,171543.56,COD,shipped,2026-04-26,
OI3000640,2026-04-26 22:53:00,C00886,P00576,S031,1,80278.32,0.05,80278.32,CARD,returned,2026-04-26,NEW10
OI3000641,2026-04-26 04:14:00,C01561,P00050,S005,5,75102.36,0.05,356736.21,CARD,cancelled,2026-04-26,
OI3000642,2026-04-26 20:49:00,C01093,P00113,S070,6,14947.56,0.2,80716.82,COD,shipped,2026-04-26,
OI3000643,2026-04-17 10:00:00,C01710,P00285,S013,5,35238.69,0.2,167383.78,UPI,delivered,2026-04-26,
OI3000644,2026-04-26 10:55:00,C02500,P00367,S075,5,74073.14,0.2,370365.7,UPI,shipped,2026-04-26,FESTIVE20
OI3000645,2026-04-26 05:45:00,C00784,P00201,S066,6,44375.05,0.1,239625.27,COD,returned,2026-04-26,
OI3000646,2026-04-26 00:17:00,C01213,P00244,S048,3,45642.76,0.2,123235.45,COD,delivered,2026-04-26,FESTIVE20
OI3000647,2026-04-26 16:26:00,C01771,P00407,S036,2,17806.09,0.1,28489.74,NETBANKING,returned,2026-04-26,
OI3000648,2026-04-26 04:02:00,C01563,P00347,S061,1,5351.49,0.1,5083.92,UPI,shipped,2026-04-26,
OI3000649,2026-04-26 13:17:00,C00398,P00567,S037,1,28237.73,0.05,22590.18,NETBANKING,cancelled,2026-04-26,
OI3000650,2026-04-26 12:21:00,C00302,P00378,S064,1,3535.63,0.2,2828.5,UPI,shipped,2026-04-26,
OI3000651,2026-04-26 09:54:00,C01215,P00161,S066,4,68133.99,0.0,218028.77,CARD,returned,2026-04-26,NEW10
OI3000652,2026-04-26 01:40:00,C01773,P00318,S047,3,37156.14,0.1,89174.74,WALLET,returned,2026-04-26,NEW10
OI3000653,2026-04-26 19:34:00,C00058,P00374,S015,2,45543.07,0.05,91086.14,WALLET,cancelled,2026-04-26,
OI3000654,2026-04-26 10:58:00,C00356,P00320,S047,3,7007.48,0.1,21022.44,NETBANKING,returned,2026-04-26,FESTIVE20
OI3000655,2026-04-26 07:09:00,C00697,P00719,S017,5,37253.32,0.0,186266.6,COD,shipped,2026-04-26,
OI3000656,2026-04-26 20:42:00,C01885,P00729,S004,4,17472.25,0.05,69889.0,WALLET,delivered,2026-04-26,
OI3000657,2026-04-26 16:46:00,C00032,P00583,S004,4,unknown,0.05,bad_amount,COD,cancelled,2026-04-26,
OI3000658,2026-04-26 09:21:00,C00584,P00179,S037,5,30872.47,0.05,154362.35,NETBANKING,shipped,2026-04-26,
OI3000659,2026-04-26 23:10:00,C02069,P00346,S053,1,21611.47,0.1,21611.47,UPI,delivered,2026-04-26,NEW10
OI3000660,2026-04-26 04:29:00,C01488,P00526,S067,4,24784.72,0.2,99138.88,WALLET,cancelled,2026-04-26,NEW10
OI3000661,2026-04-26 18:07:00,C00798,P00221,S003,5,12154.88,0.2,54696.96,CARD,returned,2026-04-26,FESTIVE20
OI3000662,2026-04-26 12:56:00,C01825,P00161,S060,4,68133.99,0.0,272535.96,WALLET,delivered,2026-04-26,FESTIVE20
OI3000663,2026-04-26 07:00:00,C00270,P00305,S064,1,18907.54,0.1,18907.54,UPI,returned,2026-04-26,FESTIVE20
OI3000664,2026-04-26 13:36:00,C01809,P00498,S053,1,59122.37,0.1,59122.37,CARD,delivered,2026-04-26,
OI3000665,2026-04-26 04:28:00,C02308,P00325,S074,3,5814.81,0.1,16572.21,WALLET,shipped,2026-04-26,NEW10
OI3000666,2026-04-26 21:07:00,C00588,P00235,S073,4,20332.68,0.05,81330.72,CARD,shipped,2026-04-26,
OI3000667,2026-04-26 20:54:00,C00729,P00273,S074,1,5755.55,0.2,5179.99,WALLET,cancelled,2026-04-26,
OI3000668,2026-04-26 06:47:00,C01236,P00741,S071,5,9080.41,0.0,45402.05,NETBANKING,cancelled,2026-04-26,NEW10
OI3000669,2026-04-26 18:28:00,C01490,P00257,S022,6,66166.78,0.1,317600.54,UPI,returned,2026-04-26,
OI3000670,2026-04-26 08:28:00,C01034,P00367,S038,2,74073.14,0.2,140738.97,WALLET,returned,2026-04-26,
OI3000671,2026-04-26 17:01:00,C01156,P00226,S024,1,61015.98,0.1,48812.78,CARD,shipped,2026-04-26,
OI3000672,2026-04-26 10:39:00,C01467,P00469,S064,6,87510.96,0.2,498812.47,COD,cancelled,2026-04-26,
OI3000673,2026-04-26 13:55:00,C00770,P00545,S055,5,77517.8,0.1,348830.1,WALLET,shipped,2026-04-26,
OI3000674,2026-04-26 02:55:00,C01441,P00793,S009,3,87278.29,0.0,261834.87,NETBANKING,cancelled,2026-04-26,
OI3000675,2026-04-13 09:00:00,C02377,P00467,S016,3,3621.18,0.0,10863.54,CARD,shipped,2026-04-26,NEW10
OI3000676,2026-04-26 00:14:00,C02286,P00703,S003,2,15220.71,0.0,30441.42,COD,cancelled,2026-04-26,
OI3000677,2026-04-26 01:12:00,C02065,P00584,S011,3,unknown,0.0,bad_amount,CARD,cancelled,2026-04-26,
OI3000678,2026-04-26 03:20:00,C01828,P00317,S037,1,26767.64,0.2,21414.11,WALLET,returned,2026-04-26,
OI3000679,2026-04-26 05:22:00,C00195,P00740,S015,1,59184.15,0.0,59184.15,UPI,delivered,2026-04-26,
OI3000680,2026-04-26 10:33:00,C01236,P00278,S032,6,50694.44,0.2,243333.31,UPI,delivered,2026-04-26,
OI3000681,2026-04-07 01:00:00,C01111,P00406,S062,4,16017.01,0.1,60864.64,NETBANKING,delivered,2026-04-26,
OI3000682,2026-04-26 23:22:00,C00271,P00182,S023,2,51122.18,0.05,102244.36,UPI,cancelled,2026-04-26,NEW10
OI3000683,2026-04-26 05:04:00,C01209,P00160,S046,1,56754.39,0.05,53916.67,UPI,delivered,2026-04-26,
OI3000684,2026-04-26 15:10:00,C01650,P00386,S008,4,84773.95,0.1,339095.8,CARD,delivered,2026-04-26,
OI3000685,2026-04-26 17:26:00,C00406,P00196,S060,2,22015.14,0.1,41828.77,CARD,delivered,2026-04-26,
OI3000686,2026-04-26 00:51:00,C01232,P00076,S051,1,65585.96,0.1,52468.77,NETBANKING,returned,2026-04-26,NEW10
OI3000687,2026-04-26 01:34:00,C00533,P00036,S002,3,9298.66,0.0,22316.78,WALLET,delivered,2026-04-26,
OI3000688,2026-04-26 10:31:00,C01614,P00016,S031,4,12387.77,0.2,44595.97,UPI,cancelled,2026-04-26,
OI3000689,2026-04-26 13:39:00,C01620,P00171,S018,4,698.95,0.0,2236.64,CARD,delivered,2026-04-26,
OI3000690,2026-04-26 06:47:00,C01006,P00789,S003,2,46207.17,0.1,73931.47,COD,delivered,2026-04-26,NEW10
OI3000691,2026-04-26 01:28:00,C02270,P00227,S033,5,57830.24,0.1,231320.96,UPI,delivered,2026-04-26,
OI3000692,2026-04-26 11:14:00,C00173,P00696,S017,1,69138.45,0.2,69138.45,NETBANKING,returned,2026-04-26,
OI3000693,2026-04-26 01:54:00,C01100,P00450,S059,3,70829.61,0.0,212488.83,NETBANKING,delivered,2026-04-26,
OI3000694,2026-04-26 08:12:00,C01234,P00148,S040,1,63834.05,0.1,63834.05,COD,returned,2026-04-26,NEW10
OI3000695,2026-04-26 05:27:00,C01599,P00248,S075,2,86544.26,0.05,173088.52,COD,shipped,2026-04-26,
OI3000696,2026-04-26 23:49:00,C02356,P00528,S065,5,3660.3,0.0,16471.35,CARD,cancelled,2026-04-26,
OI3000697,2026-04-26 00:11:00,C00734,P00622,S022,6,27317.69,0.2,155710.83,CARD,returned,2026-04-26,
OI3000698,2026-04-26 04:54:00,C00745,P00038,S063,2,73184.59,0.2,139050.72,UPI,returned,2026-04-26,
OI3000699,2026-04-13 09:00:00,C00600,P00727,S004,4,68215.7,0.2,245576.52,UPI,shipped,2026-04-26,
OI3000700,2026-04-26 03:29:00,C00135,P00783,S024,6,21905.04,0.1,105144.19,WALLET,shipped,2026-04-26,
OI3000701,2026-04-26 11:23:00,C00190,P00673,S056,5,16017.13,0.0,64068.52,COD,returned,2026-04-26,
OI3000702,2026-04-26 05:15:00,C02449,P00094,S058,6,75370.76,0.0,407002.1,WALLET,returned,2026-04-26,
OI3000703,2026-04-26 02:07:00,C02474,P00192,S038,3,49831.34,0.0,134544.62,CARD,shipped,2026-04-26,FESTIVE20
OI3000704,2026-04-26 18:59:00,C01480,P00581,S059,5,1942.77,0.05,9713.85,COD,returned,2026-04-26,
OI3000705,2026-04-26 11:22:00,C00901,P00548,S029,3,17399.1,0.2,52197.3,COD,shipped,2026-04-26,NEW10
OI3000706,2026-04-26 21:24:00,C01497,P00538,S018,3,50198.57,0.1,135536.14,WALLET,delivered,2026-04-26,NEW10
OI3000707,2026-04-26 05:42:00,C00487,P00272,S049,2,30741.19,0.1,61482.38,CARD,cancelled,2026-04-26,
OI3000708,2026-04-26 14:30:00,C01611,P00383,S034,2,13065.11,0.2,26130.22,CARD,returned,2026-04-26,
OI3000709,2026-04-26 17:09:00,C01867,P00473,S001,2,3872.45,0.05,7357.65,NETBANKING,shipped,2026-04-26,
OI3000710,2026-04-17 12:00:00,C01425,P00380,S042,2,49138.78,0.2,93363.68,COD,delivered,2026-04-26,
OI3000711,2026-04-26 08:50:00,C00369,P00089,S018,6,54798.93,0.2,263034.86,UPI,returned,2026-04-26,
OI3000712,2026-04-26 06:32:00,C01663,P00580,S017,2,18525.18,0.0,37050.36,CARD,cancelled,2026-04-26,
OI3000713,2026-04-26 22:12:00,C02328,P00014,S057,5,24907.63,0.1,124538.15,CARD,shipped,2026-04-26,NEW10
OI3000714,2026-04-26 16:17:00,C02371,P00380,S029,5,49138.78,0.05,245693.9,COD,returned,2026-04-26,
OI3000715,2026-04-26 19:22:00,C01096,P00107,S061,4,53454.24,0.2,213816.96,CARD,shipped,2026-04-26,
OI3000716,2026-04-26 14:12:00,C02140,P00354,S038,6,17006.45,0.0,91834.83,CARD,cancelled,2026-04-26,NEW10
OI3000717,2026-04-26 04:12:00,C01244,P00590,S041,5,62602.53,0.2,281711.39,CARD,shipped,2026-04-26,
OI3000718,2026-04-26 11:24:00,C00239,P00379,S019,2,50679.03,0.0,96290.16,WALLET,shipped,2026-04-26,
OI3000719,2026-04-26 07:04:00,C02295,P00345,S021,3,60209.96,0.1,180629.88,NETBANKING,shipped,2026-04-26,
OI3000720,2026-04-26 22:04:00,C01584,P00091,S068,4,7821.68,0.05,31286.72,NETBANKING,cancelled,2026-04-26,
OI3000721,2026-04-26 13:05:00,C01774,P00205,S025,6,unknown,0.2,bad_amount,WALLET,shipped,2026-04-26,NEW10
OI3000722,2026-04-26 11:40:00,C02384,P00500,S007,6,89625.7,0.0,510866.49,UPI,returned,2026-04-26,
OI3000723,2026-04-26 14:46:00,C01728,P00440,S054,5,19592.08,0.05,97960.4,CARD,cancelled,2026-04-26,
OI3000724,2026-04-26 21:05:00,C00725,P00252,S059,1,62580.71,0.2,50064.57,WALLET,cancelled,2026-04-26,
OI3000725,2026-04-26 15:23:00,C01452,P00771,S061,1,8054.87,0.05,6443.9,COD,delivered,2026-04-26,
OI3000726,2026-04-26 09:54:00,C01149,P00340,S040,5,16426.26,0.2,82131.3,CARD,cancelled,2026-04-26,NEW10
OI3000727,2026-04-26 03:09:00,C02428,P00234,S017,1,36179.83,0.0,28943.86,NETBANKING,delivered,2026-04-26,
OI3000728,2026-04-26 12:39:00,C01006,P00392,S044,4,49688.24,0.1,178877.66,NETBANKING,delivered,2026-04-26,NEW10
OI3000729,2026-04-26 09:13:00,C01621,P00323,S047,4,41464.68,0.0,149272.85,NETBANKING,cancelled,2026-04-26,
OI3000730,2026-04-26 16:33:00,C01537,P00208,S004,5,51425.08,0.05,205700.32,NETBANKING,delivered,2026-04-26,NEW10
OI3000731,2026-04-26 03:12:00,C01557,P00033,S035,2,32639.83,0.05,58751.69,WALLET,cancelled,2026-04-26,
OI3000732,2026-04-26 17:08:00,C00127,P00290,S029,5,48750.05,0.0,NaN_TEXT,CARD,cancelled,2026-04-26,
OI3000733,2026-04-26 00:10:00,C01027,P00639,S016,3,71673.79,0.0,215021.37,NETBANKING,returned,2026-04-26,
OI3000734,2026-04-26 15:58:00,C02310,P00481,S046,1,40143.27,0.05,38136.11,NETBANKING,returned,2026-04-26,
OI3000735,2026-04-26 13:03:00,C01898,P00191,S041,5,35912.33,0.1,NaN_TEXT,UPI,shipped,2026-04-26,
OI3000736,2026-04-26 15:02:00,C01720,P00053,S041,6,33861.69,0.1,162536.11,WALLET,shipped,2026-04-26,
OI3000737,2026-04-26 17:52:00,C02441,P00586,S070,4,1922.83,0.2,7306.75,COD,returned,2026-04-26,NEW10
OI3000738,2026-04-26 22:17:00,C02141,P00620,S065,3,65851.97,0.0,197555.91,NETBANKING,delivered,2026-04-26,
OI3000739,2026-04-26 10:13:00,C00936,P00464,S016,5,78106.97,0.05,351481.36,WALLET,returned,2026-04-26,
OI3000740,2026-04-26 11:05:00,C01427,P00309,S049,5,30383.15,0.2,144319.96,NETBANKING,cancelled,2026-04-26,
OI3000741,2026-04-26 20:03:00,C00240,P00628,S028,2,20419.8,0.2,32671.68,UPI,returned,2026-04-26,
OI3000742,2026-04-26 14:19:00,C00562,P00338,S072,4,unknown,0.0,bad_amount,CARD,cancelled,2026-04-26,
OI3000743,2026-04-26 21:24:00,C01783,P00473,S010,3,3872.45,0.05,11617.35,WALLET,cancelled,2026-04-26,
OI3000744,2026-04-26 00:34:00,C00290,P00306,S056,4,77109.64,0.2,308438.56,CARD,delivered,2026-04-26,
OI3000745,2026-04-26 17:54:00,C01160,P00089,S044,4,54798.93,0.2,197276.15,CARD,shipped,2026-04-26,
OI3000746,2026-04-26 14:17:00,C00942,P00470,S026,3,44361.62,0.1,133084.86,NETBANKING,cancelled,2026-04-26,
OI3000747,2026-04-26 07:12:00,C00955,P00070,S038,1,46092.54,0.1,43787.91,COD,cancelled,2026-04-26,
OI3000748,2026-04-26 14:43:00,C01254,P00656,S003,1,35109.15,0.2,31598.24,WALLET,delivered,2026-04-26,
OI3000749,2026-04-26 22:40:00,C01030,P00288,S052,3,68471.77,0.05,195144.54,UPI,returned,2026-04-26,FESTIVE20
OI3000750,2026-04-26 23:57:00,C00533,P00276,S015,6,86969.03,0.0,521814.18,COD,cancelled,2026-04-26,
OI3000751,2026-04-26 19:51:00,C01447,P00774,S057,3,65685.6,0.1,187203.96,COD,delivered,2026-04-26,FESTIVE20
OI3000752,2026-04-26 19:24:00,C01379,P00095,S034,1,63555.78,0.0,57200.2,WALLET,returned,2026-04-26,
OI3000753,2026-04-26 14:09:00,C01851,P00540,S040,1,12058.68,0.1,12058.68,CARD,returned,2026-04-26,
OI3000754,2026-04-26 02:58:00,C00170,P00063,S043,4,57300.01,0.05,206280.04,NETBANKING,returned,2026-04-26,
OI3000755,2026-04-26 08:24:00,C00539,P00799,S049,1,89228.66,0.0,84767.23,WALLET,returned,2026-04-26,
OI3000756,2026-04-26 18:07:00,C01892,P00668,S068,4,73520.93,0.1,279379.53,WALLET,shipped,2026-04-26,NEW10
OI3000757,2026-04-26 06:19:00,C01490,P00485,S010,3,27946.35,0.1,67071.24,CARD,shipped,2026-04-26,
OI3000758,2026-04-26 20:15:00,C01636,P00750,S028,6,62995.9,0.1,340177.86,COD,delivered,2026-04-26,
OI3000759,2026-04-26 18:06:00,C01953,P00109,S039,6,87371.25,0.0,471804.75,NETBANKING,delivered,2026-04-26,
OI3000760,2026-04-26 18:28:00,C00095,P00701,S005,5,440.53,0.2,1762.12,NETBANKING,shipped,2026-04-26,
OI3000761,2026-04-26 06:20:00,C02187,P00765,S075,4,39553.0,0.2,126569.6,NETBANKING,cancelled,2026-04-26,NEW10
OI3000762,2026-04-26 18:18:00,C01070,P00251,S007,3,16028.07,0.1,43275.79,WALLET,delivered,2026-04-26,
OI3000763,2026-04-26 00:28:00,C01792,P00495,S040,1,63282.68,0.05,60118.55,NETBANKING,shipped,2026-04-26,
OI3000764,2026-04-26 07:50:00,C01236,P00692,S034,2,73427.15,0.05,117483.44,COD,shipped,2026-04-26,FESTIVE20
OI3000765,2026-04-26 01:02:00,C01582,P00286,S064,2,86705.09,0.0,156069.16,CARD,shipped,2026-04-26,
OI3000766,2026-04-26 10:07:00,C00386,P00569,S019,3,24215.81,0.1,65382.69,UPI,cancelled,2026-04-26,
OI3000767,2026-04-26 23:54:00,C01889,P00094,S047,4,75370.76,0.0,301483.04,UPI,shipped,2026-04-26,
OI3000768,2026-04-26 19:53:00,C00511,P00031,S001,5,29725.2,0.2,148626.0,WALLET,returned,2026-04-26,
OI3000769,2026-04-26 14:02:00,C00384,P00091,S070,5,7821.68,0.1,31286.72,NETBANKING,shipped,2026-04-26,
OI3000770,2026-04-26 07:08:00,C02370,P00278,S059,5,50694.44,0.1,228124.98,NETBANKING,returned,2026-04-26,
OI3000771,2026-04-26 21:56:00,C01380,P00049,S050,1,5379.25,0.2,4841.32,NETBANKING,shipped,2026-04-26,
OI3000772,2026-04-26 01:00:00,C01602,P00073,S071,6,79505.04,0.1,381624.19,COD,delivered,2026-04-26,
OI3000773,2026-04-26 00:50:00,C01369,P00090,S071,3,50485.5,0.05,136310.85,UPI,cancelled,2026-04-26,
OI3000774,2026-04-26 23:32:00,C00193,P00272,S002,4,30741.19,0.2,110668.28,CARD,shipped,2026-04-26,
OI3000775,2026-04-07 01:00:00,C00042,P00503,S014,3,15722.73,0.2,37734.55,CARD,shipped,2026-04-26,FESTIVE20
OI3000776,2026-04-26 22:22:00,C01572,P00569,S056,5,24215.81,0.05,115025.1,CARD,shipped,2026-04-26,
OI3000777,2026-04-26 15:59:00,C02472,P00044,S006,5,34466.16,0.2,163714.26,WALLET,returned,2026-04-26,
OI3000778,2026-04-16 23:00:00,C01443,P00728,S054,3,86279.25,0.05,207070.2,COD,returned,2026-04-26,NEW10
OI3000779,2026-04-26 08:12:00,C01824,P00481,S065,4,40143.27,0.05,160573.08,NETBANKING,shipped,2026-04-26,
OI3000780,2026-04-26 04:10:00,C01860,P00339,S054,1,2566.61,0.2,2053.29,UPI,cancelled,2026-04-26,NEW10
OI3000781,2026-04-26 00:39:00,C02133,P00653,S007,6,64700.15,0.1,388200.9,CARD,cancelled,2026-04-26,
OI3000782,2026-04-26 09:37:00,C01552,P00740,S018,1,59184.15,0.1,53265.74,COD,delivered,2026-04-26,NEW10
OI3000783,2026-04-26 15:12:00,C01208,P00035,S072,5,49801.37,0.05,199205.48,WALLET,cancelled,2026-04-26,NEW10
OI3000784,2026-04-26 01:05:00,C01161,P00337,S063,5,88382.35,0.2,397720.58,CARD,shipped,2026-04-26,NEW10
OI3000785,2026-04-26 19:51:00,C02376,P00787,S021,1,30646.57,0.05,24517.26,NETBANKING,delivered,2026-04-26,NEW10
OI3000786,2026-04-26 22:46:00,C00512,P00094,S059,1,75370.76,0.0,60296.61,CARD,shipped,2026-04-26,FESTIVE20
OI3000787,2026-04-26 21:42:00,C01654,P00430,S010,5,66211.05,0.0,314502.49,COD,cancelled,2026-04-26,
OI3000788,2026-04-26 23:21:00,C02077,P00271,S057,6,10674.3,0.2,51236.64,CARD,delivered,2026-04-26,
OI3000789,2026-04-26 13:35:00,C00303,P00365,S044,1,16567.6,0.2,16567.6,CARD,shipped,2026-04-26,
OI3000790,2026-04-26 15:00:00,C01607,P00757,S060,6,71920.95,0.1,409949.41,UPI,delivered,2026-04-26,NEW10
OI3000791,2026-04-26 23:40:00,C00834,P00735,S044,2,9307.16,0.1,14891.46,UPI,shipped,2026-04-26,NEW10
OI3000792,2026-04-26 09:21:00,C01348,P00311,S037,6,68128.81,0.05,408772.86,COD,shipped,2026-04-26,NEW10
OI3000793,2026-04-26 12:49:00,C00639,P00732,S010,1,42466.83,0.2,42466.83,CARD,shipped,2026-04-26,
OI3000794,2026-04-26 19:49:00,C02115,P00367,S030,2,74073.14,0.1,148146.28,UPI,returned,2026-04-26,
OI3000795,2026-04-26 06:08:00,C00531,P00512,S038,1,57671.0,0.05,46136.8,UPI,cancelled,2026-04-26,
OI3000796,2026-04-26 23:39:00,C01267,P00300,S075,4,73390.3,0.2,293561.2,WALLET,returned,2026-04-26,FESTIVE20
OI3000797,2026-04-26 05:39:00,C00907,P00729,S001,1,17472.25,0.1,15725.02,WALLET,returned,2026-04-26,
OI3000798,2026-04-26 09:02:00,C02005,P00394,S074,6,15576.88,0.05,93461.28,CARD,shipped,2026-04-26,
OI3000799,2026-04-26 02:08:00,C01761,P00364,S058,3,6421.55,0.0,18301.42,COD,cancelled,2026-04-26,
OI3000800,2026-04-26 02:04:00,C00244,P00079,S016,2,45291.18,0.1,90582.36,CARD,delivered,2026-04-26,NEW10
OI3000801,2026-04-26 10:55:00,C00158,P00295,S071,2,37814.51,0.2,75629.02,WALLET,shipped,2026-04-26,NEW10
OI3000802,2026-04-26 05:27:00,C00150,P00480,S007,5,80821.7,0.05,323286.8,CARD,delivered,2026-04-26,
OI3000803,2026-04-26 14:06:00,C00848,P00251,S047,5,16028.07,0.2,80140.35,UPI,returned,2026-04-26,NEW10
OI3000804,2026-04-26 10:45:00,C02130,P00584,S057,6,unknown,0.0,bad_amount,WALLET,returned,2026-04-26,
OI3000805,2026-04-26 18:31:00,C01789,P00470,S061,5,44361.62,0.0,199627.29,WALLET,shipped,2026-04-26,FESTIVE20
OI3000806,2026-04-26 00:37:00,C02218,P00423,S030,5,4575.88,0.0,20591.46,CARD,delivered,2026-04-26,NEW10
OI3000807,2026-04-26 02:54:00,C02188,P00280,S033,2,77257.9,0.1,146790.01,NETBANKING,delivered,2026-04-26,NEW10
OI3000808,2026-04-26 16:36:00,C01547,P00424,S028,1,42885.89,0.0,42885.89,NETBANKING,returned,2026-04-26,NEW10
OI3000809,2026-04-26 19:25:00,C00969,P00243,S009,4,35974.1,0.0,115117.12,UPI,returned,2026-04-26,
OI3000810,2026-04-26 02:52:00,C00671,P00539,S056,3,10497.22,0.0,29917.08,NETBANKING,shipped,2026-04-26,NEW10
OI3000811,2026-04-26 01:21:00,C00795,P00629,S074,3,84599.41,0.2,253798.23,UPI,delivered,2026-04-26,FESTIVE20
OI3000812,2026-04-18 09:00:00,C00916,P00333,S013,3,12534.77,0.0,30083.45,NETBANKING,returned,2026-04-26,
OI3000813,2026-04-26 08:30:00,C00627,P00238,S019,5,85008.97,0.1,403792.61,UPI,returned,2026-04-26,NEW10
OI3000814,2026-04-26 22:01:00,C01739,P00695,S023,2,78265.88,0.05,125225.41,UPI,returned,2026-04-26,FESTIVE20
OI3000815,2026-04-26 20:02:00,C01497,P00681,S044,3,72609.64,0.2,174263.14,CARD,shipped,2026-04-26,NEW10
OI3000816,2026-04-26 01:32:00,C01524,P00160,S033,6,56754.39,0.1,323500.02,NETBANKING,delivered,2026-04-26,NEW10
OI3000817,2026-04-26 07:21:00,C01932,P00107,S007,1,53454.24,0.05,53454.24,CARD,returned,2026-04-26,
OI3000818,2026-04-26 19:17:00,C00227,P00198,S032,2,7578.09,0.1,15156.18,COD,delivered,2026-04-26,NEW10
OI3000819,2026-04-26 23:32:00,C02279,P00684,S009,1,19175.41,0.0,18216.64,COD,shipped,2026-04-26,
OI3000820,2026-04-19 07:00:00,C00549,P00240,S072,3,38231.58,0.2,91755.79,COD,shipped,2026-04-26,
OI3000821,2026-04-26 07:24:00,C01677,P00228,S032,1,5500.95,0.05,5500.95,UPI,delivered,2026-04-26,
OI3000822,2026-04-26 22:05:00,C01297,P00108,S058,2,65125.65,0.0,123738.74,UPI,shipped,2026-04-26,
OI3000823,2026-04-26 12:59:00,C02248,P00393,S039,1,84892.48,0.2,80647.86,UPI,shipped,2026-04-26,FESTIVE20
OI3000824,2026-04-26 09:12:00,C00505,P00441,S042,4,30411.38,0.1,97316.42,NETBANKING,shipped,2026-04-26,
OI3000825,2026-04-26 23:15:00,C01131,P00357,S036,6,51437.39,0.05,308624.34,UPI,delivered,2026-04-26,
OI3000826,2026-04-26 15:26:00,C01440,P00666,S018,3,36707.68,0.1,99110.74,UPI,shipped,2026-04-26,
OI3000827,2026-04-18 06:00:00,C00122,P00153,S040,6,7551.63,0.0,36247.82,CARD,returned,2026-04-26,
OI3000828,2026-04-26 16:12:00,C02151,P00186,S021,4,52875.22,0.0,169200.7,NETBANKING,shipped,2026-04-26,NEW10
OI3000829,2026-04-23 02:00:00,C02136,P00641,S030,3,3019.0,0.1,9057.0,COD,returned,2026-04-26,NEW10
OI3000830,2026-04-17 18:00:00,C02487,P00507,S035,1,13122.94,0.0,13122.94,CARD,delivered,2026-04-26,FESTIVE20
OI3000831,2026-04-26 21:59:00,C00341,P00011,S065,6,26601.15,0.2,127685.52,CARD,delivered,2026-04-26,
OI3000832,2026-04-26 17:37:00,C00989,P00361,S024,6,36875.57,0.1,199128.08,UPI,shipped,2026-04-26,
OI3000833,2026-04-26 11:38:00,C00022,P00250,S013,1,1505.23,0.05,1429.97,CARD,cancelled,2026-04-26,
OI3000834,2026-04-26 19:22:00,C01620,P00008,S051,4,8710.16,0.05,33098.61,NETBANKING,shipped,2026-04-26,
OI3000835,2026-04-26 20:38:00,C01794,P00741,S029,5,9080.41,0.2,43131.95,COD,delivered,2026-04-26,
OI3000836,2026-04-26 18:48:00,C02246,P00193,S010,1,22377.64,0.0,20139.88,WALLET,shipped,2026-04-26,NEW10
OI3000837,2026-04-26 07:54:00,C01646,P00755,S021,2,20738.03,0.0,33180.85,UPI,returned,2026-04-26,
OI3000838,2026-04-26 02:04:00,C00904,P00046,S009,3,33334.36,0.1,95002.93,NETBANKING,cancelled,2026-04-26,
OI3000839,2026-04-26 20:18:00,C01951,P00647,S063,4,54615.0,0.2,218460.0,NETBANKING,shipped,2026-04-26,
OI3000840,2026-04-26 07:07:00,C00907,P00160,S007,3,56754.39,0.0,136210.54,COD,delivered,2026-04-26,
OI3000841,2026-04-26 13:54:00,C01671,P00751,S005,2,47815.45,0.2,86067.81,WALLET,returned,2026-04-26,
OI3000842,2026-04-26 05:08:00,C00994,P00103,S055,3,33555.66,0.05,80533.58,NETBANKING,delivered,2026-04-26,NEW10
OI3000843,2026-04-26 19:22:00,C01833,P00076,S055,6,65585.96,0.0,373839.97,CARD,returned,2026-04-26,FESTIVE20
OI3000844,2026-04-26 16:16:00,C00271,P00027,S043,1,80091.77,0.1,76087.18,NETBANKING,cancelled,2026-04-26,FESTIVE20
OI3000845,2026-04-26 03:43:00,C00330,P00307,S071,2,9188.73,0.05,18377.46,COD,cancelled,2026-04-26,
OI3000846,2026-04-26 03:09:00,C02226,P00162,S014,3,26013.63,0.05,78040.89,WALLET,cancelled,2026-04-26,FESTIVE20
OI3000847,2026-04-26 07:43:00,C00108,P00594,S036,1,84786.09,0.0,67828.87,UPI,returned,2026-04-26,NEW10
OI3000848,2026-04-26 22:24:00,C02076,P00781,S014,4,55747.2,0.1,222988.8,WALLET,shipped,2026-04-26,
OI3000849,2026-04-26 10:02:00,C00920,P00259,S043,4,80755.21,0.2,323020.84,COD,delivered,2026-04-26,
OI3000850,2026-04-26 03:04:00,C00479,P00664,S039,4,83397.91,0.05,300232.48,UPI,returned,2026-04-26,NEW10
OI3000851,2026-04-26 02:07:00,C01960,P00657,S017,3,12030.66,0.0,28873.58,WALLET,shipped,2026-04-26,FESTIVE20
OI3000852,2026-04-26 19:30:00,C01171,P00351,S013,5,50547.87,0.2,202191.48,UPI,delivered,2026-04-26,
OI3000853,2026-04-26 16:55:00,C01812,P00627,S053,5,56866.69,0.05,284333.45,CARD,shipped,2026-04-26,
OI3000854,2026-04-16 18:00:00,C00382,P00041,S034,5,70646.68,0.1,353233.4,UPI,delivered,2026-04-26,
OI3000855,2026-04-26 07:48:00,C02340,P00709,S032,6,53199.1,0.2,319194.6,UPI,cancelled,2026-04-26,
OI3000856,2026-04-26 04:12:00,C00204,P00220,S045,2,30894.86,0.2,61789.72,CARD,shipped,2026-04-26,NEW10
OI3000857,2026-04-16 02:00:00,C02023,P00633,S033,2,26973.68,0.2,53947.36,NETBANKING,cancelled,2026-04-26,
OI3000858,2026-04-26 10:42:00,C00817,P00219,S019,3,25270.42,0.1,68230.13,NETBANKING,cancelled,2026-04-26,
OI3000859,2026-04-26 11:38:00,C01442,P00231,S058,2,71889.3,0.2,115022.88,UPI,shipped,2026-04-26,
OI3000860,2026-04-26 23:56:00,C00295,P00211,S059,2,84094.95,0.1,134551.92,UPI,shipped,2026-04-26,
OI3000861,2026-04-26 11:51:00,C02258,P00357,S033,4,51437.39,0.0,205749.56,NETBANKING,cancelled,2026-04-26,NEW10
OI3000862,2026-04-26 06:51:00,C01628,P00187,S008,5,78380.74,0.05,391903.7,NETBANKING,cancelled,2026-04-26,FESTIVE20
OI3000863,2026-04-26 18:27:00,C00339,P00503,S034,4,15722.73,0.0,56601.83,WALLET,returned,2026-04-26,
OI3000864,2026-04-26 02:39:00,C01403,P00587,S052,2,23002.92,0.0,43705.55,UPI,delivered,2026-04-26,NEW10
OI3000865,2026-04-26 05:25:00,C01464,P00224,S006,3,78375.62,0.05,NaN_TEXT,UPI,cancelled,2026-04-26,
OI3000866,2026-04-26 00:01:00,C00990,P00567,S011,2,28237.73,0.1,53651.69,COD,cancelled,2026-04-26,
OI3000867,2026-04-26 14:38:00,C00243,P00177,S066,2,12844.15,0.0,20550.64,UPI,delivered,2026-04-26,
OI3000868,2026-04-26 16:44:00,C00397,P00368,S029,5,46678.84,0.05,221724.49,UPI,cancelled,2026-04-26,FESTIVE20
OI3000869,2026-04-26 13:19:00,C00155,P00147,S027,5,53949.22,0.05,256258.79,NETBANKING,delivered,2026-04-26,
OI3000870,2026-04-26 13:08:00,C00648,P00496,S019,4,35826.7,0.1,128976.12,NETBANKING,shipped,2026-04-26,NEW10
OI3000871,2026-04-26 20:14:00,C01737,P00785,S067,5,73997.56,0.2,332989.02,COD,cancelled,2026-04-26,NEW10
OI3000872,2026-04-26 15:06:00,C00695,P00465,S025,4,49547.43,0.1,188280.23,CARD,delivered,2026-04-26,
OI3000873,2026-04-26 04:14:00,C01006,P00700,S032,6,30047.33,0.1,144227.18,WALLET,delivered,2026-04-26,NEW10
OI3000874,2026-04-26 06:44:00,C01582,P00745,S055,2,26606.4,0.1,50552.16,COD,returned,2026-04-26,
OI3000875,2026-04-26 14:34:00,C00163,P00713,S035,6,9697.27,0.1,46546.9,UPI,returned,2026-04-26,
OI3000876,2026-04-26 02:26:00,C00290,P00011,S036,6,26601.15,0.1,151626.56,UPI,shipped,2026-04-26,
OI3000877,2026-04-26 17:15:00,C00808,P00666,S067,6,36707.68,0.1,209233.78,COD,returned,2026-04-26,
OI3000878,2026-04-26 07:08:00,C01754,P00191,S008,4,35912.33,0.1,129284.39,WALLET,shipped,2026-04-26,
OI3000879,2026-04-26 17:03:00,C01036,P00566,S059,6,56559.9,0.05,322391.43,NETBANKING,cancelled,2026-04-26,
OI3000880,2026-04-26 12:33:00,C02153,P00648,S013,1,62566.2,0.2,56309.58,WALLET,shipped,2026-04-26,
OI3000881,2026-04-26 01:58:00,C01375,P00375,S043,1,2355.85,0.2,1884.68,COD,delivered,2026-04-26,
OI3000882,2026-04-11 04:00:00,C00816,P00384,S035,4,66621.3,0.2,239836.68,CARD,returned,2026-04-26,
OI3000883,2026-04-26 02:24:00,C00873,P00005,S014,6,51796.39,0.1,295239.42,COD,cancelled,2026-04-26,
OI3000884,2026-04-26 22:43:00,C01353,P00060,S068,6,28646.51,0.0,154691.15,CARD,returned,2026-04-26,
OI3000885,2026-04-26 01:37:00,C00021,P00284,S069,5,43325.42,0.1,194964.39,CARD,returned,2026-04-26,
OI3000886,2026-04-26 08:43:00,C01989,P00735,S072,1,9307.16,0.0,8841.8,CARD,shipped,2026-04-26,
OI3000887,2026-04-26 15:24:00,C00044,P00449,S042,5,37576.69,0.1,178489.28,WALLET,delivered,2026-04-26,
OI3000888,2026-04-26 03:40:00,C01463,P00286,S075,3,86705.09,0.05,234103.74,WALLET,cancelled,2026-04-26,
OI3000889,2026-04-26 16:49:00,C01594,P00602,S051,1,25905.25,0.05,20724.2,COD,delivered,2026-04-26,
OI3000890,2026-04-26 19:47:00,C00141,P00259,S070,1,80755.21,0.1,76717.45,WALLET,cancelled,2026-04-26,
OI3000891,2026-04-26 13:10:00,C01449,P00478,S025,3,82374.84,0.1,247124.52,UPI,shipped,2026-04-26,
OI3000892,2026-04-26 23:19:00,C00093,P00757,S028,5,71920.95,0.0,287683.8,COD,cancelled,2026-04-26,
OI3000893,2026-04-26 12:19:00,C01755,P00253,S033,3,55610.55,0.0,150148.49,NETBANKING,cancelled,2026-04-26,
OI3000894,2026-04-26 07:40:00,C00921,P00704,S037,3,15309.71,0.05,45929.13,NETBANKING,cancelled,2026-04-26,
OI3000895,2026-04-26 17:38:00,C00826,P00157,S069,3,54672.39,0.2,131213.74,COD,delivered,2026-04-26,
OI3000896,2026-04-26 12:22:00,C00361,P00735,S057,4,9307.16,0.0,29782.91,WALLET,shipped,2026-04-26,
OI3000897,2026-04-26 15:02:00,C02166,P00505,S051,5,54225.5,0.0,271127.5,COD,shipped,2026-04-26,NEW10
OI3000898,2026-04-26 19:25:00,C01345,P00429,S067,4,54171.73,0.0,216686.92,WALLET,cancelled,2026-04-26,
OI3000899,2026-04-26 10:30:00,C00822,P00633,S067,1,26973.68,0.0,21578.94,NETBANKING,shipped,2026-04-26,
OI3000900,2026-04-26 10:41:00,C02356,P00443,S043,3,39002.43,0.1,105306.56,NETBANKING,cancelled,2026-04-26,
OI3000901,2026-04-26 00:41:00,C00714,P00293,S045,6,8044.48,0.1,48266.88,WALLET,returned,2026-04-26,FESTIVE20
OI3000902,2026-04-26 09:25:00,C00268,P00588,S071,6,14296.19,0.05,85777.14,COD,shipped,2026-04-26,
OI3000903,2026-04-26 11:16:00,C01147,P00122,S068,6,45035.48,0.1,270212.88,COD,cancelled,2026-04-26,FESTIVE20
OI3000904,2026-04-26 13:57:00,C00111,P00747,S030,6,61937.51,0.2,371625.06,WALLET,returned,2026-04-26,
OI3000905,2026-04-26 15:35:00,C00618,P00058,S074,1,72269.01,0.05,65042.11,WALLET,cancelled,2026-04-26,
OI3000906,2026-04-26 02:19:00,C01808,P00661,S036,3,3537.34,0.1,10081.42,COD,shipped,2026-04-26,
OI3000907,2026-04-26 13:13:00,C02434,P00537,S051,1,7847.07,0.1,6277.66,WALLET,delivered,2026-04-26,NEW10
OI3000908,2026-04-26 12:48:00,C02426,P00682,S071,1,13191.5,0.0,13191.5,CARD,delivered,2026-04-26,
OI3000909,2026-04-26 22:58:00,C02071,P00132,S050,2,65508.38,0.1,131016.76,NETBANKING,returned,2026-04-26,FESTIVE20
OI3000910,2026-04-26 08:57:00,C01152,P00571,S005,2,25003.47,0.05,50006.94,UPI,shipped,2026-04-26,NEW10
OI3000911,2026-04-26 14:39:00,C00355,P00106,S007,3,42058.36,0.0,113557.57,WALLET,delivered,2026-04-26,
OI3000912,2026-04-26 05:04:00,C01934,P00387,S004,5,85717.48,0.05,428587.4,NETBANKING,returned,2026-04-26,
OI3000913,2026-04-26 20:21:00,C01841,P00403,S045,5,79230.44,0.1,396152.2,COD,delivered,2026-04-26,FESTIVE20
OI3000914,2026-04-26 05:32:00,C00662,P00245,S009,1,66678.53,0.05,60010.68,COD,returned,2026-04-26,
OI3000915,2026-04-26 21:29:00,C01982,P00381,S041,2,40514.44,0.0,81028.88,CARD,shipped,2026-04-26,NEW10
OI3000916,2026-04-18 15:00:00,C01242,P00225,S014,4,28968.34,0.2,104286.02,NETBANKING,delivered,2026-04-26,
OI3000917,2026-04-26 23:49:00,C00947,P00712,S002,3,86349.23,0.2,259047.69,NETBANKING,returned,2026-04-26,NEW10
OI3000918,2026-04-26 14:23:00,C02021,P00540,S003,6,12058.68,0.2,65116.87,WALLET,cancelled,2026-04-26,
OI3000919,2026-04-26 08:33:00,C00704,P00720,S021,5,38399.61,0.05,182398.15,CARD,returned,2026-04-26,NEW10
OI3000920,2026-04-26 21:18:00,C00075,P00110,S062,2,85862.06,0.0,163137.91,UPI,cancelled,2026-04-26,
OI3000921,2026-04-26 09:04:00,C01955,P00601,S024,2,57641.04,0.0,115282.08,NETBANKING,shipped,2026-04-26,
OI3000922,2026-04-26 11:20:00,C02092,P00087,S023,5,36333.32,0.1,163499.94,WALLET,cancelled,2026-04-26,
OI3000923,2026-04-26 05:35:00,C01277,P00008,S006,1,8710.16,0.1,7839.14,UPI,cancelled,2026-04-26,
OI3000924,2026-04-26 04:05:00,C01934,P00006,S019,6,10740.11,0.0,64440.66,COD,returned,2026-04-26,NEW10
OI3000925,2026-04-26 09:55:00,C00393,P00638,S015,3,53850.56,0.2,153474.1,WALLET,delivered,2026-04-26,NEW10
OI3000926,2026-04-26 17:27:00,C00109,P00393,S048,3,84892.48,0.1,241943.57,COD,returned,2026-04-26,
OI3000927,2026-04-26 08:30:00,C00784,P00352,S036,1,47517.31,0.05,47517.31,NETBANKING,shipped,2026-04-26,
OI3000928,2026-04-26 21:21:00,C00792,P00022,S005,6,71723.42,0.2,408823.49,UPI,returned,2026-04-26,
OI3000929,2026-04-26 15:21:00,C00457,P00292,S032,3,42029.99,0.2,100871.98,CARD,shipped,2026-04-26,NEW10
OI3000930,2026-04-26 07:16:00,C00557,P00506,S028,6,67853.0,0.2,407118.0,UPI,shipped,2026-04-26,FESTIVE20
OI3000931,2026-04-26 22:34:00,C01663,P00326,S039,1,85265.81,0.0,76739.23,COD,cancelled,2026-04-26,
OI3000932,2026-04-26 02:01:00,C00592,P00365,S039,5,16567.6,0.1,78696.1,NETBANKING,cancelled,2026-04-26,
OI3000933,2026-04-26 02:59:00,C00036,P00613,S057,6,53873.42,0.0,323240.52,COD,shipped,2026-04-26,
OI3000934,2026-04-26 11:44:00,C02059,P00621,S009,3,55549.34,0.05,NaN_TEXT,NETBANKING,returned,2026-04-26,NEW10
OI3000935,2026-04-26 13:55:00,C01260,P00427,S071,4,87547.32,0.2,315170.35,CARD,delivered,2026-04-26,
OI3000936,2026-04-26 14:39:00,C00721,P00516,S027,6,6106.6,0.2,32975.64,COD,shipped,2026-04-26,
OI3000937,2026-04-26 22:53:00,C01136,P00628,S043,2,20419.8,0.05,36755.64,UPI,shipped,2026-04-26,
OI3000938,2026-04-26 15:19:00,C01379,P00281,S008,3,81094.02,0.05,243282.06,NETBANKING,returned,2026-04-26,
OI3000939,2026-04-26 12:10:00,C00460,P00196,S011,4,22015.14,0.05,83657.53,COD,delivered,2026-04-26,
OI3000940,2026-04-26 17:24:00,C01236,P00236,S068,6,47950.2,0.05,258931.08,CARD,cancelled,2026-04-26,NEW10
OI3000941,2026-04-26 04:54:00,C01356,P00249,S028,1,39118.67,0.05,35206.8,CARD,returned,2026-04-26,NEW10
OI3000942,2026-04-26 18:52:00,C01365,P00781,S020,3,55747.2,0.2,158879.52,CARD,delivered,2026-04-26,NEW10
OI3000943,2026-04-26 06:45:00,C02318,P00795,S048,4,8177.98,0.0,26169.54,UPI,returned,2026-04-26,
OI3000944,2026-04-26 13:17:00,C01571,P00462,S038,4,84326.32,0.2,337305.28,WALLET,delivered,2026-04-26,
OI3000945,2026-04-26 12:07:00,C01102,P00736,S014,3,33429.26,0.1,80230.22,COD,delivered,2026-04-26,
OI3000946,2026-04-26 03:31:00,C00949,P00562,S070,5,35295.39,0.2,176476.95,CARD,returned,2026-04-26,FESTIVE20
OI3000947,2026-04-26 22:40:00,C01081,P00494,S001,5,7821.69,0.05,39108.45,CARD,shipped,2026-04-26,
OI3000948,2026-04-26 16:38:00,C00576,P00002,S022,4,unknown,0.05,bad_amount,CARD,returned,2026-04-26,FESTIVE20
OI3000949,2026-04-26 05:18:00,C00175,P00181,S024,2,19954.26,0.05,35917.67,CARD,shipped,2026-04-26,FESTIVE20
OI3000950,2026-04-26 18:18:00,C01142,P00113,S055,1,14947.56,0.1,11958.05,UPI,delivered,2026-04-26,NEW10
OI3000951,2026-04-26 05:38:00,C02412,P00074,S009,5,50478.89,0.0,239774.73,UPI,returned,2026-04-26,FESTIVE20
OI3000952,2026-04-26 21:18:00,C00634,P00077,S039,3,83992.66,0.2,226780.18,UPI,returned,2026-04-26,
OI3000953,2026-04-26 03:20:00,C01515,,S014,3,28267.64,0.0,84802.92,WALLET,cancelled,2026-04-26,NEW10
OI3000954,2026-04-26 17:20:00,C02226,P00269,S016,6,1133.19,0.0,6459.18,CARD,delivered,2026-04-26,FESTIVE20
OI3000955,2026-04-26 07:04:00,C01977,P00262,S048,6,59101.17,0.05,283685.62,WALLET,delivered,2026-04-26,
OI3000956,2026-04-26 10:40:00,C02051,P00220,S024,2,30894.86,0.0,58700.23,UPI,cancelled,2026-04-26,
OI3000957,2026-04-26 16:22:00,C00426,P00606,S034,4,34480.9,0.05,110338.88,NETBANKING,cancelled,2026-04-26,NEW10
OI3000958,2026-04-26 10:46:00,C01064,P00106,S073,1,42058.36,0.05,42058.36,UPI,shipped,2026-04-26,NEW10
OI3000959,2026-04-26 16:40:00,C00055,P00440,S038,5,19592.08,0.2,78368.32,WALLET,returned,2026-04-26,NEW10
OI3000960,2026-04-26 00:06:00,C02029,P00449,S031,5,37576.69,0.1,178489.28,UPI,returned,2026-04-26,
OI3000961,2026-04-26 07:38:00,C01343,P00551,S010,2,37605.09,0.05,71449.67,COD,returned,2026-04-26,
OI3000962,2026-04-26 01:18:00,C01104,P00729,S066,2,17472.25,0.05,34944.5,WALLET,shipped,2026-04-26,
OI3000963,2026-04-26 12:31:00,C02381,P00579,S064,1,66545.66,0.05,63218.38,CARD,shipped,2026-04-26,NEW10
OI3000964,2026-04-26 11:24:00,C02049,P00281,S033,4,81094.02,0.1,291938.47,CARD,shipped,2026-04-26,
OI3000965,2026-04-26 02:27:00,C00123,P00122,S033,2,45035.48,0.0,85567.41,COD,returned,2026-04-26,
OI3000966,2026-04-26 04:47:00,C00508,P00134,S014,1,unknown,0.0,NaN_TEXT,COD,cancelled,2026-04-26,FESTIVE20
OI3000967,2026-04-26 19:11:00,C01815,P00435,S034,6,28267.64,0.2,135684.67,UPI,cancelled,2026-04-26,
OI3000968,2026-04-26 08:59:00,C01169,P00287,S042,4,66589.78,0.0,239723.21,COD,delivered,2026-04-26,
OI3000969,2026-04-26 03:40:00,C01195,P00551,S039,5,37605.09,0.1,188025.45,CARD,returned,2026-04-26,
OI3000970,2026-04-26 14:41:00,C02451,P00062,S062,3,29846.68,0.2,89540.04,UPI,returned,2026-04-26,
OI3000971,2026-04-26 02:03:00,C02225,P00422,S045,3,64665.44,0.1,155197.06,WALLET,delivered,2026-04-26,
OI3000972,2026-04-26 18:15:00,C01849,P00058,S068,5,72269.01,0.0,361345.05,COD,cancelled,2026-04-26,
OI3000973,2026-04-26 10:07:00,C01750,P00467,S050,2,3621.18,0.0,6880.24,NETBANKING,delivered,2026-04-26,
OI3000974,2026-04-21 21:00:00,C02390,P00112,S055,6,87331.64,0.1,497790.35,NETBANKING,cancelled,2026-04-26,
OI3000975,2026-04-26 20:37:00,C02118,P00059,S018,5,84263.33,0.1,400250.82,COD,shipped,2026-04-26,
OI3000976,2026-04-26 00:40:00,C01065,P00176,S042,1,68234.0,0.0,64822.3,CARD,shipped,2026-04-26,
OI3000977,2026-04-26 18:10:00,C00241,P00445,S011,1,46727.14,0.05,37381.71,UPI,shipped,2026-04-26,NEW10
OI3000978,2026-04-26 00:08:00,C02307,P00730,S040,3,unknown,0.05,bad_amount,CARD,delivered,2026-04-26,NEW10
OI3000979,2026-04-13 13:00:00,C00768,P00354,S058,2,17006.45,0.05,27210.32,NETBANKING,returned,2026-04-26,
OI3000980,2026-04-26 13:41:00,C00563,P00077,S014,3,83992.66,0.1,251977.98,WALLET,delivered,2026-04-26,
OI3000981,2026-04-20 17:00:00,C02346,P00537,S011,6,7847.07,0.1,37665.94,NETBANKING,returned,2026-04-26,
OI3000982,2026-04-26 08:30:00,C00913,P00456,S059,2,50604.06,0.05,101208.12,UPI,shipped,2026-04-26,
OI3000983,2026-04-26 04:08:00,C00060,P00168,S028,6,unknown,0.0,bad_amount,NETBANKING,cancelled,2026-04-26,
OI3000984,2026-04-26 09:07:00,C01483,P00526,S038,4,24784.72,0.05,79311.1,NETBANKING,cancelled,2026-04-26,
OI3000985,2026-04-26 08:01:00,C02068,P00763,S074,3,2774.01,0.05,7489.83,NETBANKING,cancelled,2026-04-26,
OI3000986,2026-04-26 17:20:00,C01282,P00665,S053,3,48528.2,0.1,145584.6,UPI,delivered,2026-04-26,
OI3000987,2026-04-26 08:42:00,C00464,P00049,S071,1,5379.25,0.2,5110.29,WALLET,cancelled,2026-04-26,
OI3000988,2026-04-26 17:43:00,C01109,P00289,S055,5,69467.49,0.2,347337.45,UPI,shipped,2026-04-26,
OI3000989,2026-04-26 02:38:00,C01690,P00356,S012,1,80320.66,0.05,80320.66,NETBANKING,returned,2026-04-26,
OI3000990,2026-04-26 17:14:00,C01358,P00453,S067,6,7391.19,0.1,39912.43,NETBANKING,delivered,2026-04-26,
OI3000991,2026-04-26 18:51:00,C00665,P00258,S016,3,68644.21,0.2,205932.63,WALLET,shipped,2026-04-26,
OI3000992,2026-04-26 16:55:00,C00874,P00327,S051,4,19431.16,0.0,69952.18,WALLET,returned,2026-04-26,NEW10
OI3000993,2026-04-26 22:21:00,C02240,,S073,3,52945.24,0.2,150893.93,CARD,returned,2026-04-26,NEW10
OI3000994,2026-04-26 18:05:00,C00223,P00571,S035,6,25003.47,0.2,150020.82,COD,returned,2026-04-26,
OI3000995,2026-04-26 16:35:00,C00424,P00447,S032,5,55077.48,0.0,247848.66,NETBANKING,shipped,2026-04-26,
OI3000996,2026-04-26 16:32:00,C00020,P00001,S004,2,unknown,0.2,bad_amount,UPI,shipped,2026-04-26,NEW10
OI3000997,2026-04-26 13:27:00,C01799,P00461,S074,3,40245.92,0.05,96590.21,NETBANKING,cancelled,2026-04-26,
OI3000998,2026-04-26 17:09:00,C00654,P00755,S059,3,20738.03,0.2,55992.68,CARD,cancelled,2026-04-26,
OI3000999,2026-04-11 16:00:00,C00418,P00576,S030,6,80278.32,0.1,457586.42,COD,returned,2026-04-26,FESTIVE20
OI3001000,2026-04-26 22:37:00,C01870,P00651,S034,1,5362.63,0.2,5094.5,UPI,returned,2026-04-26,
OI3001001,2026-04-26 18:39:00,C01447,P00310,S067,2,1512.19,0.0,3024.38,WALLET,returned,2026-04-26,NEW10
OI3001002,2026-04-26 08:15:00,C01475,P00080,S065,5,35894.6,0.2,170499.35,CARD,cancelled,2026-04-26,
OI3001003,2026-04-26 02:01:00,C00910,P00404,S010,6,52788.89,0.0,253386.67,WALLET,returned,2026-04-26,
OI3001004,2026-04-26 09:06:00,C01845,P00664,S069,5,83397.91,0.1,333591.64,UPI,cancelled,2026-04-26,
OI3001005,2026-04-26 11:53:00,C02320,P00571,S032,4,25003.47,0.05,95013.19,COD,returned,2026-04-26,
OI3001006,2026-04-26 08:59:00,C02246,P00014,S027,6,24907.63,0.2,149445.78,UPI,returned,2026-04-26,
OI3001007,2026-04-26 09:00:00,C00121,P00539,S043,6,10497.22,0.05,62983.32,WALLET,shipped,2026-04-26,
OI3001008,2026-04-26 13:15:00,C00440,P00360,S039,6,53919.75,0.05,291166.65,COD,returned,2026-04-26,
OI3001009,2026-04-26 09:48:00,C01973,P00644,S011,2,74191.25,0.2,148382.5,CARD,cancelled,2026-04-26,
OI3001010,2026-04-26 17:22:00,C02206,P00450,S061,6,70829.61,0.1,339982.13,COD,shipped,2026-04-26,
OI3001011,2026-04-26 14:56:00,C00166,P00300,S035,3,73390.3,0.1,176136.72,CARD,returned,2026-04-26,FESTIVE20
OI3001012,2026-04-26 02:49:00,C00847,P00494,S017,3,7821.69,0.1,22291.82,UPI,delivered,2026-04-26,
OI3001013,2026-04-26 23:48:00,C02495,P00599,S016,1,42258.49,0.0,33806.79,CARD,cancelled,2026-04-26,NEW10
OI3001014,2026-04-18 11:00:00,C02362,P00369,S034,1,20639.77,0.2,20639.77,NETBANKING,shipped,2026-04-26,
OI3001015,2026-04-26 00:13:00,C02484,P00252,S029,6,62580.71,0.05,356710.05,CARD,returned,2026-04-26,NEW10
OI3001016,2026-04-26 17:37:00,C01845,P00775,S007,1,21695.86,0.2,19526.27,UPI,returned,2026-04-26,NEW10
OI3001017,2026-04-14 14:00:00,C01705,P00458,S050,3,79638.67,0.1,191132.81,CARD,delivered,2026-04-26,
OI3001018,2026-04-26 22:05:00,C00196,P00222,S065,5,53115.56,0.05,252298.91,COD,returned,2026-04-26,
OI3001019,2026-04-26 16:10:00,C00200,P00478,S044,4,82374.84,0.0,263599.49,CARD,returned,2026-04-26,
OI3001020,2026-04-26 12:28:00,C01815,P00278,S025,4,50694.44,0.05,182499.98,WALLET,cancelled,2026-04-26,
OI3001021,2026-04-26 04:42:00,C01714,P00130,S059,5,10121.56,0.05,40486.24,CARD,shipped,2026-04-26,
OI3001022,2026-04-26 19:18:00,C00838,P00190,S070,2,41382.21,0.2,NaN_TEXT,UPI,shipped,2026-04-26,FESTIVE20
OI3001023,2026-04-26 18:30:00,C00489,P00629,S026,2,84599.41,0.05,135359.06,CARD,cancelled,2026-04-26,NEW10
OI3001024,2026-04-26 22:26:00,C01029,P00075,S060,6,58716.12,0.1,334681.88,NETBANKING,shipped,2026-04-26,
OI3001025,2026-04-26 02:55:00,C02122,P00788,S053,2,7687.85,0.0,NaN_TEXT,WALLET,cancelled,2026-04-26,FESTIVE20
OI3001026,2026-04-26 04:28:00,C02021,P00752,S047,1,59473.65,0.0,56499.97,WALLET,shipped,2026-04-26,
OI3001027,2026-04-26 07:29:00,C01187,P00213,S048,3,68661.56,0.05,185386.21,WALLET,delivered,2026-04-26,
OI3001028,2026-04-26 00:28:00,C01006,P00072,S047,1,63585.51,0.0,50868.41,CARD,delivered,2026-04-26,
OI3001029,2026-04-26 01:26:00,C01805,P00037,S067,3,27187.86,0.1,81563.58,CARD,cancelled,2026-04-26,FESTIVE20
OI3001030,2026-04-26 09:33:00,C00511,P00136,S042,1,40253.57,0.05,40253.57,CARD,delivered,2026-04-26,
OI3001031,2026-04-26 03:54:00,C01223,P00264,S061,4,8603.44,0.0,30972.38,CARD,shipped,2026-04-26,NEW10
OI3001032,2026-04-26 14:04:00,C01304,P00796,S018,5,54612.57,0.0,245756.56,CARD,shipped,2026-04-26,
OI3001033,2026-04-26 16:14:00,C00035,P00404,S064,4,52788.89,0.2,168924.45,COD,shipped,2026-04-26,
OI3001034,2026-04-26 23:39:00,C00613,P00199,S042,4,27052.49,0.0,102799.46,WALLET,shipped,2026-04-26,FESTIVE20
OI3001035,2026-04-26 14:14:00,C01063,P00218,S073,3,65078.6,0.2,156188.64,NETBANKING,returned,2026-04-26,
OI3001036,2026-04-26 12:46:00,C02344,P00206,S073,5,17488.11,0.2,78696.5,CARD,delivered,2026-04-26,
OI3001037,2026-04-26 18:41:00,C00583,P00185,S015,4,23407.15,0.05,93628.6,NETBANKING,cancelled,2026-04-26,NEW10
OI3001038,2026-04-18 22:00:00,C00702,P00642,S062,5,3715.45,0.05,14861.8,COD,shipped,2026-04-26,
OI3001039,2026-04-26 10:07:00,C01047,P00424,S052,6,42885.89,0.0,231583.81,UPI,shipped,2026-04-26,
OI3001040,2026-04-26 00:48:00,C00147,P00446,S059,1,86120.56,0.1,NaN_TEXT,CARD,cancelled,2026-04-26,
OI3001041,2026-04-26 09:06:00,C02180,P00511,S009,3,73756.93,0.0,221270.79,NETBANKING,shipped,2026-04-26,NEW10
OI3001042,2026-04-26 10:11:00,C01956,P00748,S009,4,33758.25,0.05,128281.35,WALLET,returned,2026-04-26,
OI3001043,2026-04-26 21:14:00,C01976,P00161,S025,1,68133.99,0.1,68133.99,NETBANKING,shipped,2026-04-26,
OI3001044,2026-04-26 00:18:00,C01080,P00628,S013,3,20419.8,0.05,61259.4,WALLET,returned,2026-04-26,NEW10
OI3001045,2026-04-26 18:33:00,C00490,P00053,S056,4,33861.69,0.2,135446.76,COD,delivered,2026-04-26,
OI3001046,2026-04-26 09:17:00,C00898,P00207,S004,6,28855.83,0.0,164478.23,NETBANKING,cancelled,2026-04-26,
OI3001047,2026-04-26 12:41:00,C00146,P00555,S074,4,44111.62,0.05,141157.18,NETBANKING,shipped,2026-04-26,NEW10
OI3001048,2026-04-26 15:36:00,C01343,P00313,S033,2,35756.37,0.1,57210.19,WALLET,shipped,2026-04-26,
OI3001049,2026-04-26 19:05:00,C00124,P00097,S054,2,23401.12,0.2,46802.24,UPI,returned,2026-04-26,NEW10
OI3001050,2026-04-26 06:49:00,C02438,P00640,S003,1,84098.93,0.2,84098.93,CARD,delivered,2026-04-26,FESTIVE20
OI3001051,2026-04-26 00:59:00,C02357,P00707,S069,5,12328.05,0.1,55476.22,WALLET,cancelled,2026-04-26,
OI3001052,2026-04-26 01:21:00,C02084,P00497,S006,2,74754.17,0.0,149508.34,COD,delivered,2026-04-26,NEW10
OI3001053,2026-04-26 09:06:00,C02398,P00643,S008,1,7484.53,0.1,7484.53,COD,delivered,2026-04-26,
OI3001054,2026-04-26 08:32:00,C02174,P00128,S075,5,38067.34,0.1,171303.03,COD,returned,2026-04-26,
OI3001055,2026-04-26 06:25:00,C02105,P00609,S068,2,1552.71,0.0,2794.88,CARD,returned,2026-04-26,
OI3001056,2026-04-26 18:27:00,C02379,P00783,S009,2,21905.04,0.1,41619.58,CARD,cancelled,2026-04-26,
OI3001057,2026-04-26 22:30:00,C01834,P00500,S065,2,89625.7,0.1,143401.12,UPI,cancelled,2026-04-26,NEW10
OI3001058,2026-04-17 16:00:00,C00880,P00748,S018,4,33758.25,0.2,128281.35,NETBANKING,delivered,2026-04-26,
OI3001059,2026-04-26 17:38:00,C02128,P00061,S058,2,28120.7,0.2,53429.33,COD,cancelled,2026-04-26,
OI3001060,2026-04-26 08:29:00,C02375,P00496,S015,6,35826.7,0.2,171968.16,UPI,shipped,2026-04-26,NEW10
OI3001061,2026-04-26 16:27:00,C01411,P00199,S018,6,27052.49,0.2,162314.94,WALLET,cancelled,2026-04-26,
OI3001062,2026-04-26 07:18:00,C01272,P00683,S003,2,30669.06,0.1,55204.31,COD,cancelled,2026-04-26,
OI3001063,2026-04-26 03:54:00,C00217,P00013,S055,4,67005.44,0.1,241219.58,CARD,delivered,2026-04-26,FESTIVE20
OI3001064,2026-04-26 03:31:00,C01691,P00189,S028,3,20249.95,0.2,48599.88,WALLET,cancelled,2026-04-26,
OI3001065,2026-04-26 14:29:00,C01019,P00080,S021,4,35894.6,0.1,136399.48,UPI,returned,2026-04-26,
OI3001066,2026-04-08 03:00:00,C01805,P00250,S033,3,1505.23,0.1,4289.91,NETBANKING,delivered,2026-04-26,NEW10
OI3001067,2026-04-26 14:05:00,C00706,P00235,S015,2,20332.68,0.2,40665.36,UPI,cancelled,2026-04-26,
OI3001068,2026-04-26 10:19:00,C00754,P00442,S059,2,74693.65,0.2,119509.84,UPI,shipped,2026-04-26,
OI3001069,2026-04-26 21:00:00,C01221,P00071,S010,4,45073.73,0.0,180294.92,UPI,cancelled,2026-04-26,FESTIVE20
OI3001070,2026-04-26 09:54:00,C01571,P00585,S003,3,64199.22,0.05,192597.66,UPI,delivered,2026-04-26,
OI3001071,2026-04-26 23:47:00,C01013,P00738,S072,6,83127.16,0.05,448886.66,NETBANKING,delivered,2026-04-26,NEW10
OI3001072,2026-04-26 00:32:00,C00232,P00165,S037,5,54914.34,0.2,274571.7,UPI,returned,2026-04-26,
OI3001073,2026-04-26 19:00:00,C01576,P00221,S030,5,12154.88,0.0,57735.68,NETBANKING,shipped,2026-04-26,
OI3001074,2026-04-26 21:30:00,C02261,P00663,S044,3,13370.7,0.0,36100.89,CARD,cancelled,2026-04-26,
OI3001075,2026-04-23 14:00:00,C00157,P00690,S068,1,10848.19,0.0,10305.78,UPI,shipped,2026-04-26,NEW10
OI3001076,2026-04-26 06:44:00,C01065,P00479,S061,2,14454.91,0.05,28909.82,UPI,shipped,2026-04-26,
OI3001077,2026-04-26 09:09:00,C01232,P00002,S051,6,unknown,0.1,bad_amount,CARD,cancelled,2026-04-26,
OI3001078,2026-04-26 22:21:00,C01149,P00498,S070,1,59122.37,0.05,56166.25,UPI,returned,2026-04-26,
OI3001079,2026-04-26 05:32:00,C02215,P00393,S028,1,84892.48,0.2,80647.86,WALLET,returned,2026-04-26,FESTIVE20
OI3001080,2026-04-26 21:11:00,C00820,P00087,S050,2,36333.32,0.05,72666.64,CARD,delivered,2026-04-26,
OI3001081,2026-04-26 05:22:00,C01929,P00021,S063,4,85893.82,0.1,326396.52,COD,returned,2026-04-26,
OI3001082,2026-04-26 17:12:00,C00247,P00723,S005,4,39476.59,0.0,157906.36,COD,returned,2026-04-26,
OI3001083,2026-04-26 10:35:00,C01329,P00398,S063,4,86219.46,0.1,275902.27,CARD,cancelled,2026-04-26,
OI3001084,2026-04-12 18:00:00,C00814,P00527,S061,3,62863.63,0.05,169731.8,CARD,shipped,2026-04-26,FESTIVE20
OI3001085,2026-04-26 13:08:00,C01229,P00049,S024,4,5379.25,0.2,NaN_TEXT,UPI,shipped,2026-04-26,NEW10
OI3001086,2026-04-26 23:32:00,C00360,P00083,S057,1,80492.32,0.2,64393.86,COD,shipped,2026-04-26,FESTIVE20
OI3001087,2026-04-26 01:15:00,C01003,P00370,S071,5,39280.5,0.0,196402.5,UPI,cancelled,2026-04-26,FESTIVE20
OI3001088,2026-04-26 21:40:00,C01793,P00398,S065,2,86219.46,0.2,163816.97,COD,shipped,2026-04-26,
OI3001089,2026-04-26 15:06:00,C02231,P00564,S047,3,373.78,0.05,897.07,UPI,cancelled,2026-04-26,
OI3001090,2026-04-26 17:21:00,C01028,P00464,S008,2,78106.97,0.1,148403.24,UPI,cancelled,2026-04-26,NEW10
OI3001091,2026-04-26 08:54:00,C01787,P00605,S040,5,54013.86,0.0,270069.3,COD,returned,2026-04-26,
OI3001092,2026-04-26 08:27:00,C00506,P00435,S055,6,28267.64,0.1,152645.26,WALLET,shipped,2026-04-26,NEW10
OI3001093,2026-04-21 05:00:00,C00400,P00569,S021,3,24215.81,0.1,72647.43,WALLET,delivered,2026-04-26,
OI3001094,2026-04-26 14:41:00,C02008,P00606,S037,4,34480.9,0.0,131027.42,NETBANKING,cancelled,2026-04-26,
OI3001095,2026-04-26 17:10:00,C01899,P00282,S061,4,64961.56,0.05,207876.99,WALLET,returned,2026-04-26,NEW10
OI3001096,2026-04-26 19:27:00,C01567,P00161,S006,2,68133.99,0.1,109014.38,UPI,delivered,2026-04-26,FESTIVE20
OI3001097,2026-04-26 11:59:00,C02392,P00122,S054,4,45035.48,0.2,144113.54,NETBANKING,shipped,2026-04-26,
OI3001098,2026-04-26 21:27:00,C01389,P00683,S022,5,30669.06,0.05,145678.04,WALLET,returned,2026-04-26,
OI3001099,2026-04-26 02:21:00,C01665,P00705,S065,3,51936.03,0.2,140227.28,CARD,returned,2026-04-26,
OI3001100,2026-04-26 20:06:00,C00108,P00791,S058,5,54939.76,0.0,219759.04,UPI,delivered,2026-04-26,
OI3001101,2026-04-26 06:16:00,C01366,P00106,S025,2,42058.36,0.05,67293.38,NETBANKING,delivered,2026-04-26,
OI3001102,2026-04-26 08:34:00,C00841,P00294,S024,2,5174.19,0.0,9830.96,NETBANKING,returned,2026-04-26,
OI3001103,2026-04-26 16:15:00,C02397,P00016,S049,5,12387.77,0.1,49551.08,WALLET,shipped,2026-04-26,
OI3001104,2026-04-26 14:00:00,C00021,P00782,S057,6,60281.01,0.0,343601.76,WALLET,delivered,2026-04-26,FESTIVE20
OI3001105,2026-04-26 13:12:00,C01294,P00541,S018,3,70944.79,0.2,202192.65,WALLET,cancelled,2026-04-26,FESTIVE20
OI3001106,2026-04-26 02:45:00,C02227,P00148,S020,2,63834.05,0.1,102134.48,WALLET,returned,2026-04-26,
OI3001107,2026-04-26 03:15:00,C02463,P00459,S006,4,26892.08,0.2,96811.49,NETBANKING,cancelled,2026-04-26,
OI3001108,2026-04-26 02:13:00,C01761,P00361,S021,4,36875.57,0.05,140127.17,CARD,shipped,2026-04-26,NEW10
OI3001109,2026-04-26 15:33:00,C02435,P00264,S030,3,8603.44,0.1,23229.29,COD,shipped,2026-04-26,
OI3001110,2026-04-26 20:03:00,C01642,P00070,S016,6,46092.54,0.2,248899.72,WALLET,delivered,2026-04-26,NEW10
OI3001111,2026-04-26 10:53:00,C01927,P00077,S048,5,83992.66,0.2,377966.97,COD,shipped,2026-04-26,
OI3001112,2026-04-26 14:11:00,C02279,P00591,S044,1,40822.83,0.05,32658.26,CARD,shipped,2026-04-26,FESTIVE20
OI3001113,2026-04-26 21:25:00,C01324,P00568,S064,6,3769.83,0.1,18095.18,UPI,delivered,2026-04-26,NEW10
OI3001114,2026-04-26 08:18:00,C00504,P00578,S018,3,9104.97,0.1,27314.91,WALLET,delivered,2026-04-26,
OI3001115,2026-04-26 19:55:00,C01506,P00655,S003,6,35220.22,0.1,211321.32,CARD,cancelled,2026-04-26,
OI3001116,2026-04-26 20:06:00,C02462,P00243,S049,6,35974.1,0.1,172675.68,NETBANKING,cancelled,2026-04-26,
OI3001117,2026-04-26 02:29:00,C00584,P00463,S010,1,25685.87,0.2,20548.7,CARD,returned,2026-04-26,
OI3001118,2026-04-26 14:47:00,C01536,P00661,S012,3,3537.34,0.0,8489.62,NETBANKING,shipped,2026-04-26,
OI3001119,2026-04-26 19:46:00,C01963,P00280,S037,1,77257.9,0.05,73395.0,UPI,returned,2026-04-26,
OI3001120,2026-04-26 15:10:00,C00562,P00551,S029,1,37605.09,0.2,30084.07,UPI,returned,2026-04-26,NEW10
OI3001121,2026-04-26 22:33:00,C01780,P00653,S066,2,64700.15,0.0,122930.29,CARD,returned,2026-04-26,NEW10
OI3001122,2026-04-26 03:01:00,C00627,P00197,S002,1,28751.74,0.1,25876.57,UPI,delivered,2026-04-26,
OI3001123,2026-04-26 07:56:00,C01413,P00523,S074,4,54356.5,0.0,195683.4,NETBANKING,returned,2026-04-26,
OI3001124,2026-04-26 22:44:00,C01564,P00715,S050,5,24813.81,0.05,117865.6,COD,delivered,2026-04-26,
OI3001125,2026-04-26 08:40:00,C01986,P00661,S052,1,3537.34,0.1,2829.87,NETBANKING,returned,2026-04-26,FESTIVE20
OI3001126,2026-04-26 14:22:00,C00382,P00563,S049,5,22984.94,0.2,114924.7,NETBANKING,returned,2026-04-26,
OI3001127,2026-04-26 10:16:00,C02130,P00600,S045,2,41659.48,0.0,83318.96,COD,cancelled,2026-04-26,
OI3001128,2026-04-26 10:01:00,C02199,P00485,S061,4,27946.35,0.05,111785.4,UPI,delivered,2026-04-26,
OI3001129,2026-04-26 23:26:00,C00664,P00462,S001,4,84326.32,0.0,320440.02,WALLET,returned,2026-04-26,
OI3001130,2026-04-26 23:53:00,C01080,P00029,S004,4,24207.09,0.1,96828.36,UPI,shipped,2026-04-26,
OI3001131,2026-04-26 17:11:00,C00821,P00516,S020,6,6106.6,0.2,32975.64,NETBANKING,cancelled,2026-04-26,
OI3001132,2026-04-26 11:03:00,C01946,P00498,S025,6,59122.37,0.1,283787.38,CARD,delivered,2026-04-26,NEW10
OI3001133,2026-04-26 10:23:00,C00889,P00550,S047,1,21781.35,0.05,NaN_TEXT,NETBANKING,shipped,2026-04-26,
OI3001134,2026-04-26 07:25:00,C02041,P00143,S057,5,51414.89,0.05,231367.01,NETBANKING,delivered,2026-04-26,FESTIVE20
OI3001135,2026-04-26 16:18:00,C00640,P00017,S027,6,13696.86,0.05,78072.1,COD,shipped,2026-04-26,
OI3001136,2026-04-26 14:04:00,C01258,P00587,S032,4,23002.92,0.1,92011.68,COD,returned,2026-04-26,FESTIVE20
OI3001137,2026-04-26 01:41:00,C01456,P00622,S069,6,27317.69,0.1,131124.91,UPI,delivered,2026-04-26,
OI3001138,2026-04-26 18:11:00,C01611,P00676,S036,4,18432.07,0.2,73728.28,NETBANKING,shipped,2026-04-26,
OI3001139,2026-04-26 16:18:00,C02081,P00110,S006,4,85862.06,0.1,274758.59,COD,delivered,2026-04-26,
OI3001140,2026-04-26 05:52:00,C00523,P00044,S023,3,34466.16,0.1,93058.63,WALLET,shipped,2026-04-26,
OI3001141,2026-04-26 15:25:00,C01177,P00655,S023,4,35220.22,0.2,112704.7,CARD,delivered,2026-04-26,NEW10
OI3001142,2026-04-26 22:07:00,C01874,P00548,S014,1,17399.1,0.1,15659.19,COD,delivered,2026-04-26,NEW10
OI3001143,2026-04-26 04:39:00,C01509,P00454,S072,4,35110.72,0.05,133420.74,CARD,delivered,2026-04-26,
OI3001144,2026-04-26 16:52:00,C01539,P00150,S028,4,30918.13,0.2,111305.27,UPI,returned,2026-04-26,
OI3001145,2026-04-26 01:33:00,C00674,P00484,S018,5,58332.88,0.2,233331.52,CARD,shipped,2026-04-26,
OI3001146,2026-04-26 01:47:00,C00392,P00089,S006,4,54798.93,0.1,219195.72,COD,cancelled,2026-04-26,
OI3001147,2026-04-26 22:49:00,C00633,P00283,S010,2,18851.23,0.0,30161.97,COD,returned,2026-04-26,FESTIVE20
OI3001148,2026-04-26 03:27:00,C02154,P00032,S034,6,30049.26,0.05,144236.45,COD,returned,2026-04-26,FESTIVE20
OI3001149,2026-04-26 06:30:00,C02449,P00728,S027,2,86279.25,0.05,163930.57,NETBANKING,returned,2026-04-26,NEW10
OI3001150,2026-04-26 08:32:00,C00154,P00249,S035,6,39118.67,0.1,211240.82,UPI,returned,2026-04-26,
OI3001151,2026-04-26 09:40:00,C00190,P00249,S006,1,39118.67,0.05,35206.8,UPI,returned,2026-04-26,
OI3001152,2026-04-26 03:58:00,C00232,P00391,S013,5,40752.6,0.1,193574.85,NETBANKING,delivered,2026-04-26,
OI3001153,2026-04-26 04:55:00,C01080,P00768,S048,2,unknown,0.0,bad_amount,UPI,delivered,2026-04-26,
OI3001154,2026-04-26 00:43:00,C02434,P00355,S015,4,45826.4,0.2,164975.04,COD,shipped,2026-04-26,
OI3001155,2026-04-26 02:49:00,C01180,P00780,S039,4,36021.81,0.0,144087.24,CARD,delivered,2026-04-26,
OI3001156,2026-04-15 00:00:00,C02409,P00668,S067,6,73520.93,0.2,441125.58,NETBANKING,returned,2026-04-26,NEW10
OI3001157,2026-04-26 15:07:00,C01143,P00499,S054,1,2275.21,0.05,2275.21,COD,shipped,2026-04-26,
OI3001158,2026-04-26 12:20:00,C01078,P00786,S002,1,68208.61,0.0,64798.18,WALLET,delivered,2026-04-26,
OI3001159,2026-04-26 19:40:00,C00604,P00121,S043,4,45170.92,0.1,171649.5,UPI,delivered,2026-04-26,
OI3001160,2026-04-26 13:58:00,C02423,P00211,S064,5,84094.95,0.0,336379.8,UPI,returned,2026-04-26,
OI3001161,2026-04-26 12:15:00,C02432,P00558,S029,1,37085.61,0.05,37085.61,WALLET,cancelled,2026-04-26,
OI3001162,2026-04-26 17:43:00,C00448,P00693,S061,3,87763.65,0.0,210632.76,UPI,cancelled,2026-04-26,
OI3001163,2026-04-18 18:00:00,C01333,P00019,S045,2,44202.95,0.1,70724.72,CARD,cancelled,2026-04-26,NEW10
OI3001164,2026-04-21 13:00:00,C00945,P00066,S065,6,19542.42,0.2,117254.52,WALLET,cancelled,2026-04-26,
OI3001165,2026-04-26 14:28:00,C01205,P00582,S029,6,63334.8,0.0,380008.8,COD,cancelled,2026-04-26,
OI3001166,2026-04-26 19:18:00,C02090,P00277,S002,2,75613.95,0.05,143666.5,CARD,delivered,2026-04-26,
OI3001167,2026-04-26 03:52:00,C00770,P00599,S012,2,42258.49,0.2,76065.28,UPI,shipped,2026-04-26,NEW10
OI3001168,2026-04-06 21:00:00,C00698,P00131,S047,6,13602.82,0.05,81616.92,CARD,shipped,2026-04-26,NEW10
OI3001169,2026-04-26 04:23:00,C02319,P00537,S041,6,7847.07,0.1,44728.3,CARD,returned,2026-04-26,
OI3001170,2026-04-26 10:55:00,C01280,P00575,S044,5,22217.67,0.2,105533.93,UPI,returned,2026-04-26,
OI3001171,2026-04-26 01:52:00,C02333,P00006,S039,1,10740.11,0.2,9666.1,UPI,returned,2026-04-26,
OI3001172,2026-04-26 15:25:00,C01976,P00090,S023,5,50485.5,0.1,239806.12,WALLET,returned,2026-04-26,
OI3001173,2026-04-06 01:00:00,C02072,P00760,S045,5,38540.65,0.1,192703.25,CARD,cancelled,2026-04-26,
OI3001174,2026-04-26 21:14:00,C02345,P00336,S071,2,40699.34,0.2,65118.94,CARD,delivered,2026-04-26,FESTIVE20
OI3001175,2026-04-26 14:25:00,C00503,P00794,S019,2,79522.54,0.1,143140.57,COD,delivered,2026-04-26,NEW10
OI3001176,2026-04-26 23:54:00,C01862,P00731,S046,1,56245.76,0.0,44996.61,WALLET,returned,2026-04-26,
OI3001177,2026-04-26 13:27:00,C00650,P00269,S053,4,1133.19,0.05,4532.76,NETBANKING,returned,2026-04-26,FESTIVE20
OI3001178,2026-04-26 11:42:00,C00217,P00744,S070,5,66393.75,0.1,331968.75,NETBANKING,shipped,2026-04-26,
OI3001179,2026-04-26 16:22:00,C02371,P00640,S027,5,84098.93,0.2,336395.72,COD,delivered,2026-04-26,
OI3001180,2026-04-26 01:04:00,C02471,P00309,S018,5,30383.15,0.2,136724.18,COD,delivered,2026-04-26,
OI3001181,2026-04-26 07:55:00,C00541,P00224,S045,1,78375.62,0.2,78375.62,CARD,shipped,2026-04-26,NEW10
OI3001182,2026-04-26 14:46:00,C00492,P00564,S053,5,373.78,0.2,1775.45,COD,delivered,2026-04-26,NEW10
OI3001183,2026-04-26 17:58:00,C01236,P00650,S009,5,19012.41,0.1,95062.05,NETBANKING,returned,2026-04-26,FESTIVE20
OI3001184,2026-04-26 08:17:00,C01408,P00406,S060,2,16017.01,0.05,25627.22,UPI,shipped,2026-04-26,
OI3001185,2026-04-26 20:15:00,C00765,P00688,S064,5,77591.66,0.1,368560.39,UPI,delivered,2026-04-26,FESTIVE20
OI3001186,2026-04-26 09:27:00,C00027,P00031,S068,6,29725.2,0.05,160516.08,COD,returned,2026-04-26,
OI3001187,2026-04-26 06:25:00,C01270,P00535,S045,1,38049.19,0.2,30439.35,COD,returned,2026-04-26,
OI3001188,2026-04-26 17:34:00,C00444,P00072,S028,6,63585.51,0.0,362437.41,CARD,returned,2026-04-26,
OI3001189,2026-04-26 18:57:00,C01891,P00691,S052,1,26467.14,0.0,21173.71,WALLET,cancelled,2026-04-26,
OI3001190,2026-04-26 08:42:00,C00804,P00346,S044,2,21611.47,0.2,43222.94,NETBANKING,cancelled,2026-04-26,
OI3001191,2026-04-26 01:09:00,C00881,P00234,S002,5,36179.83,0.05,144719.32,NETBANKING,cancelled,2026-04-26,
OI3001192,2026-04-26 21:34:00,C02363,P00203,S036,4,24833.93,0.05,99335.72,NETBANKING,shipped,2026-04-26,
OI3001193,2026-04-26 18:06:00,C02058,P00120,S072,5,20014.73,0.05,95069.97,UPI,returned,2026-04-26,FESTIVE20
OI3001194,2026-04-26 17:21:00,C01794,P00546,S042,1,14892.77,0.1,11914.22,CARD,delivered,2026-04-26,
OI3001195,2026-04-26 22:41:00,C02463,P00800,S042,2,1039.62,0.05,1663.39,COD,cancelled,2026-04-26,
OI3001196,2026-04-26 01:00:00,C01462,P00107,S001,1,53454.24,0.0,53454.24,WALLET,returned,2026-04-26,NEW10
OI3001197,2026-04-07 07:00:00,C01154,P00504,S031,3,13355.18,0.2,36058.99,NETBANKING,returned,2026-04-26,FESTIVE20
OI3001198,2026-04-26 15:20:00,C02272,P00504,S074,6,13355.18,0.1,80131.08,CARD,cancelled,2026-04-26,NEW10
OI3001199,2026-04-26 18:51:00,C01990,P00606,S009,5,34480.9,0.1,137923.6,COD,cancelled,2026-04-26,
OI3001200,2026-04-26 05:09:00,C02137,P00725,S051,5,62116.51,0.05,279524.29,COD,returned,2026-04-26,
OI3001201,2026-04-26 09:27:00,C00239,P00600,S050,1,41659.48,0.2,33327.58,CARD,cancelled,2026-04-26,
OI3001202,2026-04-26 22:39:00,C01859,P00281,S015,2,81094.02,0.1,145969.24,WALLET,cancelled,2026-04-26,
OI3001203,2026-04-26 09:13:00,C01042,P00797,S046,5,19573.06,0.2,97865.3,COD,shipped,2026-04-26,
OI3001204,2026-04-26 10:17:00,C01963,P00615,S020,6,89289.59,0.05,535737.54,WALLET,delivered,2026-04-26,NEW10
OI3001205,2026-04-26 06:58:00,C02117,P00061,S020,3,28120.7,0.2,84362.1,COD,delivered,2026-04-26,NEW10
OI3001206,2026-04-09 15:00:00,C01118,P00687,S065,2,32039.5,0.0,64079.0,UPI,cancelled,2026-04-26,
OI3001207,2026-04-26 19:12:00,C00268,P00457,S003,1,74186.35,0.2,74186.35,NETBANKING,returned,2026-04-26,NEW10
OI3001208,2026-04-26 13:52:00,C01750,P00769,S054,1,3711.25,0.0,2969.0,WALLET,returned,2026-04-26,
OI3001209,2026-04-26 06:53:00,C00040,P00086,S031,6,80804.46,0.05,484826.76,WALLET,returned,2026-04-26,FESTIVE20
OI3001210,2026-04-26 09:31:00,C01007,P00439,S068,2,35995.69,0.0,57593.1,NETBANKING,returned,2026-04-26,
OI3001211,2026-04-26 12:28:00,C01693,P00584,S017,1,unknown,0.0,bad_amount,COD,cancelled,2026-04-26,
OI3001212,2026-04-26 15:00:00,C02235,,S002,3,49547.43,0.0,133778.06,CARD,delivered,2026-04-26,NEW10
OI3001213,2026-04-26 07:33:00,C01062,P00490,S059,6,8823.16,0.05,42351.17,NETBANKING,returned,2026-04-26,
OI3001214,2026-04-26 23:25:00,C01767,P00396,S036,4,60882.95,0.0,219178.62,WALLET,returned,2026-04-26,
OI3001215,2026-04-26 01:42:00,C01463,P00447,S053,2,55077.48,0.05,99139.46,COD,cancelled,2026-04-26,
OI3001216,2026-04-26 07:07:00,C01332,P00559,S047,1,72217.82,0.1,68606.93,COD,cancelled,2026-04-26,
OI3001217,2026-04-26 13:51:00,C00508,P00584,S005,4,unknown,0.05,bad_amount,NETBANKING,cancelled,2026-04-26,NEW10
OI3001218,2026-04-26 17:24:00,C01931,P00261,S008,1,unknown,0.05,bad_amount,WALLET,cancelled,2026-04-26,
OI3001219,2026-04-26 06:21:00,C02091,P00330,S012,2,47717.1,0.0,85890.78,UPI,delivered,2026-04-26,NEW10
OI3001220,2026-04-26 05:26:00,C01850,P00654,S073,3,52923.36,0.0,158770.08,UPI,cancelled,2026-04-26,
OI3001221,2026-04-26 02:47:00,C00901,P00547,S033,3,5445.8,0.2,13069.92,COD,returned,2026-04-26,NEW10
OI3001222,2026-04-26 20:10:00,C01014,P00365,S058,2,16567.6,0.1,26508.16,WALLET,shipped,2026-04-26,
OI3001223,2026-04-26 02:52:00,C00646,P00576,S065,1,80278.32,0.0,80278.32,WALLET,delivered,2026-04-26,NEW10
OI3001224,2026-04-26 18:34:00,C01971,P00666,S021,2,36707.68,0.0,66073.82,CARD,cancelled,2026-04-26,
OI3001225,2026-04-26 02:39:00,C01504,P00248,S009,4,86544.26,0.2,311559.34,UPI,shipped,2026-04-26,
OI3001226,2026-04-26 12:00:00,C00523,,S017,4,52788.89,0.05,200597.78,NETBANKING,returned,2026-04-26,
OI3001227,2026-04-26 16:10:00,C02329,P00628,S052,6,20419.8,0.2,98015.04,CARD,cancelled,2026-04-26,
OI3001228,2026-04-26 03:50:00,C00885,P00188,S034,6,60213.53,0.0,361281.18,WALLET,delivered,2026-04-26,
OI3001229,2026-04-26 22:41:00,C02255,P00293,S061,5,8044.48,0.1,40222.4,COD,returned,2026-04-26,NEW10
OI3001230,2026-04-26 05:05:00,C00964,P00429,S030,3,54171.73,0.1,NaN_TEXT,NETBANKING,shipped,2026-04-26,NEW10
OI3001231,2026-04-26 01:35:00,C00048,P00059,S012,5,84263.33,0.05,421316.65,CARD,delivered,2026-04-26,
OI3001232,2026-04-26 19:24:00,C00237,P00331,S022,1,75229.69,0.1,60183.75,CARD,returned,2026-04-26,
OI3001233,2026-04-26 00:24:00,C00102,P00394,S053,3,15576.88,0.2,46730.64,UPI,shipped,2026-04-26,
OI3001234,2026-04-26 13:06:00,C02235,P00631,S019,2,76016.38,0.2,144431.12,COD,cancelled,2026-04-26,NEW10
OI3001235,2026-04-26 16:41:00,C02438,P00479,S026,5,14454.91,0.0,72274.55,CARD,returned,2026-04-26,NEW10
OI3001236,2026-04-26 04:32:00,C02101,P00680,S005,1,70711.89,0.05,67176.3,WALLET,cancelled,2026-04-26,
OI3001237,2026-04-26 03:53:00,C01424,P00406,S007,6,16017.01,0.05,76881.65,CARD,returned,2026-04-26,
OI3001238,2026-04-26 17:14:00,C01448,,S044,2,15220.71,0.05,27397.28,WALLET,cancelled,2026-04-26,
OI3001239,2026-04-26 20:54:00,C01879,P00159,S068,1,31734.05,0.05,31734.05,CARD,cancelled,2026-04-26,
OI3001240,2026-04-26 23:32:00,C02382,P00297,S011,4,59933.31,0.05,215759.92,COD,shipped,2026-04-26,
OI3001241,2026-04-26 10:18:00,C02361,P00398,S046,2,86219.46,0.05,163816.97,WALLET,cancelled,2026-04-26,
OI3001242,2026-04-26 12:14:00,C00072,P00339,S055,3,2566.61,0.2,7314.84,COD,cancelled,2026-04-26,
OI3001243,2026-04-26 04:28:00,C01490,P00300,S059,3,73390.3,0.2,220170.9,WALLET,delivered,2026-04-26,
OI3001244,2026-04-26 23:31:00,C02392,P00389,S009,6,85324.61,0.05,409558.13,UPI,shipped,2026-04-26,NEW10
OI3001245,2026-04-26 04:52:00,C01243,P00471,S043,2,73307.62,0.0,139284.48,COD,returned,2026-04-26,
OI3001246,2026-04-26 15:38:00,C00358,P00189,S048,5,20249.95,0.1,96187.26,COD,delivered,2026-04-26,NEW10
OI3001247,2026-04-26 16:44:00,C01387,P00249,S068,3,39118.67,0.2,117356.01,CARD,returned,2026-04-26,
OI3001248,2026-04-17 17:00:00,C02282,P00550,S067,6,21781.35,0.2,124153.69,NETBANKING,delivered,2026-04-26,NEW10
OI3001249,2026-04-26 19:47:00,C02222,P00373,S023,5,41626.23,0.2,187318.04,WALLET,cancelled,2026-04-26,FESTIVE20
OI3001250,2026-04-26 15:12:00,C02070,P00456,S047,2,50604.06,0.0,96147.71,COD,delivered,2026-04-26,
OI3001251,2026-04-26 16:41:00,C01291,P00615,S026,5,89289.59,0.1,424125.55,WALLET,shipped,2026-04-26,
OI3001252,2026-04-26 23:08:00,C01322,P00782,S067,1,60281.01,0.0,60281.01,NETBANKING,cancelled,2026-04-26,NEW10
OI3001253,2026-04-26 18:35:00,C00561,P00665,S037,5,48528.2,0.2,242641.0,NETBANKING,returned,2026-04-26,
OI3001254,2026-04-26 06:40:00,C00064,P00093,S059,4,19639.92,0.1,78559.68,CARD,shipped,2026-04-26,
OI3001255,2026-04-26 11:47:00,C02420,P00011,S037,6,26601.15,0.1,159606.9,NETBANKING,shipped,2026-04-26,NEW10
OI3001256,2026-04-26 01:25:00,C02093,P00212,S066,3,65425.73,0.0,176649.47,WALLET,returned,2026-04-26,
OI3001257,2026-04-26 15:38:00,C00891,P00710,S059,6,87048.32,0.05,417831.94,WALLET,returned,2026-04-26,
OI3001258,2026-04-26 05:33:00,C00494,P00105,S068,4,30353.53,0.2,109272.71,WALLET,returned,2026-04-26,
OI3001259,2026-04-26 10:09:00,C01995,P00502,S012,5,33644.21,0.0,168221.05,COD,returned,2026-04-26,
OI3001260,2026-04-26 06:35:00,C00477,P00462,S070,6,84326.32,0.05,505957.92,CARD,shipped,2026-04-26,FESTIVE20
OI3001261,2026-04-26 05:32:00,C01382,P00009,S064,4,71925.36,0.2,273316.37,WALLET,cancelled,2026-04-26,NEW10
OI3001262,2026-04-07 23:00:00,C01872,P00499,S038,2,2275.21,0.05,4095.38,COD,delivered,2026-04-26,FESTIVE20
OI3001263,2026-04-26 04:55:00,C02054,P00048,S008,2,7623.28,0.05,13721.9,WALLET,returned,2026-04-26,NEW10
OI3001264,2026-04-26 06:56:00,C00774,P00559,S050,5,72217.82,0.0,361089.1,COD,delivered,2026-04-26,
OI3001265,2026-04-26 22:15:00,C01489,P00399,S052,4,52543.69,0.1,168139.81,CARD,delivered,2026-04-26,
OI3001266,2026-04-26 15:09:00,C00295,P00031,S044,6,29725.2,0.2,160516.08,COD,cancelled,2026-04-26,
OI3001267,2026-04-26 22:26:00,C00253,P00745,S068,1,26606.4,0.2,23945.76,COD,delivered,2026-04-26,FESTIVE20
OI3001268,2026-04-26 08:58:00,C02057,P00798,S007,4,76944.83,0.05,307779.32,CARD,shipped,2026-04-26,
OI3001269,2026-04-26 11:03:00,C00753,P00101,S040,5,19705.48,0.05,98527.4,WALLET,cancelled,2026-04-26,
OI3001270,2026-04-26 21:53:00,C00742,P00799,S051,4,89228.66,0.1,339068.91,WALLET,cancelled,2026-04-26,
OI3001271,2026-04-26 20:20:00,C00095,P00761,S041,2,13372.17,0.1,24069.91,CARD,delivered,2026-04-26,NEW10
OI3001272,2026-04-26 10:39:00,C00378,P00381,S015,1,40514.44,0.1,38488.72,WALLET,shipped,2026-04-26,FESTIVE20
OI3001273,2026-04-26 12:59:00,C00499,,S067,5,46560.04,0.2,221160.19,WALLET,returned,2026-04-26,NEW10
OI3001274,2026-04-26 08:08:00,C01477,P00078,S068,1,584.86,0.2,555.62,NETBANKING,cancelled,2026-04-26,NEW10
OI3001275,2026-04-26 05:31:00,C01142,P00497,S049,3,74754.17,0.1,213049.38,COD,cancelled,2026-04-26,
OI3001276,2026-04-26 19:40:00,C01252,P00680,S043,1,70711.89,0.0,56569.51,COD,cancelled,2026-04-26,FESTIVE20
OI3001277,2026-04-26 00:12:00,C01878,P00593,S045,6,78473.17,0.2,423755.12,WALLET,delivered,2026-04-26,NEW10
OI3001278,2026-04-26 05:51:00,C00837,P00147,S071,5,53949.22,0.0,269746.1,CARD,shipped,2026-04-26,
OI3001279,2026-04-26 22:30:00,C01886,P00770,S025,6,4472.87,0.0,25495.36,COD,shipped,2026-04-26,
OI3001280,2026-04-26 00:39:00,C02410,P00784,S075,3,19311.58,0.0,57934.74,CARD,shipped,2026-04-26,
OI3001281,2026-04-26 20:42:00,C00445,P00462,S029,2,84326.32,0.2,134922.11,NETBANKING,returned,2026-04-26,FESTIVE20
OI3001282,2026-04-26 16:52:00,C02193,P00090,S030,3,50485.5,0.0,136310.85,CARD,shipped,2026-04-26,FESTIVE20
OI3001283,2026-04-26 09:01:00,C00236,P00294,S029,1,5174.19,0.0,4656.77,UPI,delivered,2026-04-26,
OI3001284,2026-04-26 05:57:00,C02214,P00098,S005,6,52116.36,0.2,297063.25,UPI,delivered,2026-04-26,
OI3001285,2026-04-26 18:58:00,C01549,P00682,S048,2,13191.5,0.2,23744.7,WALLET,shipped,2026-04-26,
OI3001286,2026-04-26 02:48:00,C00674,,S002,4,27317.69,0.0,109270.76,CARD,returned,2026-04-26,NEW10
OI3001287,2026-04-26 04:49:00,C01476,P00768,S027,3,unknown,0.0,bad_amount,CARD,returned,2026-04-26,NEW10
OI3001288,2026-04-26 22:56:00,C02479,P00053,S060,3,33861.69,0.0,101585.07,COD,delivered,2026-04-26,
OI3001289,2026-04-26 00:19:00,C00918,P00649,S024,2,58841.77,0.05,117683.54,NETBANKING,returned,2026-04-26,
OI3001290,2026-04-26 11:00:00,C00730,P00547,S059,5,5445.8,0.05,25867.55,UPI,returned,2026-04-26,
OI3001291,2026-04-26 07:31:00,C02229,P00540,S048,6,12058.68,0.0,57881.66,NETBANKING,returned,2026-04-26,
OI3001292,2026-04-26 01:38:00,C00517,P00029,S037,3,24207.09,0.0,65359.14,WALLET,returned,2026-04-26,
OI3001293,2026-04-26 03:44:00,C02128,P00304,S075,6,24954.79,0.05,119782.99,WALLET,cancelled,2026-04-26,
OI3001294,2026-04-26 00:01:00,C01579,P00752,S038,5,59473.65,0.0,282499.84,WALLET,shipped,2026-04-26,
OI3001295,2026-04-26 11:58:00,C00765,P00106,S015,5,42058.36,0.1,210291.8,COD,delivered,2026-04-26,
OI3001296,2026-04-26 03:47:00,C02289,P00195,S016,4,81560.2,0.1,260992.64,UPI,delivered,2026-04-26,
OI3001297,2026-04-18 23:00:00,C00072,P00622,S032,6,27317.69,0.05,131124.91,COD,cancelled,2026-04-26,NEW10
OI3001298,2026-04-26 16:18:00,C02398,P00378,S042,5,3535.63,0.05,14142.52,NETBANKING,returned,2026-04-26,NEW10
OI3001299,2026-04-26 09:28:00,C02057,P00702,S047,6,48813.44,0.1,292880.64,UPI,shipped,2026-04-26,
OI3001300,2026-04-26 02:34:00,C00946,P00286,S009,3,86705.09,0.05,234103.74,WALLET,delivered,2026-04-26,NEW10
OI3001301,2026-04-26 14:26:00,C00607,P00541,S043,5,70944.79,0.2,336987.75,UPI,cancelled,2026-04-26,
OI3001302,2026-04-26 23:40:00,C01583,P00227,S053,1,57830.24,0.0,57830.24,CARD,delivered,2026-04-26,
OI3001303,2026-04-26 18:39:00,C02409,P00167,S033,2,65097.56,0.2,130195.12,NETBANKING,delivered,2026-04-26,NEW10
OI3001304,2026-04-26 16:41:00,C01767,P00532,S040,1,14865.84,0.0,14865.84,NETBANKING,returned,2026-04-26,
OI3001305,2026-04-26 10:11:00,C00457,P00194,S027,1,16034.57,0.2,15232.84,CARD,shipped,2026-04-26,NEW10
OI3001306,2026-04-26 18:32:00,C01795,P00558,S059,6,37085.61,0.2,200262.29,WALLET,returned,2026-04-26,NEW10
OI3001307,2026-04-26 18:55:00,C02115,P00436,S074,6,31812.32,0.05,190873.92,CARD,shipped,2026-04-26,
OI3001308,2026-04-26 22:39:00,C01607,P00335,S026,6,23504.66,0.2,112822.37,CARD,returned,2026-04-26,
OI3001309,2026-04-26 02:29:00,C02496,P00635,S066,2,37326.92,0.0,67188.46,NETBANKING,returned,2026-04-26,FESTIVE20
OI3001310,2026-04-26 00:28:00,C01546,P00501,S030,4,25843.62,0.1,103374.48,WALLET,shipped,2026-04-26,NEW10
OI3001311,2026-04-26 00:06:00,C01697,P00149,S057,2,52945.24,0.2,100595.96,CARD,returned,2026-04-26,
OI3001312,2026-04-26 13:24:00,C00230,P00503,S018,3,15722.73,0.1,37734.55,WALLET,shipped,2026-04-26,FESTIVE20
OI3001313,2026-04-26 00:58:00,C01243,P00427,S046,6,87547.32,0.0,525283.92,NETBANKING,shipped,2026-04-26,
OI3001314,2026-04-26 12:10:00,C01765,P00442,S042,5,74693.65,0.2,373468.25,NETBANKING,cancelled,2026-04-26,
OI3001315,2026-04-26 23:49:00,C01263,P00705,S007,4,51936.03,0.2,166195.3,WALLET,returned,2026-04-26,NEW10
OI3001316,2026-04-26 10:15:00,C00368,P00574,S007,2,85906.24,0.1,154631.23,COD,cancelled,2026-04-26,
OI3001317,2026-04-26 17:47:00,C01439,P00600,S003,1,41659.48,0.1,41659.48,NETBANKING,delivered,2026-04-26,
OI3001318,2026-04-26 17:42:00,C00739,P00148,S027,3,63834.05,0.0,172351.94,CARD,returned,2026-04-26,
OI3001319,2026-04-26 09:40:00,C01676,P00540,S053,6,12058.68,0.05,65116.87,COD,cancelled,2026-04-26,NEW10
OI3001320,2026-04-26 00:24:00,C00074,P00151,S008,1,76903.69,0.1,69213.32,NETBANKING,cancelled,2026-04-26,NEW10
OI3001321,2026-04-26 03:30:00,C01855,,S041,3,69138.45,0.0,207415.35,NETBANKING,delivered,2026-04-26,
OI3001322,2026-04-26 13:15:00,C01087,P00740,S003,3,59184.15,0.05,168674.83,WALLET,returned,2026-04-26,
OI3001323,2026-04-26 14:19:00,C01121,P00359,S049,4,74405.37,0.0,267859.33,WALLET,cancelled,2026-04-26,
OI3001324,2026-04-26 08:52:00,C01855,P00724,S004,5,19761.05,0.0,88924.73,WALLET,shipped,2026-04-26,NEW10
OI3001325,2026-04-26 10:16:00,C02379,P00779,S060,2,44900.37,0.2,85310.7,COD,delivered,2026-04-26,
OI3001326,2026-04-26 09:43:00,C02191,P00290,S030,6,48750.05,0.1,234000.24,NETBANKING,cancelled,2026-04-26,
OI3001327,2026-04-26 05:51:00,C00868,P00344,S035,3,54347.02,0.05,146736.95,COD,cancelled,2026-04-26,
OI3001328,2026-04-26 10:21:00,C00777,P00442,S012,5,74693.65,0.0,373468.25,UPI,returned,2026-04-26,FESTIVE20
OI3001329,2026-04-26 10:10:00,C01252,P00114,S025,2,unknown,0.1,bad_amount,COD,delivered,2026-04-26,
OI3001330,2026-04-26 18:54:00,C01912,P00064,S073,3,25634.15,0.1,69212.21,COD,returned,2026-04-26,
OI3001331,2026-04-26 08:23:00,C00954,P00660,S074,1,46189.57,0.05,43880.09,COD,cancelled,2026-04-26,NEW10
OI3001332,2026-04-26 15:32:00,C02141,P00035,S043,5,49801.37,0.0,236556.51,UPI,delivered,2026-04-26,
OI3001333,2026-04-26 16:46:00,C02328,P00372,S070,4,1357.87,0.1,5431.48,CARD,returned,2026-04-26,
OI3001334,2026-04-18 07:00:00,C01105,P00354,S044,6,17006.45,0.2,91834.83,CARD,cancelled,2026-04-26,
OI3001335,2026-04-26 11:11:00,C01196,P00357,S003,4,51437.39,0.05,205749.56,UPI,returned,2026-04-26,
OI3001336,2026-04-26 11:07:00,C00260,P00223,S047,4,51580.17,0.05,185688.61,UPI,delivered,2026-04-26,
OI3001337,2026-04-26 10:21:00,C01077,P00125,S042,5,14785.78,0.05,73928.9,WALLET,returned,2026-04-26,
OI3001338,2026-04-26 17:54:00,C01276,P00018,S075,5,57158.76,0.05,257214.42,COD,returned,2026-04-26,
OI3001339,2026-04-26 19:34:00,C02149,P00668,S024,2,73520.93,0.05,132337.67,CARD,cancelled,2026-04-26,
OI3001340,2026-04-26 19:46:00,C02172,P00324,S007,1,2068.6,0.2,2068.6,WALLET,returned,2026-04-26,
OI3001341,2026-04-26 02:15:00,C00887,P00304,S052,6,24954.79,0.2,149728.74,COD,returned,2026-04-26,NEW10
OI3001342,2026-04-26 06:21:00,C01375,P00689,S033,2,50562.19,0.1,91011.94,COD,cancelled,2026-04-26,
OI3001343,2026-04-26 04:17:00,C00467,P00350,S007,2,33985.86,0.0,67971.72,UPI,returned,2026-04-26,
OI3001344,2026-04-26 10:50:00,C00338,P00751,S069,2,47815.45,0.2,90849.35,WALLET,shipped,2026-04-26,
OI3001345,2026-04-26 05:19:00,C01618,P00346,S028,4,21611.47,0.0,NaN_TEXT,UPI,returned,2026-04-26,NEW10
OI3001346,2026-04-26 21:44:00,C01975,P00634,S063,3,unknown,0.1,bad_amount,COD,cancelled,2026-04-26,
OI3001347,2026-04-26 23:26:00,C01249,P00034,S073,2,26173.66,0.0,52347.32,NETBANKING,cancelled,2026-04-26,
OI3001348,2026-04-26 07:19:00,C00738,P00373,S022,2,41626.23,0.0,79089.84,CARD,returned,2026-04-26,NEW10
OI3001349,2026-04-26 06:34:00,C01209,P00709,S071,5,53199.1,0.0,252695.72,COD,cancelled,2026-04-26,
OI3001350,2026-04-26 16:50:00,C00663,P00778,S011,6,80127.23,0.0,384610.7,COD,cancelled,2026-04-26,NEW10
OI3001351,2026-04-26 02:00:00,C02157,P00786,S006,3,68208.61,0.05,194394.54,COD,cancelled,2026-04-26,
OI3001352,2026-04-26 07:52:00,C00890,P00027,S002,4,80091.77,0.1,288330.37,NETBANKING,cancelled,2026-04-26,
OI3001353,2026-04-26 16:34:00,C00601,P00217,S045,1,77087.8,0.05,61670.24,NETBANKING,returned,2026-04-26,
OI3001354,2026-04-26 10:28:00,C01148,P00267,S039,2,59535.27,0.05,119070.54,WALLET,returned,2026-04-26,NEW10
OI3001355,2026-04-26 19:09:00,C02316,P00420,S051,4,86910.74,0.2,278114.37,NETBANKING,returned,2026-04-26,
OI3001356,2026-04-26 07:09:00,C01551,P00772,S056,1,21283.3,0.2,20219.13,UPI,returned,2026-04-26,
OI3001357,2026-04-18 23:00:00,C00646,P00323,S063,2,41464.68,0.0,74636.42,CARD,shipped,2026-04-26,FESTIVE20
OI3001358,2026-04-26 15:53:00,C00943,P00205,S068,4,unknown,0.0,bad_amount,CARD,returned,2026-04-26,
OI3001359,2026-04-26 08:09:00,C01178,P00076,S029,6,65585.96,0.0,373839.97,WALLET,delivered,2026-04-26,
OI3001360,2026-04-26 08:40:00,C02003,P00291,S034,5,85457.95,0.1,405925.26,NETBANKING,cancelled,2026-04-26,
OI3001361,2026-04-26 11:47:00,C01085,P00203,S070,6,24833.93,0.1,141553.4,UPI,delivered,2026-04-26,
OI3001362,2026-04-26 07:45:00,C01852,P00029,S009,2,24207.09,0.05,45993.47,COD,cancelled,2026-04-26,
OI3001363,2026-04-26 18:54:00,C01361,P00077,S038,6,83992.66,0.1,503955.96,COD,cancelled,2026-04-26,
OI3001364,2026-04-26 03:02:00,C02193,P00243,S031,3,35974.1,0.1,97130.07,NETBANKING,delivered,2026-04-26,
OI3001365,2026-04-26 14:54:00,C00098,P00644,S070,3,74191.25,0.05,211445.06,WALLET,delivered,2026-04-26,
OI3001366,2026-04-26 18:57:00,C01640,P00434,S062,6,66817.96,0.1,360816.98,CARD,delivered,2026-04-26,
OI3001367,2026-04-26 19:21:00,C02201,P00220,S028,1,30894.86,0.05,24715.89,COD,shipped,2026-04-26,
OI3001368,2026-04-26 06:45:00,C01209,P00030,S030,1,36930.25,0.2,33237.22,CARD,cancelled,2026-04-26,
OI3001369,2026-04-26 00:02:00,C01132,P00185,S059,1,23407.15,0.05,18725.72,CARD,cancelled,2026-04-26,
OI3001370,2026-04-26 16:57:00,C02095,P00046,S058,4,33334.36,0.2,120003.7,UPI,returned,2026-04-26,
OI3001371,2026-04-26 07:39:00,C01422,P00437,S054,2,78191.92,0.1,140745.46,COD,returned,2026-04-26,
OI3001372,2026-04-26 07:27:00,C00358,P00705,S020,3,51936.03,0.2,140227.28,NETBANKING,shipped,2026-04-26,NEW10
OI3001373,2026-04-26 08:57:00,C00497,P00333,S055,6,12534.77,0.1,75208.62,COD,delivered,2026-04-26,
OI3001374,2026-04-26 23:01:00,C00666,P00768,S072,4,unknown,0.1,bad_amount,CARD,shipped,2026-04-26,
OI3001375,2026-04-26 10:54:00,C01193,P00085,S017,1,8844.99,0.1,8402.74,NETBANKING,cancelled,2026-04-26,NEW10
OI3001376,2026-04-18 04:00:00,C02007,P00650,S062,3,19012.41,0.2,54185.37,NETBANKING,returned,2026-04-26,
OI3001377,2026-04-26 19:26:00,C00046,P00499,S056,3,2275.21,0.0,5460.5,CARD,returned,2026-04-26,NEW10
OI3001378,2026-04-26 19:56:00,C01181,P00714,S005,1,78202.6,0.1,70382.34,COD,returned,2026-04-26,
OI3001379,2026-04-26 07:00:00,C00753,P00453,S030,5,7391.19,0.05,35108.15,WALLET,returned,2026-04-26,
OI3001380,2026-04-26 04:29:00,C01291,P00572,S033,4,83512.41,0.2,317347.16,COD,cancelled,2026-04-26,
OI3001381,2026-04-26 23:31:00,C02219,P00474,S061,4,29119.69,0.2,104830.88,COD,delivered,2026-04-26,
OI3001382,2026-04-26 12:42:00,C00038,P00614,S056,5,31775.22,0.0,150932.3,UPI,delivered,2026-04-26,
OI3001383,2026-04-26 22:54:00,C00188,P00167,S032,6,65097.56,0.0,351526.82,WALLET,delivered,2026-04-26,
OI3001384,2026-04-26 09:41:00,C01779,P00670,S017,2,38746.57,0.1,77493.14,WALLET,shipped,2026-04-26,
OI3001385,2026-04-26 10:56:00,C02085,P00262,S053,3,59101.17,0.2,177303.51,NETBANKING,cancelled,2026-04-26,
OI3001386,2026-04-26 13:25:00,C00829,P00015,S026,6,83918.53,0.0,402808.94,COD,shipped,2026-04-26,
OI3001387,2026-04-26 09:07:00,C00571,P00024,S038,4,59644.64,0.1,226649.63,NETBANKING,cancelled,2026-04-26,
OI3001388,2026-04-26 02:05:00,C00989,P00110,S043,2,85862.06,0.05,154551.71,COD,returned,2026-04-26,NEW10
OI3001389,2026-04-26 09:52:00,C01306,,S045,6,14454.91,0.2,82392.99,UPI,shipped,2026-04-26,
OI3001390,2026-04-26 03:22:00,C01657,P00203,S002,2,24833.93,0.2,49667.86,UPI,cancelled,2026-04-26,
OI3001391,2026-04-16 01:00:00,C00674,P00012,S021,4,23734.04,0.05,85442.54,COD,shipped,2026-04-26,
OI3001392,2026-04-26 10:25:00,C02422,P00210,S053,1,58841.88,0.2,52957.69,COD,cancelled,2026-04-26,NEW10
OI3001393,2026-04-26 05:26:00,C01321,P00709,S073,4,53199.1,0.2,202156.58,WALLET,returned,2026-04-26,NEW10
OI3001394,2026-04-26 17:12:00,C01969,P00293,S006,3,8044.48,0.0,21720.1,WALLET,cancelled,2026-04-26,FESTIVE20
OI3001395,2026-04-26 20:44:00,C01603,P00727,S012,5,68215.7,0.0,324024.58,CARD,cancelled,2026-04-26,
OI3001396,2026-04-26 11:23:00,C02240,P00284,S027,2,43325.42,0.2,69320.67,NETBANKING,cancelled,2026-04-26,
OI3001397,2026-04-26 00:28:00,C02126,P00642,S022,1,3715.45,0.2,2972.36,COD,delivered,2026-04-26,
OI3001398,2026-04-26 20:59:00,C00118,P00443,S070,1,39002.43,0.2,31201.94,WALLET,shipped,2026-04-26,
OI3001399,2026-04-26 05:21:00,C01389,P00657,S028,1,12030.66,0.1,12030.66,NETBANKING,returned,2026-04-26,
OI3001400,2026-04-26 21:44:00,C00426,P00766,S033,2,28210.93,0.2,45137.49,CARD,shipped,2026-04-26,
OI3001401,2026-04-26 20:03:00,C00257,P00393,S058,3,84892.48,0.2,254677.44,WALLET,shipped,2026-04-26,
OI3001402,2026-04-26 21:06:00,C00624,P00511,S068,5,73756.93,0.2,368784.65,WALLET,delivered,2026-04-26,FESTIVE20
OI3001403,2026-04-26 03:35:00,C00958,P00531,S048,1,77911.66,0.2,62329.33,COD,shipped,2026-04-26,
OI3001404,2026-04-26 12:45:00,C00089,P00568,S070,3,3769.83,0.05,9047.59,WALLET,returned,2026-04-26,FESTIVE20
OI3001405,2026-04-26 07:59:00,C00167,P00186,S060,3,52875.22,0.05,158625.66,WALLET,shipped,2026-04-26,
OI3001406,2026-04-26 06:47:00,C01972,P00102,S041,4,56829.74,0.2,227318.96,CARD,cancelled,2026-04-26,
OI3001407,2026-04-26 09:03:00,C01716,P00007,S042,2,26020.02,0.2,52040.04,NETBANKING,shipped,2026-04-26,
OI3001408,2026-04-26 02:28:00,C00901,P00041,S033,2,70646.68,0.1,113034.69,NETBANKING,shipped,2026-04-26,
OI3001409,2026-04-26 13:57:00,C00771,P00790,S068,2,50083.64,0.1,90150.55,COD,shipped,2026-04-26,
OI3001410,2026-04-26 20:16:00,C01860,P00629,S064,6,84599.41,0.1,507596.46,UPI,shipped,2026-04-26,
OI3001411,2026-04-26 21:30:00,C01572,P00522,S054,3,7540.18,0.0,22620.54,COD,shipped,2026-04-26,
OI3001412,2026-04-26 15:53:00,C02449,P00191,S008,1,35912.33,0.0,34116.71,UPI,returned,2026-04-26,
OI3001413,2026-04-26 01:43:00,C00116,P00127,S036,2,51755.42,0.1,93159.76,UPI,cancelled,2026-04-26,
OI3001414,2026-04-26 03:03:00,C02065,P00710,S032,4,87048.32,0.1,278554.62,COD,cancelled,2026-04-26,
OI3001415,2026-04-14 04:00:00,C01393,P00097,S022,6,23401.12,0.05,112325.38,CARD,shipped,2026-04-26,
OI3001416,2026-04-26 23:27:00,C02493,P00517,S033,1,1030.32,0.1,927.29,NETBANKING,shipped,2026-04-26,
OI3001417,2026-04-26 06:22:00,C00643,P00691,S014,3,26467.14,0.0,71461.28,UPI,delivered,2026-04-26,
OI3001418,2026-04-26 10:31:00,C00091,P00060,S021,6,28646.51,0.1,171879.06,CARD,cancelled,2026-04-26,
OI3001419,2026-04-26 01:29:00,C02037,P00173,S038,2,69911.56,0.05,132831.96,WALLET,cancelled,2026-04-26,
OI3001420,2026-04-26 09:36:00,C00189,P00790,S005,6,50083.64,0.2,300501.84,CARD,delivered,2026-04-26,
OI3001421,2026-04-26 17:07:00,C02494,P00123,S057,5,30615.63,0.0,153078.15,WALLET,returned,2026-04-26,
OI3001422,2026-04-26 18:51:00,C02056,P00037,S029,1,27187.86,0.1,27187.86,UPI,delivered,2026-04-26,NEW10
OI3001423,2026-04-26 18:44:00,C01271,P00746,S033,1,2911.66,0.05,2620.49,CARD,delivered,2026-04-26,
OI3001424,2026-04-26 05:19:00,C00204,P00141,S001,6,7162.54,0.05,40826.48,WALLET,shipped,2026-04-26,
OI3001425,2026-04-26 03:49:00,C01919,P00470,S067,6,44361.62,0.05,212935.78,CARD,delivered,2026-04-26,NEW10
OI3001426,2026-04-26 07:29:00,C01641,P00188,S031,4,60213.53,0.1,216768.71,WALLET,cancelled,2026-04-26,
OI3001427,2026-04-26 14:53:00,C01533,P00282,S045,5,64961.56,0.1,324807.8,COD,returned,2026-04-26,
OI3001428,2026-04-26 01:18:00,C01377,P00549,S071,4,67394.88,0.0,242621.57,NETBANKING,delivered,2026-04-26,NEW10
OI3001429,2026-04-26 12:34:00,C02458,P00347,S019,4,5351.49,0.05,19265.36,CARD,shipped,2026-04-26,
OI3001430,2026-04-26 00:24:00,C02212,P00027,S028,4,80091.77,0.05,288330.37,CARD,cancelled,2026-04-26,NEW10
OI3001431,2026-04-21 12:00:00,C01533,P00184,S003,2,57337.67,0.05,108941.57,WALLET,returned,2026-04-26,
OI3001432,2026-04-26 20:55:00,C00426,P00110,S026,4,85862.06,0.2,309103.42,NETBANKING,returned,2026-04-26,
OI3001433,2026-04-26 19:50:00,C01753,P00663,S028,2,13370.7,0.0,25404.33,WALLET,shipped,2026-04-26,NEW10
OI3001434,2026-04-26 22:06:00,C01699,P00331,S058,4,75229.69,0.2,240735.01,CARD,returned,2026-04-26,
OI3001435,2026-04-26 19:31:00,C02106,P00584,S030,3,unknown,0.0,bad_amount,NETBANKING,delivered,2026-04-26,
OI3001436,2026-04-26 00:38:00,C01108,P00200,S021,2,53037.26,0.0,106074.52,COD,cancelled,2026-04-26,
OI3001437,2026-04-26 11:59:00,C01164,P00482,S033,4,34919.69,0.1,111743.01,COD,returned,2026-04-26,
OI3001438,2026-04-26 03:21:00,C01842,P00132,S033,2,65508.38,0.2,104813.41,NETBANKING,shipped,2026-04-26,NEW10
OI3001439,2026-04-17 16:00:00,C01239,P00615,S033,2,89289.59,0.1,142863.34,WALLET,delivered,2026-04-26,
OI3001440,2026-04-26 15:10:00,C01242,P00054,S020,3,17827.3,0.2,53481.9,UPI,returned,2026-04-26,
OI3001441,2026-04-26 14:04:00,C02096,P00057,S024,4,55389.84,0.05,199403.42,WALLET,shipped,2026-04-26,
OI3001442,2026-04-26 17:12:00,C00041,P00035,S036,4,49801.37,0.0,199205.48,WALLET,returned,2026-04-26,NEW10
OI3001443,2026-04-26 07:13:00,C00386,P00731,S059,1,56245.76,0.1,NaN_TEXT,CARD,cancelled,2026-04-26,
OI3001444,2026-04-26 23:42:00,C00769,P00097,S050,6,23401.12,0.1,126366.05,UPI,shipped,2026-04-26,
OI3001445,2026-04-26 04:29:00,C00831,P00390,S020,4,19279.15,0.0,77116.6,NETBANKING,returned,2026-04-26,
OI3001446,2026-04-26 05:16:00,C00386,P00382,S049,3,43163.29,0.0,103591.9,WALLET,shipped,2026-04-26,NEW10
OI3001447,2026-04-26 21:56:00,C00757,P00501,S021,3,25843.62,0.2,77530.86,CARD,cancelled,2026-04-26,
OI3001448,2026-04-26 23:19:00,C00138,P00064,S032,3,25634.15,0.0,61521.96,WALLET,delivered,2026-04-26,NEW10
OI3001449,2026-04-26 12:31:00,C01437,P00085,S032,4,8844.99,0.2,28303.97,UPI,cancelled,2026-04-26,
OI3001450,2026-04-26 00:25:00,C01434,P00302,S045,1,2251.07,0.2,2025.96,WALLET,shipped,2026-04-26,
OI3001451,2026-04-26 18:27:00,C00592,P00398,S050,1,86219.46,0.0,81908.49,WALLET,delivered,2026-04-26,NEW10
OI3001452,2026-04-26 10:00:00,C02162,P00533,S039,6,71506.81,0.0,429040.86,NETBANKING,shipped,2026-04-26,FESTIVE20
OI3001453,2026-04-26 22:04:00,C02109,P00665,S020,3,48528.2,0.1,NaN_TEXT,WALLET,shipped,2026-04-26,
OI3001454,2026-04-26 20:32:00,C01727,P00373,S073,1,41626.23,0.1,39544.92,UPI,delivered,2026-04-26,NEW10
OI3001455,2026-04-26 16:46:00,C02133,P00150,S006,2,30918.13,0.2,55652.63,WALLET,returned,2026-04-26,
OI3001456,2026-04-26 17:24:00,C01668,P00201,S061,1,44375.05,0.1,44375.05,COD,delivered,2026-04-26,
OI3001457,2026-04-26 17:44:00,C01548,P00286,S068,3,86705.09,0.0,234103.74,COD,shipped,2026-04-26,
OI3001458,2026-04-26 07:38:00,C02143,P00463,S011,6,25685.87,0.1,146409.46,WALLET,returned,2026-04-26,NEW10
OI3001459,2026-04-26 15:55:00,C02404,P00264,S021,1,8603.44,0.0,6882.75,UPI,delivered,2026-04-26,
OI3001460,2026-04-26 00:34:00,C00044,P00111,S035,1,83018.04,0.05,66414.43,COD,shipped,2026-04-26,
OI3001461,2026-04-26 23:25:00,C02173,P00212,S004,4,65425.73,0.1,248617.77,COD,cancelled,2026-04-26,FESTIVE20
OI3001462,2026-04-26 10:31:00,C02345,P00015,S019,4,83918.53,0.0,318890.41,NETBANKING,cancelled,2026-04-26,NEW10
OI3001463,2026-04-26 11:12:00,C01308,P00515,S066,1,1538.5,0.1,1384.65,WALLET,shipped,2026-04-26,
OI3001464,2026-04-26 15:18:00,C00254,P00492,S052,3,27240.35,0.05,77635.0,CARD,returned,2026-04-26,
OI3001465,2026-04-26 16:50:00,C02223,P00413,S057,2,81415.77,0.05,146548.39,UPI,shipped,2026-04-26,
OI3001466,2026-04-26 01:36:00,C02040,P00646,S052,1,54586.6,0.05,49127.94,UPI,returned,2026-04-26,NEW10
OI3001467,2026-04-26 04:24:00,C00551,P00694,S019,5,unknown,0.05,bad_amount,CARD,delivered,2026-04-26,NEW10
OI3001468,2026-04-26 02:30:00,C01234,P00151,S024,3,76903.69,0.2,184568.86,UPI,shipped,2026-04-26,
OI3001469,2026-04-26 23:15:00,C00616,P00136,S011,3,40253.57,0.0,120760.71,UPI,delivered,2026-04-26,
OI3001470,2026-04-26 22:41:00,C02395,P00262,S044,6,59101.17,0.05,336876.67,CARD,shipped,2026-04-26,
OI3001471,2026-04-26 11:42:00,C01484,P00678,S062,3,85826.41,0.2,244605.27,UPI,cancelled,2026-04-26,
OI3001472,2026-04-26 23:19:00,C01382,P00167,S054,5,65097.56,0.2,260390.24,WALLET,cancelled,2026-04-26,
OI3001473,2026-04-26 21:04:00,C00532,P00683,S020,5,30669.06,0.05,122676.24,WALLET,shipped,2026-04-26,NEW10
OI3001474,2026-04-26 19:42:00,C00835,P00649,S018,5,58841.77,0.0,235367.08,NETBANKING,cancelled,2026-04-26,
OI3001475,2026-04-26 03:51:00,C00242,P00148,S038,3,63834.05,0.1,172351.94,WALLET,shipped,2026-04-26,
OI3001476,2026-04-26 07:36:00,C00283,P00563,S043,3,22984.94,0.05,55163.86,UPI,shipped,2026-04-26,
OI3001477,2026-04-26 13:47:00,C01029,P00710,S035,6,87048.32,0.0,522289.92,UPI,shipped,2026-04-26,
OI3001478,2026-04-26 06:42:00,C00544,P00427,S048,6,87547.32,0.1,420227.14,NETBANKING,returned,2026-04-26,
OI3001479,2026-04-26 23:06:00,C01408,P00132,S031,3,65508.38,0.2,176872.63,CARD,cancelled,2026-04-26,
OI3001480,2026-04-26 04:09:00,C01377,P00098,S065,5,52116.36,0.2,260581.8,UPI,shipped,2026-04-26,FESTIVE20
OI3001481,2026-04-26 07:40:00,C01947,P00748,S048,1,33758.25,0.2,27006.6,COD,returned,2026-04-26,
OI3001482,2026-04-26 20:53:00,C01962,P00292,S064,4,42029.99,0.0,159713.96,WALLET,cancelled,2026-04-26,
OI3001483,2026-04-26 22:39:00,C01823,P00538,S038,4,50198.57,0.2,180714.85,COD,cancelled,2026-04-26,
OI3001484,2026-04-26 06:12:00,C01630,P00073,S051,4,79505.04,0.2,302119.15,NETBANKING,delivered,2026-04-26,
OI3001485,2026-04-26 18:44:00,C01856,P00258,S060,1,68644.21,0.2,65212.0,NETBANKING,returned,2026-04-26,
OI3001486,2026-04-26 19:00:00,C01413,P00387,S028,4,85717.48,0.2,325726.42,UPI,delivered,2026-04-26,NEW10
OI3001487,2026-04-26 06:25:00,C00011,P00235,S063,3,20332.68,0.0,60998.04,COD,returned,2026-04-26,NEW10
OI3001488,2026-04-26 00:34:00,C02032,P00253,S061,4,55610.55,0.05,200197.98,WALLET,delivered,2026-04-26,
OI3001489,2026-04-26 09:50:00,C01144,P00568,S010,1,3769.83,0.05,3015.86,WALLET,shipped,2026-04-26,
OI3001490,2026-04-26 15:54:00,C02237,P00417,S013,5,72983.1,0.0,291932.4,UPI,shipped,2026-04-26,
OI3001491,2026-04-26 18:06:00,C00440,P00568,S034,5,3769.83,0.2,16964.24,COD,shipped,2026-04-26,
OI3001492,2026-04-15 01:00:00,C02479,P00556,S075,6,78737.66,0.2,425183.36,WALLET,delivered,2026-04-26,
OI3001493,2026-04-26 16:41:00,C00861,P00163,S032,5,52247.79,0.1,248177.0,CARD,delivered,2026-04-26,NEW10
OI3001494,2026-04-26 02:16:00,C00871,P00284,S019,3,43325.42,0.2,123477.45,UPI,shipped,2026-04-26,FESTIVE20
OI3001495,2026-04-26 06:30:00,C00813,P00296,S025,4,64201.56,0.2,231125.62,CARD,delivered,2026-04-26,
OI3001496,2026-04-26 02:06:00,C00975,P00278,S035,1,50694.44,0.2,45625.0,WALLET,shipped,2026-04-26,NEW10
OI3001497,2026-04-26 05:25:00,C00144,P00054,S013,1,17827.3,0.05,16935.93,CARD,cancelled,2026-04-26,FESTIVE20
OI3001498,2026-04-26 07:29:00,C01820,P00723,S033,5,39476.59,0.0,157906.36,WALLET,returned,2026-04-26,NEW10
OI3001499,2026-04-26 09:15:00,C01460,P00113,S007,6,14947.56,0.1,85201.09,NETBANKING,shipped,2026-04-26,
OI3001500,2026-04-26 22:05:00,C01637,P00674,S030,3,58244.12,0.2,139785.89,COD,delivered,2026-04-26,
OI3001501,2026-04-26 09:50:00,C01961,P00291,S070,5,85457.95,0.05,384560.78,UPI,delivered,2026-04-26,
OI3001502,2026-04-26 08:16:00,C00148,P00444,S066,3,6096.19,0.1,16459.71,CARD,cancelled,2026-04-26,
OI3001503,2026-04-26 07:16:00,C02102,P00743,S046,5,51487.64,0.05,244566.29,WALLET,cancelled,2026-04-26,NEW10
OI3001504,2026-04-26 09:35:00,C00157,P00295,S004,6,37814.51,0.0,204198.35,NETBANKING,shipped,2026-04-26,
OI3001505,2026-04-26 12:48:00,C02350,P00569,S056,5,24215.81,0.05,108971.15,CARD,delivered,2026-04-26,
OI3001506,2026-04-26 00:39:00,C01164,P00162,S059,1,26013.63,0.1,26013.63,CARD,delivered,2026-04-26,
OI3001507,2026-04-26 13:07:00,C02226,P00308,S063,3,57581.59,0.05,138195.82,COD,shipped,2026-04-26,
OI3001508,2026-04-26 17:41:00,C00610,P00121,S042,4,45170.92,0.2,162615.31,WALLET,shipped,2026-04-26,
OI3001509,2026-04-26 01:22:00,C01556,P00415,S073,1,64743.01,0.0,58268.71,WALLET,returned,2026-04-26,NEW10
OI3001510,2026-04-26 11:13:00,C00498,P00439,S037,6,35995.69,0.1,205175.43,COD,cancelled,2026-04-26,
OI3001511,2026-04-26 05:33:00,C02125,P00730,S057,2,unknown,0.05,bad_amount,WALLET,delivered,2026-04-26,
OI3001512,2026-04-26 05:15:00,C02427,P00772,S032,3,21283.3,0.1,51079.92,COD,cancelled,2026-04-26,FESTIVE20
OI3001513,2026-04-26 16:18:00,C02435,P00032,S024,1,30049.26,0.05,24039.41,NETBANKING,returned,2026-04-26,NEW10
OI3001514,2026-04-26 08:07:00,C01975,P00686,S052,3,81005.35,0.1,194412.84,COD,returned,2026-04-26,
OI3001515,2026-04-26 04:09:00,C00255,P00349,S033,1,40355.58,0.05,40355.58,CARD,cancelled,2026-04-26,NEW10
OI3001516,2026-04-26 00:19:00,C00592,P00777,S039,2,72195.28,0.2,144390.56,COD,shipped,2026-04-26,
OI3001517,2026-04-26 05:05:00,C00482,P00012,S013,2,23734.04,0.0,42721.27,UPI,shipped,2026-04-26,FESTIVE20
OI3001518,2026-04-26 18:27:00,C00196,P00326,S009,6,85265.81,0.2,460435.37,WALLET,cancelled,2026-04-26,
OI3001519,2026-04-26 04:17:00,C00106,P00613,S032,3,53873.42,0.0,145458.23,CARD,cancelled,2026-04-26,NEW10
OI3001520,2026-04-26 20:29:00,C02184,P00658,S037,1,unknown,0.2,bad_amount,COD,delivered,2026-04-26,
OI3001521,2026-04-26 10:44:00,C01709,P00708,S003,5,63644.84,0.2,286401.78,COD,cancelled,2026-04-26,
OI3001522,2026-04-26 20:32:00,C00106,P00168,S018,3,unknown,0.2,bad_amount,UPI,cancelled,2026-04-26,FESTIVE20
OI3001523,2026-04-26 17:17:00,C00817,P00321,S002,4,11658.52,0.05,37307.26,UPI,cancelled,2026-04-26,
OI3001524,2026-04-26 23:08:00,C00114,P00712,S070,5,86349.23,0.2,431746.15,WALLET,delivered,2026-04-26,NEW10
OI3001525,2026-04-21 09:00:00,C01404,P00323,S020,6,41464.68,0.2,199030.46,NETBANKING,returned,2026-04-26,
OI3001526,2026-04-26 19:18:00,C02300,P00278,S075,4,50694.44,0.05,202777.76,COD,shipped,2026-04-26,
OI3001527,2026-04-26 10:29:00,C00958,P00147,S061,3,53949.22,0.0,161847.66,UPI,shipped,2026-04-26,NEW10
OI3001528,2026-04-26 03:49:00,C01321,P00349,S020,1,40355.58,0.1,32284.46,WALLET,delivered,2026-04-26,
OI3001529,2026-04-26 02:17:00,C02357,P00122,S045,2,45035.48,0.05,90070.96,CARD,delivered,2026-04-26,FESTIVE20
OI3001530,2026-04-26 02:37:00,C01800,P00751,S049,1,47815.45,0.0,47815.45,NETBANKING,delivered,2026-04-26,
OI3001531,2026-04-26 20:57:00,C00393,P00480,S001,6,80821.7,0.05,460683.69,CARD,cancelled,2026-04-26,
OI3001532,2026-04-26 11:01:00,C00399,P00572,S018,5,83512.41,0.2,375805.85,COD,returned,2026-04-26,
OI3001533,2026-04-26 05:46:00,C01713,P00169,S069,2,41370.63,0.0,82741.26,COD,cancelled,2026-04-26,
OI3001534,2026-04-26 12:15:00,C00767,P00213,S054,3,68661.56,0.0,185386.21,UPI,returned,2026-04-26,
OI3001535,2026-04-26 11:54:00,C01326,P00381,S014,1,40514.44,0.0,40514.44,NETBANKING,returned,2026-04-26,
OI3001536,2026-04-26 21:29:00,C01014,P00613,S011,2,53873.42,0.05,102359.5,COD,delivered,2026-04-26,
OI3001537,2026-04-26 06:56:00,C00612,P00009,S003,2,71925.36,0.0,129465.65,UPI,returned,2026-04-26,
OI3001538,2026-04-26 07:20:00,C02029,P00774,S013,4,65685.6,0.1,262742.4,UPI,cancelled,2026-04-26,
OI3001539,2026-04-26 10:43:00,C02117,P00756,S042,5,66406.1,0.1,315428.97,COD,shipped,2026-04-26,
OI3001540,2026-04-26 16:17:00,C00034,P00721,S005,2,40942.26,0.05,65507.62,WALLET,shipped,2026-04-26,
OI3001541,2026-04-26 18:00:00,C00653,P00314,S065,1,87369.41,0.1,78632.47,COD,returned,2026-04-26,FESTIVE20
OI3001542,2026-04-26 06:28:00,C02095,P00360,S027,5,53919.75,0.05,256118.81,COD,cancelled,2026-04-26,NEW10
OI3001543,2026-04-26 19:09:00,C00399,P00641,S043,1,3019.0,0.2,2868.05,NETBANKING,returned,2026-04-26,
OI3001544,2026-04-26 03:16:00,C00782,P00510,S005,2,44067.06,0.05,79320.71,NETBANKING,cancelled,2026-04-26,
OI3001545,2026-04-26 13:54:00,C00182,P00018,S069,3,57158.76,0.2,NaN_TEXT,WALLET,returned,2026-04-26,NEW10
OI3001546,2026-04-26 07:56:00,C00616,P00721,S011,3,40942.26,0.05,NaN_TEXT,WALLET,shipped,2026-04-26,
OI3001547,2026-04-26 16:12:00,C01841,P00251,S061,4,16028.07,0.1,60906.67,NETBANKING,cancelled,2026-04-26,
OI3001548,2026-04-26 00:22:00,C02269,P00434,S062,2,66817.96,0.2,126954.12,WALLET,returned,2026-04-26,
OI3001549,2026-04-26 08:56:00,C01521,P00595,S035,6,6139.0,0.2,36834.0,COD,returned,2026-04-26,
OI3001550,2026-04-26 22:16:00,C01285,P00562,S029,2,35295.39,0.1,56472.62,UPI,returned,2026-04-26,
OI3001551,2026-04-26 07:04:00,C00869,P00680,S042,2,70711.89,0.1,127281.4,COD,delivered,2026-04-26,NEW10
OI3001552,2026-04-26 10:19:00,C01652,P00403,S067,1,79230.44,0.05,63384.35,WALLET,returned,2026-04-26,
OI3001553,2026-04-26 09:33:00,C00029,P00658,S047,5,unknown,0.05,bad_amount,CARD,delivered,2026-04-26,
OI3001554,2026-04-26 01:38:00,C02305,P00412,S043,6,11828.04,0.2,67419.83,CARD,delivered,2026-04-26,
OI3001555,2026-04-26 10:02:00,C00420,P00245,S041,2,66678.53,0.1,133357.06,WALLET,shipped,2026-04-26,
OI3001556,2026-04-26 09:23:00,C00979,P00513,S018,3,72010.17,0.05,194427.46,NETBANKING,returned,2026-04-26,NEW10
OI3001557,2026-04-26 10:58:00,C01934,P00666,S052,4,36707.68,0.05,117464.58,WALLET,shipped,2026-04-26,
OI3001558,2026-04-26 15:43:00,C02254,P00750,S034,4,62995.9,0.05,201586.88,WALLET,cancelled,2026-04-26,FESTIVE20
OI3001559,2026-04-26 19:14:00,C01814,P00667,S061,1,83084.21,0.2,83084.21,CARD,returned,2026-04-26,
OI3001560,2026-04-26 07:50:00,C01052,P00501,S054,4,25843.62,0.0,93037.03,CARD,cancelled,2026-04-26,NEW10
OI3001561,2026-04-26 22:18:00,C01095,P00545,S041,5,77517.8,0.0,348830.1,COD,delivered,2026-04-26,FESTIVE20
OI3001562,2026-04-26 04:57:00,C00097,P00699,S021,6,67726.99,0.1,365725.75,COD,returned,2026-04-26,
OI3001563,2026-04-26 01:15:00,C02293,P00606,S054,6,34480.9,0.0,206885.4,COD,returned,2026-04-26,
OI3001564,2026-04-26 14:57:00,C01405,P00112,S019,4,87331.64,0.2,331860.23,COD,cancelled,2026-04-26,
OI3001565,2026-04-26 17:14:00,C00269,P00791,S039,3,54939.76,0.1,148337.35,CARD,cancelled,2026-04-26,
OI3001566,2026-04-26 22:51:00,C01095,P00152,S068,2,23071.88,0.0,46143.76,WALLET,delivered,2026-04-26,
OI3001567,2026-04-26 11:58:00,C00049,P00506,S065,2,67853.0,0.1,135706.0,NETBANKING,returned,2026-04-26,
OI3001568,2026-04-26 20:54:00,C00933,P00441,S025,2,30411.38,0.0,54740.48,UPI,returned,2026-04-26,
OI3001569,2026-04-26 16:46:00,C00772,P00016,S030,3,12387.77,0.05,33446.98,CARD,delivered,2026-04-26,
OI3001570,2026-04-26 10:33:00,C01684,P00612,S053,6,33713.28,0.05,182051.71,WALLET,delivered,2026-04-26,
OI3001571,2026-04-26 00:21:00,C01987,P00792,S011,2,89381.89,0.1,178763.78,WALLET,shipped,2026-04-26,NEW10
OI3001572,2026-04-26 07:53:00,C00377,P00439,S027,4,35995.69,0.2,143982.76,CARD,shipped,2026-04-26,
OI3001573,2026-04-26 17:52:00,C00765,P00698,S051,5,75744.73,0.2,378723.65,COD,delivered,2026-04-26,
OI3001574,2026-04-26 15:43:00,C00879,P00177,S036,5,12844.15,0.0,61009.71,CARD,shipped,2026-04-26,NEW10
OI3001575,2026-04-26 05:56:00,C02145,,S051,6,47717.1,0.1,286302.6,COD,returned,2026-04-26,
OI3001576,2026-04-26 13:14:00,C01244,P00039,S029,6,6961.32,0.05,37591.13,UPI,returned,2026-04-26,
OI3001577,2026-04-26 02:09:00,C01898,P00347,S060,6,5351.49,0.2,32108.94,NETBANKING,returned,2026-04-26,
OI3001578,2026-04-26 23:16:00,C00709,P00727,S023,5,68215.7,0.05,341078.5,UPI,cancelled,2026-04-26,NEW10
OI3001579,2026-04-26 12:38:00,C02316,P00165,S017,1,54914.34,0.0,54914.34,WALLET,shipped,2026-04-26,
OI3001580,2026-04-26 03:51:00,C02381,P00345,S052,4,60209.96,0.05,192671.87,COD,cancelled,2026-04-26,
OI3001581,2026-04-26 11:34:00,C01351,P00213,S048,1,68661.56,0.05,54929.25,UPI,cancelled,2026-04-26,FESTIVE20
OI3001582,2026-04-26 21:13:00,C00336,P00225,S044,4,28968.34,0.2,110079.69,COD,delivered,2026-04-26,
OI3001583,2026-04-26 11:03:00,C01621,P00025,S019,6,31334.27,0.0,169205.06,NETBANKING,delivered,2026-04-26,NEW10
OI3001584,2026-04-14 10:00:00,C00357,P00229,S012,6,78587.43,0.1,377219.66,WALLET,delivered,2026-04-26,
OI3001585,2026-04-26 09:55:00,C00636,P00114,S039,3,unknown,0.2,bad_amount,CARD,returned,2026-04-26,
OI3001586,2026-04-26 19:41:00,C02441,P00274,S056,2,8584.95,0.0,16311.41,NETBANKING,shipped,2026-04-26,
OI3001587,2026-04-26 12:58:00,C00603,P00039,S043,2,6961.32,0.0,11138.11,CARD,shipped,2026-04-26,FESTIVE20
OI3001588,2026-04-26 18:57:00,C01726,P00603,S022,6,86592.47,0.1,493577.08,WALLET,cancelled,2026-04-26,
OI3001589,2026-04-26 04:34:00,C01641,P00091,S023,5,7821.68,0.0,37152.98,WALLET,delivered,2026-04-26,
OI3001590,2026-04-26 02:57:00,C00844,P00617,S061,6,71882.12,0.0,409728.08,UPI,returned,2026-04-26,
OI3001591,2026-04-18 22:00:00,C00337,P00743,S020,4,51487.64,0.0,164760.45,UPI,cancelled,2026-04-26,FESTIVE20
OI3001592,2026-04-26 18:10:00,C01233,P00740,S034,5,59184.15,0.1,236736.6,UPI,shipped,2026-04-26,
OI3001593,2026-04-26 20:38:00,C00406,P00230,S064,4,57122.9,0.0,205642.44,UPI,returned,2026-04-26,
OI3001594,2026-04-26 00:18:00,C02404,P00790,S063,2,50083.64,0.0,95158.92,WALLET,returned,2026-04-26,NEW10
OI3001595,2026-04-26 17:21:00,C02447,P00529,S012,4,17985.15,0.0,68343.57,NETBANKING,cancelled,2026-04-26,
OI3001596,2026-04-26 21:36:00,C02300,P00721,S051,1,40942.26,0.2,40942.26,COD,delivered,2026-04-26,
OI3001597,2026-04-26 21:55:00,C00277,P00579,S069,2,66545.66,0.05,106473.06,COD,delivered,2026-04-26,
OI3001598,2026-04-26 06:01:00,C01512,P00133,S022,4,3662.81,0.0,14651.24,NETBANKING,returned,2026-04-26,NEW10
OI3001599,2026-04-26 05:51:00,C02079,P00103,S024,1,33555.66,0.2,33555.66,UPI,returned,2026-04-26,
OI3001600,2026-04-26 22:20:00,C00181,P00723,S024,1,39476.59,0.2,39476.59,COD,returned,2026-04-26,NEW10
OI3001601,2026-04-26 21:40:00,C00736,P00644,S072,3,74191.25,0.05,222573.75,CARD,returned,2026-04-26,FESTIVE20
OI3001602,2026-04-26 14:17:00,C01669,P00260,S001,1,41841.84,0.2,37657.66,WALLET,cancelled,2026-04-26,
OI3001603,2026-04-26 16:29:00,C00195,P00279,S061,4,33752.53,0.2,121509.11,UPI,shipped,2026-04-26,FESTIVE20
OI3001604,2026-04-26 15:15:00,C01573,P00483,S054,6,67274.79,0.0,403648.74,WALLET,cancelled,2026-04-26,NEW10
OI3001605,2026-04-26 22:52:00,C01606,P00593,S068,5,78473.17,0.0,392365.85,NETBANKING,shipped,2026-04-26,
OI3001606,2026-04-26 18:18:00,C00474,P00175,S002,5,58494.71,0.05,292473.55,COD,returned,2026-04-26,
OI3001607,2026-04-26 16:15:00,C02252,P00212,S028,3,65425.73,0.1,196277.19,CARD,returned,2026-04-26,
OI3001608,2026-04-26 17:50:00,C01206,P00091,S036,1,7821.68,0.0,7821.68,COD,delivered,2026-04-26,
OI3001609,2026-04-26 21:04:00,C01703,P00293,S041,4,8044.48,0.2,25742.34,NETBANKING,cancelled,2026-04-26,
OI3001610,2026-04-26 18:29:00,C00290,P00417,S043,4,72983.1,0.05,233545.92,NETBANKING,returned,2026-04-26,
OI3001611,2026-04-26 12:44:00,C02201,P00177,S053,5,12844.15,0.0,61009.71,CARD,cancelled,2026-04-26,FESTIVE20
OI3001612,2026-04-26 06:47:00,C00166,P00012,S071,6,23734.04,0.05,135284.03,UPI,returned,2026-04-26,
OI3001613,2026-04-26 09:01:00,C01593,P00073,S028,1,79505.04,0.05,75529.79,WALLET,cancelled,2026-04-26,FESTIVE20
OI3001614,2026-04-08 08:00:00,C01685,P00051,S007,5,62160.53,0.05,279722.39,UPI,cancelled,2026-04-26,
OI3001615,2026-04-26 07:26:00,C01663,P00270,S011,4,40733.2,0.1,130346.24,WALLET,cancelled,2026-04-26,
OI3001616,2026-04-26 07:12:00,C01673,P00262,S025,1,59101.17,0.2,53191.05,CARD,returned,2026-04-26,
OI3001617,2026-04-26 13:14:00,C02090,P00411,S002,3,3717.78,0.0,8922.67,COD,delivered,2026-04-26,
OI3001618,2026-04-26 01:06:00,C02035,P00340,S004,1,16426.26,0.05,14783.63,UPI,shipped,2026-04-26,
OI3001619,2026-04-26 02:25:00,C00075,P00398,S045,4,86219.46,0.05,310390.06,CARD,shipped,2026-04-26,
OI3001620,2026-04-26 02:06:00,C00673,P00287,S025,5,66589.78,0.05,299654.01,CARD,shipped,2026-04-26,
OI3001621,2026-04-26 04:50:00,C01584,P00258,S037,4,68644.21,0.0,260848.0,NETBANKING,delivered,2026-04-26,
OI3001622,2026-04-26 15:54:00,C02057,P00314,S027,6,87369.41,0.1,419373.17,COD,shipped,2026-04-26,
OI3001623,2026-04-26 18:31:00,C00825,P00227,S028,5,57830.24,0.0,231320.96,CARD,shipped,2026-04-26,
OI3001624,2026-04-26 15:45:00,C00700,P00590,S013,1,62602.53,0.1,59472.4,COD,delivered,2026-04-26,
OI3001625,2026-04-26 22:32:00,C01512,P00512,S049,6,57671.0,0.2,346026.0,COD,cancelled,2026-04-26,
OI3001626,2026-04-26 18:36:00,C02156,P00460,S012,5,58675.02,0.05,293375.1,COD,delivered,2026-04-26,NEW10
OI3001627,2026-04-26 00:41:00,C00799,P00621,S013,6,55549.34,0.1,299966.44,NETBANKING,delivered,2026-04-26,
OI3001628,2026-04-26 05:38:00,C00132,P00435,S054,4,28267.64,0.0,113070.56,WALLET,delivered,2026-04-26,FESTIVE20
OI3001629,2026-04-26 07:09:00,C02482,P00478,S036,4,82374.84,0.0,329499.36,NETBANKING,returned,2026-04-26,
OI3001630,2026-04-26 08:27:00,C01555,P00234,S050,2,36179.83,0.05,65123.69,CARD,delivered,2026-04-26,
OI3001631,2026-04-26 10:09:00,C00770,P00232,S049,5,38830.73,0.2,155322.92,UPI,cancelled,2026-04-26,
OI3001632,2026-04-26 02:16:00,C02158,P00689,S037,4,50562.19,0.05,182023.88,CARD,returned,2026-04-26,
OI3001633,2026-04-26 09:02:00,C00854,P00390,S068,1,19279.15,0.1,19279.15,COD,delivered,2026-04-26,
OI3001634,2026-04-26 03:21:00,C00508,P00332,S074,5,8547.0,0.05,42735.0,UPI,cancelled,2026-04-26,
OI3001635,2026-04-26 08:01:00,C01953,P00285,S067,6,35238.69,0.1,211432.14,CARD,shipped,2026-04-26,
OI3001636,2026-04-26 03:53:00,C00905,P00209,S025,3,70740.14,0.05,212220.42,UPI,cancelled,2026-04-26,
OI3001637,2026-04-26 00:11:00,C01231,P00619,S056,1,59995.5,0.0,53995.95,NETBANKING,delivered,2026-04-26,
OI3001638,2026-04-26 01:26:00,C02288,P00568,S019,1,3769.83,0.0,NaN_TEXT,CARD,cancelled,2026-04-26,
OI3001639,2026-04-26 18:09:00,C00267,P00782,S070,6,60281.01,0.05,343601.76,NETBANKING,cancelled,2026-04-26,
OI3001640,2026-04-26 10:39:00,C01277,P00754,S061,5,26654.44,0.0,119944.98,CARD,shipped,2026-04-26,
OI3001641,2026-04-26 07:47:00,C01636,P00252,S017,4,62580.71,0.1,237806.7,COD,cancelled,2026-04-26,NEW10
OI3001642,2026-04-26 14:30:00,C02192,P00643,S058,1,7484.53,0.2,7484.53,UPI,shipped,2026-04-26,FESTIVE20
OI3001643,2026-04-26 21:38:00,C01687,P00533,S040,4,71506.81,0.1,286027.24,COD,returned,2026-04-26,
OI3001644,2026-04-26 20:24:00,C00659,P00726,S015,6,51078.66,0.1,245177.57,UPI,returned,2026-04-26,
OI3001645,2026-04-26 09:08:00,C00215,P00334,S064,5,16032.79,0.05,80163.95,CARD,returned,2026-04-26,FESTIVE20
OI3001646,2026-04-26 04:20:00,C01414,P00354,S031,1,17006.45,0.2,17006.45,COD,returned,2026-04-26,FESTIVE20
OI3001647,2026-04-26 15:13:00,C00901,P00661,S025,3,3537.34,0.2,10612.02,UPI,returned,2026-04-26,
OI3001648,2026-04-26 18:11:00,C01772,P00754,S041,2,26654.44,0.2,47977.99,WALLET,shipped,2026-04-26,FESTIVE20
OI3001649,2026-04-26 18:29:00,C01371,P00523,S034,3,54356.5,0.05,163069.5,UPI,delivered,2026-04-26,NEW10
OI3001650,2026-04-26 00:48:00,C00893,P00783,S009,5,21905.04,0.0,98572.68,NETBANKING,shipped,2026-04-26,NEW10
OI3001651,2026-04-26 19:50:00,C00769,P00668,S043,6,73520.93,0.1,441125.58,COD,delivered,2026-04-26,
OI3001652,2026-04-26 06:27:00,C00853,P00725,S007,1,62116.51,0.05,59010.68,COD,cancelled,2026-04-26,NEW10
OI3001653,2026-04-26 11:24:00,C01073,P00782,S034,4,60281.01,0.05,217011.64,UPI,returned,2026-04-26,
OI3001654,2026-04-26 13:44:00,C00853,P00089,S003,6,54798.93,0.1,328793.58,WALLET,shipped,2026-04-26,
OI3001655,2026-04-26 12:38:00,C02495,P00079,S042,2,45291.18,0.2,90582.36,WALLET,delivered,2026-04-26,
OI3001656,2026-04-26 14:11:00,C01735,P00459,S067,3,26892.08,0.0,80676.24,CARD,delivered,2026-04-26,FESTIVE20
OI3001657,2026-04-26 11:57:00,C00242,P00572,S073,4,83512.41,0.05,300644.68,CARD,delivered,2026-04-26,
OI3001658,2026-04-26 21:02:00,C01047,P00004,S039,4,68176.44,0.0,218164.61,NETBANKING,delivered,2026-04-26,NEW10
OI3001659,2026-04-26 04:21:00,C00887,P00024,S041,3,59644.64,0.0,161040.53,COD,shipped,2026-04-26,
OI3001660,2026-04-26 07:11:00,C00346,P00003,S029,4,30753.26,0.05,123013.04,WALLET,shipped,2026-04-26,
OI3001661,2026-04-26 21:13:00,C01690,P00663,S060,2,13370.7,0.1,25404.33,WALLET,cancelled,2026-04-26,FESTIVE20
OI3001662,2026-04-26 14:31:00,C01337,P00476,S045,5,18858.59,0.1,75434.36,UPI,returned,2026-04-26,
OI3001663,2026-04-26 12:45:00,C01732,P00730,S037,2,unknown,0.2,bad_amount,CARD,delivered,2026-04-26,NEW10
OI3001664,2026-04-26 17:18:00,C01244,P00439,S051,3,35995.69,0.2,107987.07,WALLET,cancelled,2026-04-26,
OI3001665,2026-04-26 14:07:00,C00689,P00598,S072,4,45122.1,0.1,171463.98,COD,delivered,2026-04-26,
OI3001666,2026-04-20 12:00:00,C01519,P00372,S052,6,1357.87,0.05,7332.5,WALLET,cancelled,2026-04-26,
OI3001667,2026-04-26 18:59:00,C01441,P00170,S040,6,72347.53,0.1,347268.14,COD,shipped,2026-04-26,
OI3001668,2026-04-26 04:39:00,C01087,P00076,S005,3,65585.96,0.1,157406.3,COD,shipped,2026-04-26,FESTIVE20
OI3001669,2026-04-26 22:55:00,C00934,,S002,1,42258.49,0.0,42258.49,UPI,shipped,2026-04-26,
OI3001670,2026-04-26 12:08:00,C01706,P00187,S039,2,78380.74,0.1,141085.33,WALLET,cancelled,2026-04-26,
OI3001671,2026-04-26 03:41:00,C01507,P00663,S040,6,13370.7,0.05,80224.2,COD,returned,2026-04-26,NEW10
OI3001672,2026-04-26 08:37:00,C00371,P00074,S066,4,50478.89,0.2,161532.45,COD,cancelled,2026-04-26,
OI3001673,2026-04-26 00:57:00,C02175,P00287,S040,2,66589.78,0.0,126520.58,NETBANKING,delivered,2026-04-26,
OI3001674,2026-04-26 03:16:00,C01319,P00056,S044,4,26763.85,0.2,96349.86,UPI,cancelled,2026-04-26,
OI3001675,2026-04-07 19:00:00,C01951,P00403,S011,5,79230.44,0.0,356536.98,CARD,delivered,2026-04-26,
OI3001676,2026-04-26 18:24:00,C00393,P00755,S055,6,20738.03,0.2,124428.18,NETBANKING,returned,2026-04-26,
OI3001677,2026-04-26 14:45:00,C01401,P00365,S046,5,16567.6,0.1,66270.4,UPI,returned,2026-04-26,
OI3001678,2026-04-26 03:44:00,C00563,P00746,S033,3,2911.66,0.05,6987.98,UPI,shipped,2026-04-26,NEW10
OI3001679,2026-04-26 04:47:00,C00944,P00511,S046,1,73756.93,0.1,73756.93,COD,delivered,2026-04-26,
OI3001680,2026-04-26 11:17:00,C00483,P00013,S014,3,67005.44,0.2,201016.32,NETBANKING,shipped,2026-04-26,
OI3001681,2026-04-26 04:48:00,C00607,P00679,S065,5,30430.68,0.1,136938.06,COD,delivered,2026-04-26,NEW10
OI3001682,2026-04-26 18:48:00,C00303,P00294,S063,6,5174.19,0.05,31045.14,WALLET,shipped,2026-04-26,
OI3001683,2026-04-26 09:24:00,C00243,P00244,S010,6,45642.76,0.0,260163.73,UPI,returned,2026-04-26,
OI3001684,2026-04-26 18:43:00,C02164,P00437,S043,2,78191.92,0.0,140745.46,CARD,cancelled,2026-04-26,
OI3001685,2026-04-26 14:26:00,C01714,P00156,S037,3,44208.86,0.05,132626.58,UPI,cancelled,2026-04-26,
OI3001686,2026-04-26 05:50:00,C01384,P00069,S017,3,42833.72,0.0,102800.93,UPI,cancelled,2026-04-26,FESTIVE20
OI3001687,2026-04-26 12:20:00,C00214,P00591,S025,2,40822.83,0.0,81645.66,NETBANKING,returned,2026-04-26,FESTIVE20
OI3001688,2026-04-26 04:56:00,C01106,P00296,S050,2,64201.56,0.0,115562.81,CARD,cancelled,2026-04-26,
OI3001689,2026-04-26 07:04:00,C01866,P00531,S035,1,77911.66,0.1,77911.66,UPI,returned,2026-04-26,
OI3001690,2026-04-26 10:41:00,C00965,P00603,S056,5,86592.47,0.0,432962.35,COD,shipped,2026-04-26,NEW10
OI3001691,2026-04-26 23:30:00,C01401,P00178,S003,1,unknown,0.1,bad_amount,CARD,returned,2026-04-26,
OI3001692,2026-04-26 10:39:00,C02226,P00677,S067,4,89809.83,0.1,341277.35,NETBANKING,shipped,2026-04-26,
OI3001693,2026-04-26 05:48:00,C01243,P00681,S042,2,72609.64,0.0,116175.42,NETBANKING,delivered,2026-04-26,NEW10
OI3001694,2026-04-26 19:52:00,C01945,P00426,S063,2,7233.88,0.0,14467.76,WALLET,delivered,2026-04-26,
OI3001695,2026-04-26 08:44:00,C00761,P00330,S021,6,47717.1,0.2,229042.08,CARD,delivered,2026-04-26,
OI3001696,2026-04-26 06:04:00,C01966,P00019,S012,5,44202.95,0.05,221014.75,COD,delivered,2026-04-26,
OI3001697,2026-04-26 00:51:00,C00689,P00453,S029,1,7391.19,0.1,5912.95,WALLET,shipped,2026-04-26,
OI3001698,2026-04-26 16:26:00,C00822,P00148,S069,4,63834.05,0.2,204268.96,NETBANKING,cancelled,2026-04-26,
OI3001699,2026-04-26 00:40:00,C01605,P00492,S005,1,27240.35,0.2,24516.31,UPI,returned,2026-04-26,
OI3001700,2026-04-26 02:30:00,C01153,P00086,S008,6,80804.46,0.05,436344.08,NETBANKING,cancelled,2026-04-26,NEW10
OI3001701,2026-04-26 01:41:00,C02224,P00493,S058,6,67003.91,0.2,361821.11,NETBANKING,cancelled,2026-04-26,
OI3001702,2026-04-26 00:51:00,C02185,P00443,S056,3,39002.43,0.05,105306.56,WALLET,returned,2026-04-26,
OI3001703,2026-04-26 15:02:00,C01099,P00150,S057,2,30918.13,0.1,49469.01,UPI,shipped,2026-04-26,FESTIVE20
OI3001704,2026-04-26 00:04:00,C00326,P00580,S008,3,18525.18,0.0,55575.54,CARD,shipped,2026-04-26,
OI3001705,2026-04-26 20:47:00,C01981,P00272,S066,3,30741.19,0.1,87612.39,UPI,returned,2026-04-26,FESTIVE20
OI3001706,2026-04-26 01:20:00,C01239,P00011,S003,2,26601.15,0.1,53202.3,UPI,cancelled,2026-04-26,
OI3001707,2026-04-26 17:42:00,C00602,P00652,S011,4,13507.47,0.1,54029.88,CARD,delivered,2026-04-26,
OI3001708,2026-04-26 14:07:00,C00189,P00379,S043,1,50679.03,0.1,45611.13,CARD,shipped,2026-04-26,
OI3001709,2026-04-26 19:48:00,C01664,P00336,S054,2,40699.34,0.1,73258.81,WALLET,returned,2026-04-26,
OI3001710,2026-04-26 06:18:00,C01949,P00485,S032,4,27946.35,0.2,100606.86,CARD,returned,2026-04-26,FESTIVE20
OI3001711,2026-04-26 13:29:00,C02488,P00300,S046,3,73390.3,0.1,209162.36,CARD,returned,2026-04-26,
OI3001712,2026-04-26 13:44:00,C01119,P00524,S055,6,19552.66,0.2,105584.36,WALLET,delivered,2026-04-26,
OI3001713,2026-04-26 10:07:00,C00089,P00012,S060,2,23734.04,0.2,47468.08,NETBANKING,returned,2026-04-26,NEW10
OI3001714,2026-04-26 08:56:00,C01726,P00392,S046,5,49688.24,0.1,236019.14,COD,delivered,2026-04-26,
OI3001715,2026-04-26 00:24:00,C01689,P00481,S030,3,40143.27,0.05,96343.85,CARD,returned,2026-04-26,
OI3001716,2026-04-26 00:40:00,C01622,P00259,S031,1,80755.21,0.2,64604.17,UPI,delivered,2026-04-26,
OI3001717,2026-04-26 15:47:00,C00535,P00654,S074,6,52923.36,0.05,254032.13,NETBANKING,delivered,2026-04-26,
OI3001718,2026-04-26 00:40:00,C01013,P00258,S067,1,68644.21,0.2,65212.0,COD,delivered,2026-04-26,
OI3001719,2026-04-26 17:51:00,C02431,P00664,S048,3,83397.91,0.05,250193.73,UPI,delivered,2026-04-26,
OI3001720,2026-04-26 17:21:00,C02086,P00759,S062,3,8490.8,0.0,25472.4,NETBANKING,cancelled,2026-04-26,
OI3001721,2026-04-26 18:01:00,C02306,P00741,S026,4,9080.41,0.0,32689.48,COD,shipped,2026-04-26,
OI3001722,2026-04-26 17:03:00,C01877,P00233,S028,1,6646.48,0.2,5317.18,NETBANKING,delivered,2026-04-26,
OI3001723,2026-04-26 09:54:00,C02356,P00732,S007,5,42466.83,0.0,201717.44,NETBANKING,cancelled,2026-04-26,FESTIVE20
OI3001724,2026-04-26 11:08:00,C01435,P00379,S057,3,50679.03,0.1,152037.09,UPI,delivered,2026-04-26,
OI3001725,2026-04-26 17:30:00,C00277,P00144,S066,3,19431.62,0.0,46635.89,CARD,delivered,2026-04-26,
OI3001726,2026-04-26 11:24:00,C01557,P00182,S002,4,51122.18,0.2,204488.72,UPI,cancelled,2026-04-26,
OI3001727,2026-04-26 08:58:00,C00081,P00246,S074,3,88664.88,0.0,239395.18,NETBANKING,cancelled,2026-04-26,
OI3001728,2026-04-26 18:16:00,C01605,P00689,S053,6,50562.19,0.0,288204.48,WALLET,returned,2026-04-26,FESTIVE20
OI3001729,2026-04-26 01:38:00,C00122,P00313,S023,1,35756.37,0.0,28605.1,COD,cancelled,2026-04-26,
OI3001730,2026-04-26 18:42:00,C01281,P00058,S012,3,72269.01,0.2,195126.33,NETBANKING,cancelled,2026-04-26,
OI3001731,2026-04-26 05:33:00,C01541,P00557,S041,4,unknown,0.05,bad_amount,NETBANKING,shipped,2026-04-26,NEW10
OI3001732,2026-04-26 04:57:00,C00669,P00191,S073,3,35912.33,0.1,102350.14,UPI,cancelled,2026-04-26,
OI3001733,2026-04-26 23:34:00,C02239,P00419,S064,6,1289.17,0.0,6188.02,NETBANKING,delivered,2026-04-26,
OI3001734,2026-04-26 07:41:00,C01874,P00460,S046,6,58675.02,0.0,281640.1,CARD,delivered,2026-04-26,
OI3001735,2026-04-26 01:59:00,C02259,P00451,S052,1,70361.03,0.05,70361.03,WALLET,returned,2026-04-26,
OI3001736,2026-04-26 14:21:00,C00371,P00098,S033,5,52116.36,0.05,208465.44,CARD,returned,2026-04-26,
OI3001737,2026-04-26 08:10:00,C00318,P00677,S056,2,89809.83,0.2,170638.68,UPI,returned,2026-04-26,
OI3001738,2026-04-26 02:15:00,C02241,P00008,S059,3,8710.16,0.1,20904.38,CARD,cancelled,2026-04-26,FESTIVE20
OI3001739,2026-04-26 21:23:00,C00945,P00313,S049,3,35756.37,0.0,96542.2,NETBANKING,cancelled,2026-04-26,
OI3001740,2026-04-26 22:16:00,C00456,P00605,S019,3,54013.86,0.1,145837.42,CARD,shipped,2026-04-26,FESTIVE20
OI3001741,2026-04-26 18:09:00,C00245,P00344,S052,5,54347.02,0.05,258148.34,CARD,shipped,2026-04-26,
OI3001742,2026-04-26 07:35:00,C00866,P00148,S025,3,63834.05,0.2,191502.15,WALLET,shipped,2026-04-26,FESTIVE20
OI3001743,2026-04-26 11:17:00,C02288,P00682,S009,6,13191.5,0.2,71234.1,CARD,delivered,2026-04-26,
OI3001744,2026-04-26 12:57:00,C01324,P00307,S053,5,9188.73,0.05,45943.65,UPI,delivered,2026-04-26,NEW10
OI3001745,2026-04-26 01:49:00,C02285,P00102,S045,5,56829.74,0.0,269941.27,UPI,returned,2026-04-26,NEW10
OI3001746,2026-04-26 23:21:00,C01675,P00173,S019,1,69911.56,0.1,69911.56,WALLET,shipped,2026-04-26,
OI3001747,2026-04-26 07:46:00,C00793,P00347,S066,4,5351.49,0.1,21405.96,NETBANKING,returned,2026-04-26,NEW10
OI3001748,2026-04-26 02:29:00,C01326,P00102,S048,4,56829.74,0.1,181855.17,UPI,cancelled,2026-04-26,
OI3001749,2026-04-26 03:24:00,C00657,P00214,S009,1,58149.68,0.0,52334.71,WALLET,shipped,2026-04-26,
OI3001750,2026-04-26 21:32:00,C01693,P00465,S032,3,49547.43,0.0,118913.83,NETBANKING,shipped,2026-04-26,
OI3001751,2026-04-26 10:06:00,C01963,P00448,S075,2,33311.51,0.05,59960.72,CARD,shipped,2026-04-26,
OI3001752,2026-04-26 08:50:00,C00256,P00037,S061,5,27187.86,0.0,122345.37,WALLET,cancelled,2026-04-26,
OI3001753,2026-04-26 12:06:00,C01641,P00105,S008,5,30353.53,0.2,144179.27,CARD,delivered,2026-04-26,
OI3001754,2026-04-26 05:13:00,C01165,P00261,S015,2,unknown,0.05,bad_amount,NETBANKING,cancelled,2026-04-26,
OI3001755,2026-04-26 22:46:00,C01561,P00198,S065,6,7578.09,0.0,36374.83,UPI,cancelled,2026-04-26,
OI3001756,2026-04-26 03:29:00,C01212,P00768,S064,5,unknown,0.05,bad_amount,NETBANKING,cancelled,2026-04-26,FESTIVE20
OI3001757,2026-04-08 23:00:00,C02333,P00691,S002,3,26467.14,0.2,75431.35,UPI,returned,2026-04-26,NEW10
OI3001758,2026-04-26 10:00:00,C02393,P00757,S037,2,71920.95,0.0,129457.71,UPI,delivered,2026-04-26,
OI3001759,2026-04-05 13:00:00,C00136,P00727,S026,6,68215.7,0.2,327435.36,NETBANKING,delivered,2026-04-26,NEW10
OI3001760,2026-04-26 12:29:00,C01254,P00145,S069,1,54447.66,0.05,51725.28,UPI,shipped,2026-04-26,
OI3001761,2026-04-26 18:27:00,C01208,P00273,S044,4,5755.55,0.0,21871.09,COD,returned,2026-04-26,
OI3001762,2026-04-26 14:16:00,C02296,P00084,S045,5,75079.07,0.05,356625.58,COD,cancelled,2026-04-26,
OI3001763,2026-04-26 15:30:00,C01443,P00390,S059,2,19279.15,0.0,38558.3,UPI,cancelled,2026-04-26,FESTIVE20
OI3001764,2026-04-26 20:22:00,C00709,P00581,S008,5,1942.77,0.05,9228.16,CARD,cancelled,2026-04-26,
OI3001765,2026-04-26 12:04:00,C01483,P00799,S044,4,89228.66,0.05,285531.71,CARD,cancelled,2026-04-26,FESTIVE20
OI3001766,2026-04-26 02:54:00,C01556,P00156,S068,5,44208.86,0.0,209992.08,NETBANKING,delivered,2026-04-26,
OI3001767,2026-04-26 11:28:00,C02435,P00017,S021,5,13696.86,0.1,61635.87,NETBANKING,shipped,2026-04-26,
OI3001768,2026-04-26 13:26:00,C01545,P00708,S058,2,63644.84,0.1,127289.68,UPI,returned,2026-04-26,NEW10
OI3001769,2026-04-26 16:29:00,C00056,P00167,S063,1,65097.56,0.0,65097.56,WALLET,returned,2026-04-26,
OI3001770,2026-04-26 17:31:00,C01048,P00614,S040,5,31775.22,0.0,150932.3,CARD,shipped,2026-04-26,
OI3001771,2026-04-26 02:45:00,C01478,P00576,S060,2,80278.32,0.2,152528.81,CARD,cancelled,2026-04-26,
OI3001772,2026-04-26 19:34:00,C01133,P00228,S052,2,5500.95,0.2,8801.52,NETBANKING,returned,2026-04-26,
OI3001773,2026-04-26 08:04:00,C01889,P00566,S015,2,56559.9,0.05,113119.8,UPI,delivered,2026-04-26,FESTIVE20
OI3001774,2026-04-26 21:26:00,C01447,P00301,S059,4,84622.51,0.1,338490.04,CARD,delivered,2026-04-26,
OI3001775,2026-04-26 05:12:00,C01516,,S054,6,14785.78,0.2,84278.95,UPI,cancelled,2026-04-26,
OI3001776,2026-04-26 11:26:00,C00376,P00137,S039,1,47851.67,0.05,38281.34,WALLET,delivered,2026-04-26,NEW10
OI3001777,2026-04-26 17:25:00,C01527,P00102,S063,3,56829.74,0.1,161964.76,CARD,delivered,2026-04-26,
OI3001778,2026-04-26 03:42:00,C01354,P00008,S019,1,8710.16,0.1,8710.16,COD,shipped,2026-04-26,
OI3001779,2026-04-26 12:33:00,C00148,P00513,S071,2,72010.17,0.1,129618.31,UPI,returned,2026-04-26,
OI3001780,2026-04-26 04:41:00,C01724,P00337,S045,5,88382.35,0.05,419816.16,UPI,delivered,2026-04-26,NEW10
OI3001781,2026-04-26 11:06:00,C00037,P00151,S015,4,76903.69,0.2,246091.81,WALLET,shipped,2026-04-26,
OI3001782,2026-04-26 03:46:00,C01262,P00004,S040,3,68176.44,0.0,184076.39,UPI,delivered,2026-04-26,
OI3001783,2026-04-26 07:08:00,C00384,P00642,S071,6,3715.45,0.2,17834.16,COD,cancelled,2026-04-26,NEW10
OI3001784,2026-04-26 10:00:00,C00394,P00545,S041,5,77517.8,0.05,348830.1,NETBANKING,returned,2026-04-26,
OI3001785,2026-04-26 00:31:00,C02226,P00260,S039,5,41841.84,0.2,188288.28,CARD,cancelled,2026-04-26,
OI3001786,2026-04-26 17:40:00,C01434,P00054,S049,5,17827.3,0.2,71309.2,WALLET,delivered,2026-04-26,NEW10
OI3001787,2026-04-26 09:51:00,C01819,P00551,S075,2,37605.09,0.05,67689.16,CARD,delivered,2026-04-26,
OI3001788,2026-04-26 03:04:00,C01899,P00591,S027,2,40822.83,0.05,77563.38,CARD,shipped,2026-04-26,NEW10
OI3001789,2026-04-26 22:07:00,C01795,P00547,S029,1,5445.8,0.05,4901.22,UPI,delivered,2026-04-26,
OI3001790,2026-04-26 06:26:00,C01035,P00696,S034,1,69138.45,0.1,65681.53,WALLET,cancelled,2026-04-26,
OI3001791,2026-04-26 01:14:00,C02393,P00791,S068,2,54939.76,0.0,87903.62,COD,delivered,2026-04-26,FESTIVE20
OI3001792,2026-04-26 06:22:00,C02497,P00223,S054,4,51580.17,0.2,185688.61,WALLET,delivered,2026-04-26,
OI3001793,2026-04-26 06:06:00,C00021,P00333,S036,6,12534.77,0.1,60166.9,CARD,delivered,2026-04-26,
OI3001794,2026-04-26 16:43:00,C02075,P00716,S072,6,16985.02,0.05,91719.11,CARD,cancelled,2026-04-26,
OI3001795,2026-04-26 08:03:00,C01590,P00523,S062,1,54356.5,0.1,43485.2,COD,delivered,2026-04-26,
OI3001796,2026-04-26 22:25:00,C00815,P00344,S024,1,54347.02,0.0,48912.32,NETBANKING,returned,2026-04-26,NEW10
OI3001797,2026-04-26 08:06:00,C01118,P00623,S010,2,37629.61,0.2,75259.22,UPI,delivered,2026-04-26,NEW10
OI3001798,2026-04-26 16:45:00,C01153,P00183,S050,1,66956.49,0.05,63608.67,WALLET,delivered,2026-04-26,NEW10
OI3001799,2026-04-26 11:05:00,C00536,P00622,S071,2,27317.69,0.05,54635.38,COD,delivered,2026-04-26,
OI3001800,2026-04-26 09:17:00,C02499,P00606,S012,6,34480.9,0.0,206885.4,CARD,cancelled,2026-04-26,
OI3001801,2026-04-26 05:25:00,C00288,P00448,S021,6,33311.51,0.0,179882.15,CARD,returned,2026-04-26,
OI3001802,2026-04-26 12:47:00,C00327,P00555,S071,2,44111.62,0.1,88223.24,WALLET,shipped,2026-04-26,
OI3001803,2026-04-26 07:16:00,C00049,P00065,S024,6,84092.97,0.0,403646.26,NETBANKING,cancelled,2026-04-26,
OI3001804,2026-04-26 01:46:00,C01051,P00535,S049,4,38049.19,0.1,144586.92,CARD,returned,2026-04-26,NEW10
OI3001805,2026-04-26 10:02:00,C01242,P00592,S023,4,20679.65,0.1,82718.6,WALLET,returned,2026-04-26,
OI3001806,2026-04-26 07:05:00,C00493,P00730,S065,5,unknown,0.05,bad_amount,CARD,delivered,2026-04-26,NEW10
OI3001807,2026-04-26 23:11:00,C01784,P00733,S024,3,86178.56,0.2,232682.11,UPI,delivered,2026-04-26,NEW10
OI3001808,2026-04-26 00:53:00,C00338,P00228,S030,5,5500.95,0.2,27504.75,CARD,cancelled,2026-04-26,
OI3001809,2026-04-26 01:33:00,C01750,P00568,S046,4,3769.83,0.2,14325.35,CARD,returned,2026-04-26,
OI3001810,2026-04-26 22:31:00,C02312,P00619,S041,6,59995.5,0.05,287978.4,WALLET,cancelled,2026-04-26,
OI3001811,2026-04-26 11:54:00,C00468,P00693,S037,3,87763.65,0.1,210632.76,UPI,cancelled,2026-04-26,NEW10
OI3001812,2026-04-26 00:20:00,C01928,P00584,S050,5,unknown,0.2,bad_amount,COD,shipped,2026-04-26,
OI3001813,2026-04-26 11:48:00,C01560,P00611,S014,1,37468.74,0.2,29974.99,NETBANKING,returned,2026-04-26,NEW10
OI3001814,2026-04-26 21:57:00,C01625,P00771,S053,1,8054.87,0.2,7652.13,WALLET,returned,2026-04-26,
OI3001815,2026-04-26 03:09:00,C02268,P00565,S009,1,46039.77,0.2,43737.78,UPI,returned,2026-04-26,
OI3001816,2026-04-26 02:47:00,C01368,P00429,S067,6,54171.73,0.1,260024.3,CARD,shipped,2026-04-26,FESTIVE20
OI3001817,2026-04-26 11:58:00,C01906,P00286,S002,1,86705.09,0.05,78034.58,COD,cancelled,2026-04-26,
OI3001818,2026-04-26 10:43:00,C01020,P00081,S011,2,77697.62,0.05,155395.24,WALLET,shipped,2026-04-26,NEW10
OI3001819,2026-04-18 07:00:00,C00392,P00070,S031,6,46092.54,0.1,276555.24,COD,returned,2026-04-26,
OI3001820,2026-04-26 08:21:00,C00966,P00450,S012,6,70829.61,0.2,339982.13,NETBANKING,cancelled,2026-04-26,NEW10
OI3001821,2026-04-18 15:00:00,C01938,P00388,S056,5,12049.67,0.05,54223.51,WALLET,shipped,2026-04-26,
OI3001822,2026-04-06 23:00:00,C01659,P00437,S027,3,78191.92,0.1,211118.18,UPI,shipped,2026-04-26,NEW10
OI3001823,2026-04-26 08:13:00,C00327,P00286,S027,3,86705.09,0.2,208092.22,COD,shipped,2026-04-26,
OI3001824,2026-04-26 03:57:00,C01292,P00758,S067,5,79607.14,0.2,378133.91,WALLET,cancelled,2026-04-26,
OI3001825,2026-04-26 15:11:00,C01399,P00178,S064,2,unknown,0.1,bad_amount,UPI,delivered,2026-04-26,
OI3001826,2026-04-26 05:08:00,C01520,P00545,S005,6,77517.8,0.0,441851.46,UPI,cancelled,2026-04-26,
OI3001827,2026-04-26 05:32:00,C02070,P00040,S035,3,82714.19,0.1,223328.31,WALLET,delivered,2026-04-26,
OI3001828,2026-04-26 21:10:00,C00129,P00503,S045,6,15722.73,0.0,94336.38,COD,shipped,2026-04-26,FESTIVE20
OI3001829,2026-04-26 00:08:00,C00590,P00273,S061,3,5755.55,0.0,15539.99,COD,delivered,2026-04-26,NEW10
OI3001830,2026-04-26 08:55:00,C00401,P00555,S054,3,44111.62,0.2,125718.12,NETBANKING,shipped,2026-04-26,
OI3001831,2026-04-26 19:31:00,C02208,P00419,S073,3,1289.17,0.1,3867.51,UPI,delivered,2026-04-26,NEW10
OI3001832,2026-04-26 02:59:00,C02212,P00797,S015,6,19573.06,0.2,93950.69,COD,cancelled,2026-04-26,
OI3001833,2026-04-26 00:52:00,C01079,P00316,S016,1,22142.03,0.0,21034.93,NETBANKING,cancelled,2026-04-26,
OI3001834,2026-04-26 21:18:00,C01277,P00437,S043,2,78191.92,0.05,148564.65,UPI,cancelled,2026-04-26,
OI3001835,2026-04-26 13:47:00,C00449,P00782,S054,4,60281.01,0.1,241124.04,NETBANKING,delivered,2026-04-26,FESTIVE20
OI3001836,2026-04-26 07:06:00,C02212,P00754,S033,4,26654.44,0.1,85294.21,UPI,delivered,2026-04-26,NEW10
OI3001837,2026-04-26 20:46:00,C00493,P00312,S012,6,8221.56,0.1,39463.49,WALLET,delivered,2026-04-26,NEW10
OI3001838,2026-04-22 05:00:00,C01147,P00614,S029,6,31775.22,0.05,190651.32,WALLET,cancelled,2026-04-26,
OI3001839,2026-04-26 03:09:00,C00075,P00489,S035,5,83719.94,0.0,376739.73,WALLET,returned,2026-04-26,
OI3001840,2026-04-26 23:30:00,C01053,P00229,S053,6,78587.43,0.0,447948.35,NETBANKING,cancelled,2026-04-26,
OI3001841,2026-04-26 20:21:00,C01672,P00435,S074,1,28267.64,0.05,22614.11,CARD,cancelled,2026-04-26,NEW10
OI3001842,2026-04-26 20:04:00,C00258,P00591,S056,2,40822.83,0.05,73481.09,CARD,shipped,2026-04-26,FESTIVE20
OI3001843,2026-04-26 07:13:00,C00055,P00083,S030,1,80492.32,0.05,72443.09,COD,delivered,2026-04-26,
OI3001844,2026-04-26 11:29:00,C01057,P00661,S049,2,3537.34,0.0,5659.74,UPI,shipped,2026-04-26,NEW10
OI3001845,2026-04-26 20:34:00,C01446,P00600,S026,1,41659.48,0.05,33327.58,UPI,returned,2026-04-26,
OI3001846,2026-04-26 14:09:00,C01564,P00654,S058,2,52923.36,0.0,100554.38,WALLET,shipped,2026-04-26,NEW10
OI3001847,2026-04-26 08:44:00,C02436,P00260,S060,1,41841.84,0.2,37657.66,CARD,delivered,2026-04-26,NEW10
OI3001848,2026-04-26 10:40:00,C02179,P00347,S066,5,5351.49,0.2,25419.58,CARD,returned,2026-04-26,
OI3001849,2026-04-26 23:16:00,C01655,P00570,S074,3,51025.74,0.05,153077.22,WALLET,cancelled,2026-04-26,NEW10
OI3001850,2026-04-26 00:58:00,C01499,P00596,S065,3,70133.01,0.0,210399.03,UPI,cancelled,2026-04-26,
OI3001851,2026-04-26 10:31:00,C02019,P00571,S004,5,25003.47,0.0,112515.62,UPI,returned,2026-04-26,
OI3001852,2026-04-26 17:01:00,C02344,P00763,S005,5,2774.01,0.2,12483.05,UPI,delivered,2026-04-26,
OI3001853,2026-04-26 08:21:00,C00149,P00459,S010,5,26892.08,0.1,107568.32,CARD,delivered,2026-04-26,
OI3001854,2026-04-26 13:25:00,C01082,P00087,S064,3,36333.32,0.1,98099.96,CARD,returned,2026-04-26,FESTIVE20
OI3001855,2026-04-26 11:05:00,C01329,P00470,S012,5,44361.62,0.2,199627.29,NETBANKING,delivered,2026-04-26,NEW10
OI3001856,2026-04-26 04:23:00,C01890,P00489,S075,6,83719.94,0.05,401855.71,UPI,cancelled,2026-04-26,FESTIVE20
OI3001857,2026-04-26 08:43:00,C01911,P00191,S013,1,35912.33,0.1,28729.86,UPI,delivered,2026-04-26,
OI3001858,2026-04-26 19:57:00,C01368,P00364,S052,5,6421.55,0.2,30502.36,WALLET,shipped,2026-04-26,
OI3001859,2026-04-26 21:21:00,C02188,P00359,S029,4,74405.37,0.2,282740.41,COD,shipped,2026-04-26,
OI3001860,2026-04-26 05:39:00,C01073,P00512,S069,5,57671.0,0.1,273937.25,WALLET,cancelled,2026-04-26,NEW10
OI3001861,2026-04-26 12:12:00,C02215,P00282,S007,5,64961.56,0.2,308567.41,COD,shipped,2026-04-26,
OI3001862,2026-04-26 10:17:00,C01447,P00161,S025,5,68133.99,0.2,272535.96,WALLET,returned,2026-04-26,NEW10
OI3001863,2026-04-26 11:58:00,C01698,P00647,S064,3,54615.0,0.1,163845.0,COD,cancelled,2026-04-26,NEW10
OI3001864,2026-04-26 21:05:00,C02212,P00192,S041,5,49831.34,0.0,199325.36,WALLET,cancelled,2026-04-26,
OI3001865,2026-04-26 17:07:00,C02498,P00396,S069,4,60882.95,0.0,194825.44,COD,returned,2026-04-26,
OI3001866,2026-04-26 21:26:00,C01514,P00719,S042,5,37253.32,0.05,167639.94,COD,cancelled,2026-04-26,FESTIVE20
OI3001867,2026-04-26 17:41:00,C00318,P00301,S037,4,84622.51,0.2,304641.04,COD,shipped,2026-04-26,FESTIVE20
OI3001868,2026-04-18 17:00:00,C01189,P00646,S029,3,54586.6,0.0,163759.8,UPI,cancelled,2026-04-26,
OI3001869,2026-04-26 03:22:00,C00852,P00293,S017,5,8044.48,0.1,38211.28,WALLET,delivered,2026-04-26,
OI3001870,2026-04-26 16:09:00,C01985,P00121,S064,2,45170.92,0.1,90341.84,WALLET,delivered,2026-04-26,
OI3001871,2026-04-26 07:05:00,C00640,P00384,S004,2,66621.3,0.1,119918.34,CARD,cancelled,2026-04-26,FESTIVE20
OI3001872,2026-04-26 15:22:00,C01056,P00777,S021,2,72195.28,0.05,115512.45,NETBANKING,cancelled,2026-04-26,
OI3001873,2026-04-26 19:14:00,C01177,P00342,S022,4,2808.32,0.05,11233.28,WALLET,returned,2026-04-26,
OI3001874,2026-04-26 07:47:00,C00970,P00189,S067,3,20249.95,0.0,60749.85,COD,delivered,2026-04-26,
OI3001875,2026-04-26 18:48:00,C01267,P00528,S030,4,3660.3,0.2,13177.08,NETBANKING,returned,2026-04-26,NEW10
OI3001876,2026-04-26 17:45:00,C00507,P00400,S038,5,27347.38,0.05,123063.21,CARD,delivered,2026-04-26,NEW10
OI3001877,2026-04-26 04:48:00,C00894,P00343,S056,5,31466.94,0.05,125867.76,NETBANKING,returned,2026-04-26,
OI3001878,2026-04-23 03:00:00,C00442,P00568,S017,1,3769.83,0.05,3581.34,WALLET,returned,2026-04-26,
OI3001879,2026-04-26 06:46:00,C00041,P00002,S025,4,unknown,0.05,bad_amount,CARD,returned,2026-04-26,NEW10
OI3001880,2026-04-26 16:12:00,C00734,,S049,6,45122.1,0.05,270732.6,CARD,shipped,2026-04-26,
OI3001881,2026-04-26 12:00:00,C02214,P00728,S034,3,86279.25,0.2,245895.86,UPI,shipped,2026-04-26,
OI3001882,2026-04-26 04:00:00,C01148,P00749,S030,6,19123.72,0.2,114742.32,WALLET,shipped,2026-04-26,
OI3001883,2026-04-26 06:57:00,C01444,P00500,S016,3,89625.7,0.2,241989.39,UPI,shipped,2026-04-26,
OI3001884,2026-04-26 04:46:00,C01577,P00790,S015,5,50083.64,0.05,225376.38,WALLET,returned,2026-04-26,
OI3001885,2026-04-26 16:22:00,C01900,P00673,S066,3,16017.13,0.0,38441.11,UPI,shipped,2026-04-26,FESTIVE20
OI3001886,2026-04-26 15:39:00,C01450,P00074,S067,4,50478.89,0.1,181724.0,NETBANKING,shipped,2026-04-26,
OI3001887,2026-04-26 18:58:00,C00059,P00183,S066,6,66956.49,0.05,381651.99,COD,shipped,2026-04-26,
OI3001888,2026-04-26 00:22:00,C00405,P00217,S072,4,77087.8,0.2,246680.96,UPI,shipped,2026-04-26,
OI3001889,2026-04-26 12:48:00,C01047,P00066,S049,2,19542.42,0.1,39084.84,COD,shipped,2026-04-26,
OI3001890,2026-04-26 19:36:00,C01130,P00097,S052,4,23401.12,0.05,NaN_TEXT,COD,cancelled,2026-04-26,
OI3001891,2026-04-26 15:50:00,C00828,P00705,S014,1,51936.03,0.1,51936.03,COD,cancelled,2026-04-26,NEW10
OI3001892,2026-04-26 05:25:00,C01420,P00780,S034,6,36021.81,0.2,216130.86,WALLET,returned,2026-04-26,
OI3001893,2026-04-26 10:29:00,C02312,P00753,S006,5,25183.45,0.0,113325.53,UPI,shipped,2026-04-26,
OI3001894,2026-04-26 02:31:00,C02158,P00295,S003,5,37814.51,0.05,179618.92,COD,returned,2026-04-26,NEW10
OI3001895,2026-04-26 19:55:00,C00774,P00592,S020,4,20679.65,0.05,82718.6,COD,shipped,2026-04-26,
OI3001896,2026-04-26 05:33:00,C02481,P00680,S003,6,70711.89,0.0,381844.21,UPI,returned,2026-04-26,NEW10
OI3001897,2026-04-05 19:00:00,C00553,P00187,S071,2,78380.74,0.2,148923.41,CARD,delivered,2026-04-26,
OI3001898,2026-04-26 09:51:00,C02355,P00224,S069,5,78375.62,0.05,391878.1,WALLET,cancelled,2026-04-26,
OI3001899,2026-04-26 01:14:00,C01950,P00197,S053,2,28751.74,0.05,54628.31,CARD,delivered,2026-04-26,
OI3001900,2026-04-26 10:09:00,C00174,P00541,S035,4,70944.79,0.2,255401.24,COD,shipped,2026-04-26,NEW10
OI3001901,2026-04-26 20:54:00,C00014,P00320,S049,4,7007.48,0.1,26628.42,NETBANKING,cancelled,2026-04-26,
OI3001902,2026-04-26 08:54:00,C01440,P00559,S004,5,72217.82,0.1,343034.65,NETBANKING,cancelled,2026-04-26,
OI3001903,2026-04-09 17:00:00,C00976,P00186,S023,3,52875.22,0.0,158625.66,NETBANKING,returned,2026-04-26,
OI3001904,2026-04-26 23:45:00,C00215,P00798,S068,4,76944.83,0.0,307779.32,UPI,shipped,2026-04-26,NEW10
OI3001905,2026-04-26 16:29:00,C02180,P00168,S019,2,unknown,0.2,bad_amount,WALLET,returned,2026-04-26,
OI3001906,2026-04-26 07:15:00,C01301,P00744,S050,4,66393.75,0.05,265575.0,COD,delivered,2026-04-26,NEW10
OI3001907,2026-04-13 06:00:00,C01012,P00547,S044,5,5445.8,0.1,25867.55,COD,delivered,2026-04-26,
OI3001908,2026-04-26 18:59:00,C01426,P00217,S069,4,77087.8,0.05,292933.64,WALLET,shipped,2026-04-26,
OI3001909,2026-04-26 12:09:00,C01576,P00222,S035,4,53115.56,0.1,191216.02,UPI,cancelled,2026-04-26,
OI3001910,2026-04-26 23:49:00,C00945,P00240,S005,6,38231.58,0.05,183511.58,WALLET,shipped,2026-04-26,
OI3001911,2026-04-26 23:09:00,C00485,P00621,S019,2,55549.34,0.2,99988.81,COD,delivered,2026-04-26,
OI3001912,2026-04-26 04:20:00,C01933,P00124,S021,3,34862.45,0.0,94128.61,CARD,shipped,2026-04-26,
OI3001913,2026-04-26 18:35:00,C01626,P00023,S015,5,19766.23,0.2,98831.15,NETBANKING,delivered,2026-04-26,
OI3001914,2026-04-26 02:27:00,C01892,P00033,S073,2,32639.83,0.1,52223.73,UPI,shipped,2026-04-26,NEW10
OI3001915,2026-04-26 01:10:00,C00780,P00442,S049,4,74693.65,0.2,268897.14,NETBANKING,returned,2026-04-26,
OI3001916,2026-04-26 16:15:00,C00766,P00627,S001,5,56866.69,0.05,284333.45,COD,cancelled,2026-04-26,
OI3001917,2026-04-26 16:26:00,C00885,P00237,S016,2,18616.48,0.2,33509.66,UPI,cancelled,2026-04-26,
OI3001918,2026-04-26 06:11:00,C02382,P00488,S056,1,9724.96,0.05,9724.96,WALLET,returned,2026-04-26,NEW10
OI3001919,2026-04-26 08:50:00,C00365,P00430,S047,6,66211.05,0.1,317813.04,WALLET,returned,2026-04-26,NEW10
OI3001920,2026-04-26 11:46:00,C02061,P00171,S017,1,698.95,0.2,629.06,UPI,cancelled,2026-04-26,
OI3001921,2026-04-26 19:36:00,C01830,P00773,S036,1,33311.4,0.0,29980.26,UPI,delivered,2026-04-26,
OI3001922,2026-04-26 06:02:00,C00878,P00063,S053,3,57300.01,0.05,137520.02,COD,cancelled,2026-04-26,
OI3001923,2026-04-26 06:06:00,C01933,P00750,S073,5,62995.9,0.05,299230.52,WALLET,shipped,2026-04-26,
OI3001924,2026-04-26 10:16:00,C01890,P00773,S051,4,33311.4,0.2,119921.04,CARD,cancelled,2026-04-26,
OI3001925,2026-04-26 18:14:00,C00115,P00173,S060,4,69911.56,0.2,223716.99,WALLET,shipped,2026-04-26,
OI3001926,2026-04-26 04:28:00,C01756,P00267,S015,3,59535.27,0.0,169675.52,UPI,cancelled,2026-04-26,
OI3001927,2026-04-26 13:43:00,C00868,P00302,S048,4,2251.07,0.0,7203.42,CARD,shipped,2026-04-26,
OI3001928,2026-04-26 02:01:00,C01091,P00734,S071,5,20878.89,0.2,99174.73,WALLET,cancelled,2026-04-26,NEW10
OI3001929,2026-04-26 03:50:00,C00283,P00164,S049,2,55729.33,0.0,89166.93,COD,shipped,2026-04-26,
OI3001930,2026-04-26 23:43:00,C02022,P00191,S066,6,35912.33,0.2,193926.58,WALLET,cancelled,2026-04-26,
OI3001931,2026-04-26 11:24:00,C00887,P00403,S049,6,79230.44,0.0,475382.64,UPI,delivered,2026-04-26,
OI3001932,2026-04-26 16:03:00,C00281,P00657,S063,5,12030.66,0.1,48122.64,WALLET,delivered,2026-04-26,NEW10
OI3001933,2026-04-26 07:00:00,C01622,P00362,S053,4,75849.67,0.1,288228.75,WALLET,delivered,2026-04-26,
OI3001934,2026-04-26 06:14:00,C00651,P00051,S058,6,62160.53,0.05,354315.02,WALLET,shipped,2026-04-26,
OI3001935,2026-04-26 09:41:00,C01606,P00755,S008,3,20738.03,0.1,62214.09,UPI,cancelled,2026-04-26,
OI3001936,2026-04-26 12:00:00,C01982,P00129,S075,1,54358.95,0.05,54358.95,WALLET,shipped,2026-04-26,
OI3001937,2026-04-26 02:54:00,C00738,P00431,S058,4,5620.83,0.2,20234.99,CARD,shipped,2026-04-26,NEW10
OI3001938,2026-04-26 04:01:00,C02395,P00549,S030,6,67394.88,0.0,363932.35,WALLET,delivered,2026-04-26,
OI3001939,2026-04-26 11:45:00,C02181,P00289,S050,2,69467.49,0.05,111147.98,WALLET,shipped,2026-04-26,
OI3001940,2026-04-26 19:58:00,C01666,P00623,S055,4,37629.61,0.0,150518.44,COD,shipped,2026-04-26,NEW10
OI3001941,2026-04-26 01:25:00,C01032,P00189,S064,4,20249.95,0.0,72899.82,COD,cancelled,2026-04-26,
OI3001942,2026-04-21 13:00:00,C00643,P00703,S028,2,15220.71,0.2,28919.35,NETBANKING,cancelled,2026-04-26,
OI3001943,2026-04-07 03:00:00,C01136,P00066,S003,2,19542.42,0.0,37130.6,COD,cancelled,2026-04-26,
OI3001944,2026-04-26 15:22:00,C01589,P00253,S058,2,55610.55,0.0,105660.04,NETBANKING,cancelled,2026-04-26,NEW10
OI3001945,2026-04-26 03:44:00,C01218,P00745,S026,5,26606.4,0.05,106425.6,UPI,shipped,2026-04-26,FESTIVE20
OI3001946,2026-04-26 20:05:00,C01962,P00672,S001,1,48105.37,0.2,43294.83,WALLET,delivered,2026-04-26,
OI3001947,2026-04-26 17:41:00,C02101,P00008,S041,1,8710.16,0.2,6968.13,UPI,returned,2026-04-26,
OI3001948,2026-04-26 15:28:00,C02095,P00691,S063,1,26467.14,0.1,21173.71,CARD,delivered,2026-04-26,
OI3001949,2026-04-26 05:29:00,C01109,P00630,S054,2,27086.8,0.2,51464.92,CARD,delivered,2026-04-26,FESTIVE20
OI3001950,2026-04-26 22:33:00,C01064,P00636,S019,5,21272.55,0.1,95726.48,COD,shipped,2026-04-26,
OI3001951,2026-04-26 05:34:00,C01281,P00636,S004,1,21272.55,0.05,19145.29,UPI,delivered,2026-04-26,
OI3001952,2026-04-26 13:24:00,C01686,P00513,S070,6,72010.17,0.2,388854.92,NETBANKING,shipped,2026-04-26,
OI3001953,2026-04-26 22:26:00,C01472,P00292,S027,5,42029.99,0.1,199642.45,UPI,cancelled,2026-04-26,FESTIVE20
OI3001954,2026-04-26 08:10:00,C00540,P00201,S041,2,44375.05,0.2,88750.1,NETBANKING,cancelled,2026-04-26,
OI3001955,2026-04-26 18:45:00,C00927,P00091,S016,6,7821.68,0.05,42237.07,NETBANKING,delivered,2026-04-26,NEW10
OI3001956,2026-04-26 23:48:00,C00210,P00230,S027,2,57122.9,0.05,102821.22,NETBANKING,delivered,2026-04-26,
OI3001957,2026-04-26 04:59:00,C00731,P00677,S045,4,89809.83,0.2,323315.39,CARD,cancelled,2026-04-26,
OI3001958,2026-04-26 12:13:00,C00809,P00658,S049,6,unknown,0.1,bad_amount,UPI,returned,2026-04-26,
OI3001959,2026-04-26 01:39:00,C01731,P00045,S001,6,9818.72,0.0,47129.86,CARD,shipped,2026-04-26,
OI3001960,2026-04-26 23:10:00,C00583,P00317,S001,3,26767.64,0.2,76287.77,COD,shipped,2026-04-26,
OI3001961,2026-04-26 10:37:00,C01240,P00783,S023,5,21905.04,0.05,109525.2,CARD,returned,2026-04-26,NEW10
OI3001962,2026-04-26 21:58:00,C01220,P00741,S024,2,9080.41,0.0,16344.74,CARD,returned,2026-04-26,
OI3001963,2026-04-26 05:28:00,C01561,P00667,S053,2,83084.21,0.0,157860.0,UPI,shipped,2026-04-26,
OI3001964,2026-04-26 00:51:00,C01651,P00424,S056,6,42885.89,0.05,257315.34,CARD,shipped,2026-04-26,
OI3001965,2026-04-26 05:33:00,C01224,P00735,S042,2,9307.16,0.05,17683.6,WALLET,delivered,2026-04-26,
OI3001966,2026-04-26 15:38:00,C01370,P00052,S028,3,41566.57,0.0,124699.71,WALLET,returned,2026-04-26,NEW10
OI3001967,2026-04-26 07:21:00,C00075,P00772,S028,3,21283.3,0.2,60657.4,NETBANKING,shipped,2026-04-26,
OI3001968,2026-04-26 07:41:00,C02146,P00419,S045,2,1289.17,0.0,2320.51,NETBANKING,returned,2026-04-26,NEW10
OI3001969,2026-04-26 00:03:00,C02159,P00758,S062,1,79607.14,0.1,71646.43,UPI,cancelled,2026-04-26,
OI3001970,2026-04-26 07:34:00,C00017,P00639,S023,3,71673.79,0.05,215021.37,NETBANKING,shipped,2026-04-26,
OI3001971,2026-04-26 01:58:00,C01131,P00080,S072,2,35894.6,0.2,68199.74,UPI,cancelled,2026-04-26,
OI3001972,2026-04-26 13:25:00,C00616,P00748,S019,5,33758.25,0.0,151912.12,COD,cancelled,2026-04-26,
OI3001973,2026-04-26 21:37:00,C00985,P00453,S074,5,7391.19,0.0,36955.95,NETBANKING,delivered,2026-04-26,
OI3001974,2026-04-26 12:02:00,C01400,P00019,S013,1,44202.95,0.1,39782.65,COD,returned,2026-04-26,
OI3001975,2026-04-26 10:18:00,C01900,P00285,S004,3,35238.69,0.1,105716.07,COD,returned,2026-04-26,FESTIVE20
OI3001976,2026-04-26 03:31:00,C00342,P00677,S018,2,89809.83,0.2,143695.73,WALLET,delivered,2026-04-26,
OI3001977,2026-04-26 20:52:00,C00947,P00671,S042,2,1549.6,0.05,2479.36,UPI,delivered,2026-04-26,FESTIVE20
OI3001978,2026-04-26 01:09:00,C00357,P00403,S017,4,79230.44,0.05,285229.58,CARD,returned,2026-04-26,NEW10
OI3001979,2026-04-26 00:01:00,C02001,P00572,S061,2,83512.41,0.0,133619.86,UPI,returned,2026-04-26,
OI3001980,2026-04-26 13:07:00,C01550,P00598,S015,2,45122.1,0.05,81219.78,CARD,delivered,2026-04-26,
OI3001981,2026-04-26 23:41:00,C00025,P00295,S050,1,37814.51,0.2,35923.78,NETBANKING,cancelled,2026-04-26,NEW10
OI3001982,2026-04-26 08:37:00,C00690,P00615,S041,2,89289.59,0.2,178579.18,COD,cancelled,2026-04-26,NEW10
OI3001983,2026-04-26 23:08:00,C01262,P00216,S044,6,38520.65,0.2,231123.9,UPI,returned,2026-04-26,NEW10
OI3001984,2026-04-26 23:03:00,C02498,P00490,S005,3,8823.16,0.1,21175.58,COD,delivered,2026-04-26,
OI3001985,2026-04-26 22:29:00,C00063,P00622,S048,2,27317.69,0.2,54635.38,UPI,shipped,2026-04-26,
OI3001986,2026-04-26 04:20:00,C00171,P00785,S008,3,73997.56,0.05,221992.68,UPI,shipped,2026-04-26,
OI3001987,2026-04-26 15:45:00,C00401,P00698,S033,4,75744.73,0.05,287829.97,NETBANKING,delivered,2026-04-26,
OI3001988,2026-04-26 08:13:00,C00303,P00350,S016,4,33985.86,0.1,122349.1,WALLET,shipped,2026-04-26,
OI3001989,2026-04-26 17:03:00,C01671,P00095,S072,5,63555.78,0.0,317778.9,NETBANKING,returned,2026-04-26,
OI3001990,2026-04-26 19:38:00,C01886,P00641,S049,3,3019.0,0.05,8151.3,UPI,returned,2026-04-26,
OI3001991,2026-04-26 08:51:00,C01815,P00037,S025,6,27187.86,0.05,130501.73,CARD,returned,2026-04-26,
OI3001992,2026-04-26 00:49:00,C01974,P00706,S012,5,19053.8,0.05,85742.1,COD,cancelled,2026-04-26,FESTIVE20
OI3001993,2026-04-26 01:02:00,C02008,P00301,S066,2,84622.51,0.05,NaN_TEXT,UPI,returned,2026-04-26,NEW10
OI3001994,2026-04-26 05:11:00,C00812,P00714,S030,5,78202.6,0.05,371462.35,CARD,cancelled,2026-04-26,
OI3001995,2026-04-26 00:30:00,C02030,P00296,S015,1,64201.56,0.05,60991.48,COD,cancelled,2026-04-26,
OI3001996,2026-04-26 03:35:00,C00247,P00741,S040,4,9080.41,0.2,36321.64,COD,shipped,2026-04-26,
OI3001997,2026-04-26 02:24:00,C00219,P00354,S075,5,17006.45,0.0,76529.03,UPI,delivered,2026-04-26,NEW10
OI3001998,2026-04-26 20:58:00,C02192,P00588,S020,4,14296.19,0.2,45747.81,WALLET,shipped,2026-04-26,
OI3001999,2026-04-26 11:47:00,C01237,P00575,S053,1,22217.67,0.1,19995.9,NETBANKING,delivered,2026-04-26,
OI3002000,2026-04-26 05:00:00,C00392,P00526,S014,6,24784.72,0.05,148708.32,WALLET,returned,2026-04-26,FESTIVE20
OI3000934,2026-04-26 11:44:00,C02059,P00621,S009,3,55549.34,0.05,NaN_TEXT,NETBANKING,returned,2026-04-26,
OI3001460,2026-04-26 00:34:00,C00044,P00111,S035,1,83018.04,0.05,66414.43,COD,shipped,2026-04-26,
OI3001339,2026-04-26 19:34:00,C02149,P00668,S024,2,73520.93,0.05,132337.67,CARD,cancelled,2026-04-26,
OI3001803,2026-04-26 07:16:00,C00049,P00065,S024,6,84092.97,0.0,403646.26,NETBANKING,cancelled,2026-04-26,
OI3000264,2026-04-26 09:49:00,C02030,P00381,S067,3,40514.44,0.05,109388.99,WALLET,shipped,2026-04-26,NEW10
OI3000082,2026-04-26 15:32:00,C00979,P00132,S057,4,65508.38,0.1,235830.17,UPI,cancelled,2026-04-26,NEW10
OI3000340,2026-04-26 22:30:00,C02306,P00053,S025,5,33861.69,0.0,169308.45,COD,delivered,2026-04-26,
OI3000806,2026-04-26 00:37:00,C02218,P00423,S030,5,4575.88,0.0,20591.46,CARD,delivered,2026-04-26,
OI3000070,2026-04-26 06:43:00,C02065,P00618,S038,4,4658.4,0.1,16770.24,COD,returned,2026-04-26,
OI3000686,2026-04-26 00:51:00,C01232,P00076,S051,1,65585.96,0.1,52468.77,NETBANKING,returned,2026-04-26,
OI3001133,2026-04-26 10:23:00,C00889,P00550,S047,1,21781.35,0.05,NaN_TEXT,NETBANKING,shipped,2026-04-26,
OI3000444,2026-04-26 20:45:00,C01742,P00447,S002,1,55077.48,0.1,49569.73,WALLET,cancelled,2026-04-26,
OI3001267,2026-04-26 22:26:00,C00253,P00745,S068,1,26606.4,0.2,23945.76,COD,delivered,2026-04-26,FESTIVE20
OI3001664,2026-04-26 17:18:00,C01244,P00439,S051,3,35995.69,0.2,107987.07,WALLET,cancelled,2026-04-26,FESTIVE20
OI3000783,2026-04-26 15:12:00,C01208,P00035,S072,5,49801.37,0.05,199205.48,WALLET,cancelled,2026-04-26,
OI3000797,2026-04-26 05:39:00,C00907,P00729,S001,1,17472.25,0.1,15725.02,WALLET,returned,2026-04-26,
OI3000363,2026-04-26 18:16:00,C02083,P00284,S063,3,43325.42,0.05,103981.01,NETBANKING,cancelled,2026-04-26,
OI3000731,2026-04-26 03:12:00,C01557,P00033,S035,2,32639.83,0.05,58751.69,WALLET,cancelled,2026-04-26,
OI3000703,2026-04-26 02:07:00,C02474,P00192,S038,3,49831.34,0.0,134544.62,CARD,shipped,2026-04-26,
OI3000084,2026-04-26 23:04:00,C01977,P00641,S068,2,3019.0,0.2,NaN_TEXT,CARD,returned,2026-04-26,NEW10
OI3000169,2026-04-26 10:40:00,C00765,P00435,S042,1,28267.64,0.0,28267.64,UPI,returned,2026-04-26,FESTIVE20
OI3001626,2026-04-26 18:36:00,C02156,P00460,S012,5,58675.02,0.05,293375.1,COD,delivered,2026-04-26,
OI3001684,2026-04-26 18:43:00,C02164,P00437,S043,2,78191.92,0.0,140745.46,CARD,cancelled,2026-04-26,
OI3000382,2026-04-26 11:00:00,C01617,P00582,S015,5,63334.8,0.2,253339.2,UPI,shipped,2026-04-26,FESTIVE20
OI3000904,2026-04-26 13:57:00,C00111,P00747,S030,6,61937.51,0.2,371625.06,WALLET,returned,2026-04-26,
OI3001264,2026-04-26 06:56:00,C00774,P00559,S050,5,72217.82,0.0,361089.1,COD,delivered,2026-04-26,
OI3001044,2026-04-26 00:18:00,C01080,P00628,S013,3,20419.8,0.05,61259.4,WALLET,returned,2026-04-26,
OI3001925,2026-04-26 18:14:00,C00115,P00173,S060,4,69911.56,0.2,223716.99,WALLET,shipped,2026-04-26,
OI3000333,2026-04-26 07:09:00,C00042,P00713,S029,5,9697.27,0.0,43637.72,NETBANKING,cancelled,2026-04-26,
OI3001417,2026-04-26 06:22:00,C00643,P00691,S014,3,26467.14,0.0,71461.28,UPI,delivered,2026-04-26,
OI3000954,2026-04-26 17:20:00,C02226,P00269,S016,6,1133.19,0.0,6459.18,CARD,delivered,2026-04-26,
OI3000230,2026-04-23 10:00:00,C02352,P00766,S021,6,28210.93,0.0,169265.58,COD,shipped,2026-04-26,
OI3001678,2026-04-26 03:44:00,C00563,P00746,S033,3,2911.66,0.05,6987.98,UPI,shipped,2026-04-26,NEW10
OI3000757,2026-04-26 06:19:00,C01490,P00485,S010,3,27946.35,0.1,67071.24,CARD,shipped,2026-04-26,
OI3000604,2026-04-26 10:00:00,C01007,P00109,S060,4,87371.25,0.2,314536.5,NETBANKING,shipped,2026-04-26,
OI3000004,2026-04-26 14:17:00,C02220,P00747,S030,2,61937.51,0.05,117681.27,CARD,shipped,2026-04-26,NEW10
OI3001441,2026-04-26 14:04:00,C02096,P00057,S024,4,55389.84,0.05,199403.42,WALLET,shipped,2026-04-26,NEW10
OI3000756,2026-04-26 18:07:00,C01892,P00668,S068,4,73520.93,0.1,279379.53,WALLET,shipped,2026-04-26,FESTIVE20
OI3001741,2026-04-26 18:09:00,C00245,P00344,S052,5,54347.02,0.05,258148.34,CARD,shipped,2026-04-26,NEW10
OI3000265,2026-04-26 05:07:00,C00365,P00747,S031,2,61937.51,0.1,123875.02,UPI,shipped,2026-04-26,
OI3000643,2026-04-17 10:00:00,C01710,P00285,S013,5,35238.69,0.2,167383.78,UPI,delivered,2026-04-26,
OI3001221,2026-04-26 02:47:00,C00901,P00547,S033,3,5445.8,0.2,13069.92,COD,returned,2026-04-26,
OI3000421,2026-04-26 22:05:00,C00322,P00379,S030,6,50679.03,0.2,288870.47,NETBANKING,shipped,2026-04-26,
OI3001746,2026-04-26 23:21:00,C01675,P00173,S019,1,69911.56,0.1,69911.56,WALLET,shipped,2026-04-26,
OI3000505,2026-04-26 11:00:00,C01045,P00013,S056,3,67005.44,0.1,201016.32,WALLET,returned,2026-04-26,NEW10
