order_id,order_ts,customer_id,product_id,store_id,quantity,unit_price,discount_pct,gross_amount,payment_method,order_status,ingest_date
OI2000001,2026-04-19 09:00:00,C02450,P00433,S010,4,62850.99,0.05,251403.96,CARD,cancelled,2026-04-25
OI2000002,2026-04-25 02:23:00,C01694,P00258,S013,1,68644.21,0.05,68644.21,WALLET,cancelled,2026-04-25
OI2000003,2026-04-25 14:48:00,C00729,P00798,S002,1,76944.83,0.0,61555.86,WALLET,returned,2026-04-25
OI2000004,2026-04-25 00:00:00,C01761,P00021,S066,2,85893.82,0.1,154608.88,NETBANKING,shipped,2026-04-25
OI2000005,2026-04-25 14:43:00,C02108,P00751,S057,2,47815.45,0.05,90849.35,COD,shipped,2026-04-25
OI2000006,2026-04-22 22:00:00,C01262,P00160,S049,5,56754.39,0.2,269583.35,NETBANKING,returned,2026-04-25
OI2000007,2026-04-25 20:39:00,C01928,P00598,S059,6,45122.1,0.1,243659.34,WALLET,shipped,2026-04-25
OI2000008,2026-04-25 02:21:00,C01279,P00194,S046,2,16034.57,0.1,25655.31,WALLET,cancelled,2026-04-25
OI2000009,2026-04-25 18:41:00,C00747,P00388,S008,1,12049.67,0.0,9639.74,UPI,delivered,2026-04-25
OI2000010,2026-04-25 01:45:00,C00280,P00236,S050,4,47950.2,0.1,191800.8,NETBANKING,delivered,2026-04-25
OI2000011,2026-04-25 05:35:00,C02419,P00536,S014,6,36167.32,0.1,217003.92,UPI,delivered,2026-04-25
OI2000012,2026-04-25 07:15:00,C01919,P00339,S063,2,2566.61,0.2,4106.58,COD,shipped,2026-04-25
OI2000013,2026-04-25 06:41:00,C00310,P00609,S015,1,1552.71,0.2,1242.17,UPI,cancelled,2026-04-25
OI2000014,2026-04-25 04:50:00,C01068,P00516,S031,5,6106.6,0.1,30533.0,NETBANKING,cancelled,2026-04-25
OI2000015,2026-04-25 16:04:00,C00943,P00080,S052,1,35894.6,0.1,34099.87,UPI,delivered,2026-04-25
OI2000016,2026-04-25 23:24:00,C01913,P00515,S001,5,1538.5,0.0,6154.0,WALLET,cancelled,2026-04-25
OI2000017,2026-04-25 06:57:00,C01063,P00257,S072,1,66166.78,0.05,62858.44,UPI,returned,2026-04-25
OI2000018,2026-04-25 19:48:00,C02031,P00519,S048,1,28821.3,0.05,25939.17,UPI,delivered,2026-04-25
OI2000019,2026-04-25 18:42:00,C01959,P00629,S034,3,84599.41,0.05,241108.32,NETBANKING,cancelled,2026-04-25
OI2000020,2026-04-25 05:28:00,C01713,P00393,S054,3,84892.48,0.2,203741.95,NETBANKING,returned,2026-04-25
OI2000021,2026-04-25 01:05:00,C02485,P00033,S044,3,32639.83,0.05,78335.59,UPI,returned,2026-04-25
OI2000022,2026-04-25 16:40:00,C02072,P00037,S051,1,27187.86,0.1,25828.47,COD,cancelled,2026-04-25
OI2000023,2026-04-25 01:50:00,C00669,P00055,S058,6,56384.75,0.05,304477.65,CARD,cancelled,2026-04-25
OI2000024,2026-04-25 07:54:00,C02059,P00245,S046,5,66678.53,0.05,333392.65,COD,delivered,2026-04-25
OI2000025,2026-04-25 04:06:00,C02386,P00758,S066,1,79607.14,0.2,75626.78,UPI,returned,2026-04-25
OI2000026,2026-04-25 08:04:00,C01010,P00150,S003,5,30918.13,0.2,139131.58,UPI,cancelled,2026-04-25
OI2000027,2026-04-25 14:43:00,C01776,P00118,S047,1,68692.94,0.0,61823.65,WALLET,cancelled,2026-04-25
OI2000028,2026-04-25 19:22:00,C00098,P00004,S018,5,68176.44,0.2,272705.76,WALLET,cancelled,2026-04-25
OI2000029,2026-04-25 19:57:00,C00226,P00331,S025,2,75229.69,0.1,135413.44,COD,shipped,2026-04-25
OI2000030,2026-04-25 17:58:00,C00566,P00614,S064,1,31775.22,0.05,31775.22,UPI,delivered,2026-04-25
OI2000031,2026-04-25 16:47:00,C02310,,S072,6,89381.89,0.0,429033.07,WALLET,returned,2026-04-25
OI2000032,2026-04-25 14:16:00,C01589,P00767,S026,5,7726.84,0.2,34770.78,COD,cancelled,2026-04-25
OI2000033,2026-04-25 16:34:00,C02086,P00274,S066,1,8584.95,0.0,8584.95,CARD,shipped,2026-04-25
OI2000034,2026-04-25 08:37:00,C02080,P00736,S031,5,33429.26,0.1,158788.99,NETBANKING,returned,2026-04-25
OI2000035,2026-04-22 09:00:00,C01941,P00682,S035,6,13191.5,0.2,71234.1,COD,cancelled,2026-04-25
OI2000036,2026-04-25 01:46:00,C00138,P00580,S042,4,18525.18,0.1,74100.72,COD,cancelled,2026-04-25
OI2000037,2026-04-25 04:33:00,C00092,P00600,S046,3,41659.48,0.1,118729.52,NETBANKING,delivered,2026-04-25
OI2000038,2026-04-25 11:33:00,C01890,P00104,S034,1,32350.86,0.2,30733.32,WALLET,cancelled,2026-04-25
OI2000039,2026-04-25 03:53:00,C01082,P00224,S048,4,78375.62,0.0,313502.48,UPI,delivered,2026-04-25
OI2000040,2026-04-25 13:09:00,C01547,P00076,S006,2,65585.96,0.0,124613.32,COD,returned,2026-04-25
OI2000041,2026-04-25 03:34:00,C00483,P00692,S065,4,73427.15,0.2,293708.6,UPI,cancelled,2026-04-25
OI2000042,2026-04-25 11:40:00,C02386,P00623,S068,1,37629.61,0.2,33866.65,NETBANKING,delivered,2026-04-25
OI2000043,2026-04-25 21:43:00,C00891,P00189,S033,5,20249.95,0.0,80999.8,UPI,returned,2026-04-25
OI2000044,2026-04-25 19:33:00,C01672,P00509,S052,3,46799.63,0.05,133378.95,UPI,returned,2026-04-25
OI2000045,2026-04-25 22:57:00,C01227,P00587,S022,6,23002.92,0.0,131116.64,COD,cancelled,2026-04-25
OI2000046,2026-04-25 11:17:00,C02270,P00409,S009,5,46246.98,0.0,184987.92,NETBANKING,cancelled,2026-04-25
OI2000047,2026-04-25 21:10:00,C00622,P00313,S062,3,35756.37,0.05,101905.65,NETBANKING,shipped,2026-04-25
OI2000048,2026-04-25 17:44:00,C00024,P00799,S020,4,89228.66,0.2,356914.64,CARD,shipped,2026-04-25
OI2000049,2026-04-25 18:06:00,C02415,P00213,S073,3,68661.56,0.1,205984.68,CARD,returned,2026-04-25
OI2000050,2026-04-25 19:11:00,C00229,,S029,2,78088.55,0.1,148368.24,UPI,cancelled,2026-04-25
OI2000051,2026-04-25 06:36:00,C02264,P00216,S023,4,38520.65,0.05,154082.6,UPI,delivered,2026-04-25
OI2000052,2026-04-25 05:14:00,C02496,P00063,S070,2,57300.01,0.0,114600.02,COD,delivered,2026-04-25
OI2000053,2026-04-25 23:26:00,C02166,P00472,S039,5,21594.74,0.1,107973.7,COD,returned,2026-04-25
OI2000054,2026-04-25 14:09:00,C00776,P00424,S001,5,42885.89,0.2,171543.56,NETBANKING,shipped,2026-04-25
OI2000055,2026-04-25 05:29:00,C01548,P00705,S061,6,51936.03,0.2,NaN_TEXT,CARD,returned,2026-04-25
OI2000056,2026-04-25 23:42:00,C00720,P00110,S017,1,85862.06,0.0,81568.96,WALLET,shipped,2026-04-25
OI2000057,2026-04-25 13:36:00,C01420,P00759,S011,3,8490.8,0.1,22925.16,NETBANKING,delivered,2026-04-25
OI2000058,2026-04-25 00:06:00,C02178,P00449,S006,3,37576.69,0.2,90184.06,CARD,returned,2026-04-25
OI2000059,2026-04-25 10:29:00,C00944,P00458,S017,2,79638.67,0.0,159277.34,WALLET,delivered,2026-04-25
OI2000060,2026-04-25 13:38:00,C00280,P00480,S025,1,80821.7,0.1,80821.7,NETBANKING,delivered,2026-04-25
OI2000061,2026-04-25 03:20:00,C01184,P00465,S021,5,49547.43,0.0,198189.72,WALLET,cancelled,2026-04-25
OI2000062,2026-04-25 18:01:00,C00959,P00331,S012,1,75229.69,0.2,60183.75,COD,returned,2026-04-25
OI2000063,2026-04-25 20:23:00,C01475,P00744,S035,2,66393.75,0.2,126148.12,UPI,cancelled,2026-04-25
OI2000064,2026-04-25 07:17:00,C02145,P00531,S055,1,77911.66,0.05,74016.08,COD,returned,2026-04-25
OI2000065,2026-04-25 08:40:00,C01887,P00250,S074,6,1505.23,0.1,9031.38,CARD,delivered,2026-04-25
OI2000066,2026-04-25 17:20:00,C02164,P00605,S052,4,54013.86,0.2,194449.9,NETBANKING,delivered,2026-04-25
OI2000067,2026-04-25 10:27:00,C02498,P00242,S043,5,78088.55,0.1,390442.75,NETBANKING,delivered,2026-04-25
OI2000068,2026-04-25 08:49:00,C00606,P00594,S043,4,84786.09,0.05,322187.14,NETBANKING,shipped,2026-04-25
OI2000069,2026-04-25 04:09:00,C00001,P00010,S045,6,25422.83,0.0,144910.13,CARD,shipped,2026-04-25
OI2000070,2026-04-25 23:40:00,C01812,P00255,S047,3,44820.18,0.1,134460.54,COD,delivered,2026-04-25
OI2000071,2026-04-25 12:23:00,C01233,P00124,S008,1,34862.45,0.05,31376.2,CARD,delivered,2026-04-25
OI2000072,2026-04-25 11:25:00,C01961,P00275,S059,3,26670.55,0.05,72010.49,NETBANKING,delivered,2026-04-25
OI2000073,2026-04-25 17:01:00,C00651,P00338,S020,6,unknown,0.0,bad_amount,NETBANKING,delivered,2026-04-25
OI2000074,2026-04-25 22:13:00,C02218,P00596,S017,3,70133.01,0.2,199879.08,WALLET,shipped,2026-04-25
OI2000075,2026-04-25 00:51:00,C00032,P00235,S038,4,20332.68,0.05,65064.58,NETBANKING,shipped,2026-04-25
OI2000076,2026-04-25 03:16:00,C01158,P00193,S005,6,22377.64,0.0,107412.67,NETBANKING,delivered,2026-04-25
OI2000077,2026-04-25 01:30:00,C00527,P00126,S022,2,59055.7,0.05,112205.83,UPI,delivered,2026-04-25
OI2000078,2026-04-25 08:05:00,C00664,P00308,S031,3,57581.59,0.1,138195.82,UPI,returned,2026-04-25
OI2000079,2026-04-25 14:42:00,C01772,P00130,S058,4,10121.56,0.05,32388.99,COD,cancelled,2026-04-25
OI2000080,2026-04-25 11:19:00,C00627,P00044,S066,3,34466.16,0.0,82718.78,COD,cancelled,2026-04-25
OI2000081,2026-04-25 03:21:00,C00165,P00455,S006,2,42679.32,0.2,85358.64,NETBANKING,cancelled,2026-04-25
OI2000082,2026-04-25 14:20:00,C01194,P00787,S029,5,30646.57,0.1,145571.21,UPI,returned,2026-04-25
OI2000083,2026-04-25 21:22:00,C00373,P00126,S004,6,59055.7,0.1,283467.36,UPI,returned,2026-04-25
OI2000084,2026-04-21 01:00:00,C00049,P00014,S010,6,24907.63,0.05,149445.78,CARD,cancelled,2026-04-25
OI2000085,2026-04-25 20:28:00,C01801,P00210,S015,3,58841.88,0.05,167699.36,UPI,delivered,2026-04-25
OI2000086,2026-04-25 12:32:00,C01527,P00570,S047,1,51025.74,0.2,40820.59,CARD,delivered,2026-04-25
OI2000087,2026-04-25 07:30:00,C00923,P00183,S053,4,66956.49,0.05,241043.36,UPI,cancelled,2026-04-25
OI2000088,2026-04-25 14:41:00,C00956,P00296,S039,1,64201.56,0.1,60991.48,WALLET,delivered,2026-04-25
OI2000089,2026-04-25 07:56:00,C00660,P00361,S005,4,36875.57,0.05,118001.82,NETBANKING,delivered,2026-04-25
OI2000090,2026-04-25 16:58:00,C01657,P00336,S075,1,40699.34,0.2,36629.41,WALLET,returned,2026-04-25
OI2000091,2026-04-25 10:54:00,C01406,P00400,S029,2,27347.38,0.1,49225.28,CARD,returned,2026-04-25
OI2000092,2026-04-25 23:15:00,C01443,P00448,S043,6,33311.51,0.1,189875.61,CARD,delivered,2026-04-25
OI2000093,2026-04-25 05:43:00,C02108,P00587,S068,1,23002.92,0.1,23002.92,WALLET,shipped,2026-04-25
OI2000094,2026-04-25 15:12:00,C02433,P00377,S066,6,61653.87,0.1,295938.58,COD,shipped,2026-04-25
OI2000095,2026-04-25 06:04:00,C01893,P00257,S036,1,66166.78,0.0,66166.78,WALLET,shipped,2026-04-25
OI2000096,2026-04-25 17:03:00,C00737,P00762,S056,1,66417.68,0.1,53134.14,WALLET,cancelled,2026-04-25
OI2000097,2026-04-25 17:03:00,C02058,P00279,S060,3,33752.53,0.1,91131.83,CARD,delivered,2026-04-25
OI2000098,2026-04-25 09:03:00,C01783,P00397,S051,4,unknown,0.05,bad_amount,UPI,returned,2026-04-25
OI2000099,2026-04-25 16:11:00,C00109,P00077,S038,1,83992.66,0.05,83992.66,NETBANKING,shipped,2026-04-25
OI2000100,2026-04-25 09:26:00,C02350,P00665,S059,1,48528.2,0.2,48528.2,WALLET,shipped,2026-04-25
OI2000101,2026-04-25 16:16:00,C01576,P00280,S025,3,77257.9,0.1,208596.33,UPI,delivered,2026-04-25
OI2000102,2026-04-25 07:30:00,C00539,P00569,S009,3,24215.81,0.1,65382.69,COD,returned,2026-04-25
OI2000103,2026-04-25 01:34:00,C02432,P00186,S066,2,52875.22,0.1,100462.92,WALLET,cancelled,2026-04-25
OI2000104,2026-04-25 13:26:00,C01979,P00685,S008,3,50206.6,0.2,135557.82,UPI,cancelled,2026-04-25
OI2000105,2026-04-25 06:01:00,C01431,P00529,S021,3,17985.15,0.1,43164.36,NETBANKING,delivered,2026-04-25
OI2000106,2026-04-25 08:23:00,C01156,P00491,S002,3,6922.87,0.2,NaN_TEXT,WALLET,cancelled,2026-04-25
OI2000107,2026-04-25 18:20:00,C00467,P00765,S021,3,39553.0,0.1,118659.0,NETBANKING,returned,2026-04-25
OI2000108,2026-04-25 03:03:00,C01897,P00611,S066,2,37468.74,0.2,59949.98,WALLET,delivered,2026-04-25
OI2000109,2026-04-25 06:54:00,C00427,P00586,S007,5,1922.83,0.2,9614.15,WALLET,shipped,2026-04-25
OI2000110,2026-04-25 01:23:00,C01918,P00418,S058,5,5921.13,0.05,28125.37,COD,delivered,2026-04-25
OI2000111,2026-04-25 13:36:00,C00781,P00321,S009,6,11658.52,0.0,66453.56,UPI,cancelled,2026-04-25
OI2000112,2026-04-25 23:16:00,C00985,P00473,S030,4,3872.45,0.0,15489.8,UPI,delivered,2026-04-25
OI2000113,2026-04-25 06:30:00,C00834,P00160,S002,2,56754.39,0.0,90807.02,CARD,returned,2026-04-25
OI2000114,2026-04-25 12:19:00,C00635,P00426,S047,2,7233.88,0.05,14467.76,CARD,shipped,2026-04-25
OI2000115,2026-04-25 09:38:00,C00195,P00119,S025,1,53756.74,0.0,48381.07,WALLET,shipped,2026-04-25
OI2000116,2026-04-22 10:00:00,C02449,P00362,S033,6,75849.67,0.2,432343.12,UPI,delivered,2026-04-25
OI2000117,2026-04-25 09:13:00,C01613,P00423,S032,3,4575.88,0.1,10982.11,CARD,shipped,2026-04-25
OI2000118,2026-04-25 08:39:00,C00562,P00735,S048,1,9307.16,0.0,9307.16,UPI,shipped,2026-04-25
OI2000119,2026-04-25 22:28:00,C01740,P00145,S027,6,54447.66,0.05,261348.77,COD,cancelled,2026-04-25
OI2000120,2026-04-25 14:47:00,C00764,P00269,S031,6,1133.19,0.2,6459.18,WALLET,cancelled,2026-04-25
OI2000121,2026-04-25 09:03:00,C02272,P00711,S010,6,67059.62,0.1,402357.72,COD,delivered,2026-04-25
OI2000122,2026-04-25 14:32:00,C00473,P00171,S026,1,698.95,0.05,698.95,UPI,delivered,2026-04-25
OI2000123,2026-04-25 23:03:00,C00260,P00474,S052,3,29119.69,0.05,69887.26,COD,delivered,2026-04-25
OI2000124,2026-04-25 08:37:00,C01425,P00635,S025,2,37326.92,0.0,67188.46,WALLET,returned,2026-04-25
OI2000125,2026-04-25 23:52:00,C02301,P00030,S075,2,36930.25,0.0,66474.45,NETBANKING,delivered,2026-04-25
OI2000126,2026-04-25 15:49:00,C01756,P00485,S029,5,27946.35,0.05,139731.75,CARD,shipped,2026-04-25
OI2000127,2026-04-25 13:26:00,C02021,P00013,S030,5,67005.44,0.1,335027.2,CARD,returned,2026-04-25
OI2000128,2026-04-25 01:49:00,C01818,P00774,S073,2,65685.6,0.2,131371.2,COD,shipped,2026-04-25
OI2000129,2026-04-25 05:41:00,C01062,P00433,S020,5,62850.99,0.05,282829.46,WALLET,cancelled,2026-04-25
OI2000130,2026-04-25 03:33:00,C02085,P00665,S013,4,48528.2,0.1,194112.8,CARD,returned,2026-04-25
OI2000131,2026-04-25 12:02:00,C01438,P00621,S024,2,55549.34,0.1,88878.94,NETBANKING,delivered,2026-04-25
OI2000132,2026-04-25 06:15:00,C00863,P00117,S018,6,74834.72,0.1,359206.66,UPI,cancelled,2026-04-25
OI2000133,2026-04-25 01:38:00,C00055,P00699,S052,6,67726.99,0.2,386043.84,CARD,delivered,2026-04-25
OI2000134,2026-04-25 19:51:00,C00595,P00383,S029,3,13065.11,0.0,37235.56,COD,cancelled,2026-04-25
OI2000135,2026-04-25 12:42:00,C00105,P00673,S068,5,16017.13,0.0,64068.52,WALLET,shipped,2026-04-25
OI2000136,2026-04-25 04:05:00,C01862,P00413,S018,6,81415.77,0.0,464069.89,WALLET,cancelled,2026-04-25
OI2000137,2026-04-25 08:53:00,C02394,P00722,S073,6,75564.96,0.1,408050.78,UPI,cancelled,2026-04-25
OI2000138,2026-04-25 07:45:00,C02258,P00170,S061,2,72347.53,0.2,144695.06,CARD,delivered,2026-04-25
OI2000139,2026-04-25 23:59:00,C02362,P00071,S017,2,45073.73,0.05,72117.97,NETBANKING,delivered,2026-04-25
OI2000140,2026-04-25 21:08:00,C01887,P00679,S021,1,30430.68,0.05,24344.54,COD,returned,2026-04-25
OI2000141,2026-04-25 00:23:00,C01157,P00509,S027,3,46799.63,0.05,140398.89,COD,returned,2026-04-25
OI2000142,2026-04-25 16:03:00,C01075,P00167,S059,2,65097.56,0.2,117175.61,UPI,returned,2026-04-25
OI2000143,2026-04-25 19:54:00,C00101,P00623,S042,6,37629.61,0.2,180622.13,NETBANKING,cancelled,2026-04-25
OI2000144,2026-04-25 12:10:00,C00787,P00567,S032,1,28237.73,0.1,26825.84,COD,delivered,2026-04-25
OI2000145,2026-04-25 13:42:00,C02201,P00259,S065,3,80755.21,0.05,193812.5,WALLET,returned,2026-04-25
OI2000146,2026-04-25 12:55:00,C02218,P00399,S062,1,52543.69,0.2,47289.32,CARD,shipped,2026-04-25
OI2000147,2026-04-25 04:32:00,C00750,P00258,S001,4,68644.21,0.05,247119.16,CARD,shipped,2026-04-25
OI2000148,2026-04-25 03:35:00,C01566,P00715,S048,2,24813.81,0.1,47146.24,UPI,cancelled,2026-04-25
OI2000149,2026-04-25 23:22:00,C01806,P00394,S040,6,15576.88,0.05,93461.28,CARD,delivered,2026-04-25
OI2000150,2026-04-25 10:55:00,C01930,P00074,S016,1,50478.89,0.05,47954.95,NETBANKING,shipped,2026-04-25
OI2000151,2026-04-25 02:29:00,C00934,P00424,S067,2,42885.89,0.05,81483.19,CARD,delivered,2026-04-25
OI2000152,2026-04-25 22:17:00,C02152,P00375,S056,6,2355.85,0.05,11308.08,COD,shipped,2026-04-25
OI2000153,2026-04-25 03:55:00,C00904,P00478,S031,6,82374.84,0.2,469536.59,CARD,cancelled,2026-04-25
OI2000154,2026-04-25 14:48:00,C00895,P00333,S069,3,12534.77,0.2,33843.88,UPI,returned,2026-04-25
OI2000155,2026-04-25 16:05:00,C00167,P00202,S015,3,85633.1,0.0,244054.33,COD,cancelled,2026-04-25
OI2000156,2026-04-25 18:25:00,C02213,P00275,S026,3,26670.55,0.05,76011.07,UPI,shipped,2026-04-25
OI2000157,2026-04-25 08:30:00,C01461,P00085,S027,2,8844.99,0.1,17689.98,CARD,delivered,2026-04-25
OI2000158,2026-04-25 01:29:00,C01112,P00462,S030,1,84326.32,0.1,75893.69,UPI,shipped,2026-04-25
OI2000159,2026-04-25 18:20:00,C00380,P00662,S072,4,30399.21,0.05,115517.0,WALLET,returned,2026-04-25
OI2000160,2026-04-25 06:39:00,C00885,P00712,S035,6,86349.23,0.1,492190.61,COD,shipped,2026-04-25
OI2000161,2026-04-25 10:41:00,C00338,P00572,S018,1,83512.41,0.05,83512.41,CARD,cancelled,2026-04-25
OI2000162,2026-04-25 05:06:00,C01408,P00691,S064,3,26467.14,0.05,75431.35,WALLET,cancelled,2026-04-25
OI2000163,2026-04-25 01:48:00,C02390,P00041,S041,4,70646.68,0.2,226069.38,NETBANKING,returned,2026-04-25
OI2000164,2026-04-25 14:26:00,C00396,P00653,S075,2,64700.15,0.0,116460.27,WALLET,returned,2026-04-25
OI2000165,2026-04-25 10:22:00,C02072,P00444,S048,4,6096.19,0.05,24384.76,WALLET,delivered,2026-04-25
OI2000166,2026-04-19 15:00:00,C00391,P00784,S069,4,19311.58,0.1,77246.32,UPI,cancelled,2026-04-25
OI2000167,2026-04-25 21:38:00,C00988,P00458,S043,3,79638.67,0.05,215024.41,CARD,returned,2026-04-25
OI2000168,2026-04-25 13:11:00,C00867,P00047,S041,1,8657.38,0.05,8657.38,WALLET,cancelled,2026-04-25
OI2000169,2026-04-09 11:00:00,C02407,P00773,S010,6,33311.4,0.1,199868.4,UPI,shipped,2026-04-25
OI2000170,2026-04-25 07:46:00,C00574,P00451,S049,1,70361.03,0.0,70361.03,WALLET,cancelled,2026-04-25
OI2000171,2026-04-25 17:57:00,C00738,P00557,S021,4,unknown,0.05,bad_amount,COD,delivered,2026-04-25
OI2000172,2026-04-25 23:15:00,C00936,P00496,S028,1,35826.7,0.1,28661.36,COD,shipped,2026-04-25
OI2000173,2026-04-25 10:55:00,C00958,P00463,S072,6,25685.87,0.2,123292.18,CARD,shipped,2026-04-25
OI2000174,2026-04-25 13:14:00,C01358,P00785,S042,6,73997.56,0.2,355188.29,COD,returned,2026-04-25
OI2000175,2026-04-25 03:11:00,C01032,P00398,S050,6,86219.46,0.0,413853.41,CARD,returned,2026-04-25
OI2000176,2026-04-25 13:04:00,C01186,P00072,S067,5,63585.51,0.2,286134.79,COD,returned,2026-04-25
OI2000177,2026-04-25 18:40:00,C02057,P00089,S029,6,54798.93,0.1,312353.9,WALLET,cancelled,2026-04-25
OI2000178,2026-04-25 02:36:00,C01023,P00580,S008,2,18525.18,0.05,35197.84,NETBANKING,shipped,2026-04-25
OI2000179,2026-04-25 22:05:00,C02316,P00630,S059,3,27086.8,0.2,81260.4,NETBANKING,shipped,2026-04-25
OI2000180,2026-04-25 22:29:00,C00145,P00142,S003,6,85536.27,0.0,461895.86,NETBANKING,shipped,2026-04-25
OI2000181,2026-04-25 13:10:00,C01493,P00190,S067,1,41382.21,0.1,37243.99,NETBANKING,shipped,2026-04-25
OI2000182,2026-04-25 11:20:00,C02183,P00450,S019,3,70829.61,0.0,201864.39,CARD,delivered,2026-04-25
OI2000183,2026-04-25 22:50:00,C01300,P00779,S023,2,44900.37,0.0,80820.67,CARD,delivered,2026-04-25
OI2000184,2026-04-25 08:48:00,C01106,P00178,S033,4,unknown,0.2,bad_amount,NETBANKING,returned,2026-04-25
OI2000185,2026-04-25 15:04:00,C02097,P00577,S066,3,60430.85,0.0,145034.04,WALLET,cancelled,2026-04-25
OI2000186,2026-04-25 15:14:00,C00539,P00440,S059,6,19592.08,0.2,117552.48,UPI,cancelled,2026-04-25
OI2000187,2026-04-25 05:41:00,C00610,P00241,S028,4,12427.11,0.1,39766.75,UPI,shipped,2026-04-25
OI2000188,2026-04-25 13:32:00,C01230,P00535,S021,2,38049.19,0.05,60878.7,UPI,delivered,2026-04-25
OI2000189,2026-04-25 11:36:00,C00434,P00378,S060,2,3535.63,0.1,6717.7,WALLET,cancelled,2026-04-25
OI2000190,2026-04-25 03:03:00,C00013,P00667,S030,1,83084.21,0.05,66467.37,NETBANKING,returned,2026-04-25
OI2000191,2026-04-25 07:58:00,C02404,P00337,S072,3,88382.35,0.1,212117.64,WALLET,returned,2026-04-25
OI2000192,2026-04-25 12:31:00,C02450,P00537,S060,5,7847.07,0.0,35311.82,UPI,returned,2026-04-25
OI2000193,2026-04-25 10:16:00,C02494,P00062,S042,1,29846.68,0.2,23877.34,CARD,delivered,2026-04-25
OI2000194,2026-04-25 03:56:00,C01797,P00726,S025,1,51078.66,0.05,51078.66,COD,shipped,2026-04-25
OI2000195,2026-04-25 00:00:00,C01363,P00689,S054,2,50562.19,0.1,96068.16,NETBANKING,delivered,2026-04-25
OI2000196,2026-04-25 23:58:00,C01174,P00222,S055,1,53115.56,0.05,47804.0,UPI,shipped,2026-04-25
OI2000197,2026-04-25 21:51:00,C02325,P00117,S067,6,74834.72,0.05,NaN_TEXT,NETBANKING,shipped,2026-04-25
OI2000198,2026-04-25 15:10:00,C00985,P00791,S065,1,54939.76,0.0,49445.78,COD,delivered,2026-04-25
OI2000199,2026-04-25 20:18:00,C01116,P00570,S063,3,51025.74,0.2,137769.5,CARD,cancelled,2026-04-25
OI2000200,2026-04-25 01:36:00,C01430,P00190,S045,3,41382.21,0.0,99317.3,UPI,shipped,2026-04-25
OI2000201,2026-04-25 16:33:00,C01038,P00268,S049,2,1367.81,0.1,2188.5,WALLET,shipped,2026-04-25
OI2000202,2026-04-25 21:59:00,C02183,P00528,S069,2,3660.3,0.2,6954.57,COD,cancelled,2026-04-25
OI2000203,2026-04-25 17:37:00,C00264,P00695,S022,3,78265.88,0.05,211317.88,WALLET,cancelled,2026-04-25
OI2000204,2026-04-25 07:58:00,C01222,P00446,S068,2,86120.56,0.05,172241.12,NETBANKING,shipped,2026-04-25
OI2000205,2026-04-25 09:31:00,C01725,P00171,S055,4,698.95,0.0,2236.64,COD,delivered,2026-04-25
OI2000206,2026-04-25 22:18:00,C02023,P00181,S059,3,19954.26,0.0,56869.64,UPI,shipped,2026-04-25
OI2000207,2026-04-25 19:10:00,C02328,P00308,S062,6,57581.59,0.2,276391.63,COD,cancelled,2026-04-25
OI2000208,2026-04-25 13:46:00,C01306,P00402,S045,2,87853.14,0.05,175706.28,CARD,delivered,2026-04-25
OI2000209,2026-04-25 11:03:00,C00136,P00425,S046,2,65862.3,0.0,125138.37,CARD,returned,2026-04-25
OI2000210,2026-04-25 20:02:00,C01549,P00559,S016,5,72217.82,0.2,361089.1,NETBANKING,returned,2026-04-25
OI2000211,2026-04-25 18:19:00,C01189,P00060,S047,2,28646.51,0.2,57293.02,COD,delivered,2026-04-25
OI2000212,2026-04-25 09:58:00,C01734,P00141,S001,1,7162.54,0.2,6446.29,COD,returned,2026-04-25
OI2000213,2026-04-07 14:00:00,C02482,P00368,S014,2,46678.84,0.1,88689.8,UPI,cancelled,2026-04-25
OI2000214,2026-04-25 22:18:00,C02344,P00492,S010,4,27240.35,0.2,98065.26,WALLET,cancelled,2026-04-25
OI2000215,2026-04-25 15:15:00,C00069,P00784,S069,5,19311.58,0.0,91730.01,WALLET,cancelled,2026-04-25
OI2000216,2026-04-25 08:00:00,C00131,P00260,S035,2,41841.84,0.05,83683.68,WALLET,returned,2026-04-25
OI2000217,2026-04-25 05:42:00,C00300,P00566,S011,4,56559.9,0.0,226239.6,WALLET,cancelled,2026-04-25
OI2000218,2026-04-25 12:31:00,C01249,P00695,S004,3,78265.88,0.2,234797.64,CARD,shipped,2026-04-25
OI2000219,2026-04-25 05:23:00,C00429,P00467,S069,4,3621.18,0.1,11587.78,UPI,cancelled,2026-04-25
OI2000220,2026-04-25 05:22:00,C00518,P00734,S061,1,20878.89,0.05,20878.89,COD,returned,2026-04-25
OI2000221,2026-04-25 13:28:00,C01765,P00617,S024,3,71882.12,0.1,172517.09,COD,delivered,2026-04-25
OI2000222,2026-04-25 05:59:00,C01589,P00591,S058,3,40822.83,0.2,122468.49,COD,returned,2026-04-25
OI2000223,2026-04-25 07:32:00,C00417,P00232,S034,2,38830.73,0.2,73778.39,COD,returned,2026-04-25
OI2000224,2026-04-25 17:45:00,C02353,P00665,S061,6,48528.2,0.2,276610.74,UPI,delivered,2026-04-25
OI2000225,2026-04-25 13:50:00,C00385,P00472,S030,3,21594.74,0.0,61545.01,WALLET,shipped,2026-04-25
OI2000226,2026-04-25 01:00:00,C00511,P00182,S064,2,51122.18,0.05,81795.49,NETBANKING,shipped,2026-04-25
OI2000227,2026-04-25 03:27:00,C00733,P00023,S032,3,19766.23,0.0,47438.95,WALLET,shipped,2026-04-25
OI2000228,2026-04-25 07:22:00,C00045,P00346,S055,1,21611.47,0.2,21611.47,COD,shipped,2026-04-25
OI2000229,2026-04-25 06:16:00,C00950,P00587,S041,5,23002.92,0.05,109263.87,NETBANKING,returned,2026-04-25
OI2000230,2026-04-25 13:57:00,C00114,P00356,S045,2,80320.66,0.05,128513.06,NETBANKING,returned,2026-04-25
OI2000231,2026-04-25 21:33:00,C00486,P00234,S033,4,36179.83,0.1,115775.46,WALLET,returned,2026-04-25
OI2000232,2026-04-25 10:53:00,C00958,P00775,S057,6,21695.86,0.1,117157.64,WALLET,delivered,2026-04-25
OI2000233,2026-04-25 21:38:00,C02364,P00368,S008,1,46678.84,0.05,37343.07,WALLET,delivered,2026-04-25
OI2000234,2026-04-25 11:33:00,C00259,P00476,S037,6,18858.59,0.05,113151.54,UPI,cancelled,2026-04-25
OI2000235,2026-04-25 03:13:00,C00164,P00103,S043,1,33555.66,0.2,30200.09,COD,returned,2026-04-25
OI2000236,2026-04-25 12:50:00,C01242,P00610,S001,2,42014.11,0.1,79826.81,COD,delivered,2026-04-25
OI2000237,2026-04-25 19:51:00,C00542,P00760,S003,2,38540.65,0.05,61665.04,CARD,shipped,2026-04-25
OI2000238,2026-04-25 01:32:00,C00920,P00598,S052,6,45122.1,0.0,257195.97,NETBANKING,shipped,2026-04-25
OI2000239,2026-04-25 18:46:00,C02315,P00155,S026,6,50875.13,0.05,274725.7,CARD,delivered,2026-04-25
OI2000240,2026-04-25 02:36:00,C00327,P00666,S021,6,36707.68,0.1,176196.86,NETBANKING,cancelled,2026-04-25
OI2000241,2026-04-25 01:32:00,C00768,,S013,6,57300.01,0.1,343800.06,WALLET,shipped,2026-04-25
OI2000242,2026-04-25 14:48:00,C02048,P00487,S030,5,82880.04,0.2,372960.18,CARD,returned,2026-04-25
OI2000243,2026-04-25 19:44:00,C02342,P00625,S036,3,19780.97,0.05,53408.62,CARD,returned,2026-04-25
OI2000244,2026-04-25 02:38:00,C00405,P00384,S037,4,66621.3,0.0,266485.2,CARD,delivered,2026-04-25
OI2000245,2026-04-25 11:01:00,C01821,P00346,S034,4,21611.47,0.2,69156.7,UPI,delivered,2026-04-25
OI2000246,2026-04-25 18:51:00,C00527,P00582,S050,1,63334.8,0.2,60168.06,COD,returned,2026-04-25
OI2000247,2026-04-25 06:41:00,C01602,P00215,S046,1,18263.0,0.1,14610.4,WALLET,delivered,2026-04-25
OI2000248,2026-04-25 00:49:00,C00531,P00530,S022,4,69539.84,0.05,264251.39,CARD,returned,2026-04-25
OI2000249,2026-04-25 21:28:00,C00297,P00309,S036,2,30383.15,0.2,54689.67,UPI,delivered,2026-04-25
OI2000250,2026-04-25 03:49:00,C02288,P00298,S075,3,78345.78,0.0,188029.87,CARD,delivered,2026-04-25
OI2000251,2026-04-25 03:31:00,C01914,P00200,S013,5,53037.26,0.05,265186.3,NETBANKING,delivered,2026-04-25
OI2000252,2026-04-25 09:05:00,C00330,P00664,S066,1,83397.91,0.0,83397.91,NETBANKING,delivered,2026-04-25
OI2000253,2026-04-25 07:15:00,C01930,P00497,S008,1,74754.17,0.1,67278.75,WALLET,delivered,2026-04-25
OI2000254,2026-04-25 09:21:00,C01716,P00274,S069,6,8584.95,0.0,41207.76,WALLET,returned,2026-04-25
OI2000255,2026-04-25 06:49:00,C00239,P00504,S054,6,13355.18,0.05,72117.97,NETBANKING,delivered,2026-04-25
OI2000256,2026-04-25 03:48:00,C01852,P00434,S057,5,66817.96,0.0,334089.8,CARD,cancelled,2026-04-25
OI2000257,2026-04-25 18:04:00,C01776,P00677,S074,3,89809.83,0.1,242486.54,WALLET,returned,2026-04-25
OI2000258,2026-04-25 19:54:00,C00414,P00290,S038,6,48750.05,0.05,292500.3,CARD,returned,2026-04-25
OI2000259,2026-04-19 16:00:00,C00327,P00124,S031,4,34862.45,0.1,139449.8,NETBANKING,cancelled,2026-04-25
OI2000260,2026-04-25 21:21:00,C00021,P00614,S040,2,31775.22,0.1,50840.35,CARD,delivered,2026-04-25
OI2000261,2026-04-25 16:19:00,C00230,P00074,S067,5,50478.89,0.05,252394.45,UPI,cancelled,2026-04-25
OI2000262,2026-04-25 21:40:00,C02005,P00334,S027,1,16032.79,0.0,14429.51,UPI,shipped,2026-04-25
OI2000263,2026-04-25 20:38:00,C00380,P00421,S051,4,5130.48,0.0,20521.92,NETBANKING,delivered,2026-04-25
OI2000264,2026-04-25 08:29:00,C01700,P00676,S072,2,18432.07,0.1,33177.73,WALLET,shipped,2026-04-25
OI2000265,2026-04-25 12:32:00,C00654,P00146,S016,2,18705.7,0.2,33670.26,WALLET,cancelled,2026-04-25
OI2000266,2026-04-25 19:25:00,C01793,P00776,S010,6,85783.24,0.2,411759.55,NETBANKING,cancelled,2026-04-25
OI2000267,2026-04-25 17:46:00,C02479,P00153,S028,1,7551.63,0.05,7174.05,CARD,cancelled,2026-04-25
OI2000268,2026-04-25 00:05:00,C00171,P00462,S043,1,84326.32,0.1,67461.06,NETBANKING,delivered,2026-04-25
OI2000269,2026-04-25 05:46:00,C00952,P00750,S021,5,62995.9,0.0,299230.52,CARD,returned,2026-04-25
OI2000270,2026-04-25 07:25:00,C01862,P00794,S067,4,79522.54,0.1,318090.16,CARD,cancelled,2026-04-25
OI2000271,2026-04-11 00:00:00,C01878,P00245,S073,2,66678.53,0.2,106685.65,COD,returned,2026-04-25
OI2000272,2026-04-25 17:46:00,C00749,P00256,S060,2,2640.76,0.1,5017.44,WALLET,cancelled,2026-04-25
OI2000273,2026-04-25 03:11:00,C01934,P00724,S064,4,19761.05,0.0,71139.78,WALLET,cancelled,2026-04-25
OI2000274,2026-04-25 17:09:00,C02428,P00227,S050,6,57830.24,0.05,277585.15,NETBANKING,cancelled,2026-04-25
OI2000275,2026-04-25 09:22:00,C01261,P00028,S040,4,37057.72,0.2,133407.79,CARD,cancelled,2026-04-25
OI2000276,2026-04-25 04:00:00,C01389,P00499,S023,4,2275.21,0.0,8190.76,UPI,delivered,2026-04-25
OI2000277,2026-04-25 02:59:00,C00673,P00203,S065,3,24833.93,0.05,70776.7,UPI,cancelled,2026-04-25
OI2000278,2026-04-25 07:48:00,C01080,P00296,S070,2,64201.56,0.2,102722.5,COD,returned,2026-04-25
OI2000279,2026-04-25 05:04:00,C01723,P00294,S020,2,5174.19,0.2,8278.7,WALLET,delivered,2026-04-25
OI2000280,2026-04-25 12:47:00,C01249,P00605,S018,6,54013.86,0.05,291674.84,UPI,delivered,2026-04-25
OI2000281,2026-04-25 07:47:00,C02441,P00302,S037,6,2251.07,0.05,13506.42,UPI,cancelled,2026-04-25
OI2000282,2026-04-25 01:21:00,C01793,P00001,S037,5,unknown,0.2,bad_amount,CARD,delivered,2026-04-25
OI2000283,2026-04-25 18:07:00,C02062,P00120,S058,4,20014.73,0.2,76055.97,NETBANKING,shipped,2026-04-25
OI2000284,2026-04-25 03:05:00,C01727,P00003,S057,1,30753.26,0.0,24602.61,COD,cancelled,2026-04-25
OI2000285,2026-04-25 12:17:00,C00156,P00624,S039,6,89193.1,0.05,508400.67,WALLET,shipped,2026-04-25
OI2000286,2026-04-25 06:01:00,C01731,P00765,S025,4,39553.0,0.2,142390.8,NETBANKING,delivered,2026-04-25
OI2000287,2026-04-25 22:26:00,C01074,P00390,S004,5,19279.15,0.05,86756.18,WALLET,delivered,2026-04-25
OI2000288,2026-04-25 10:30:00,C00670,P00375,S009,2,2355.85,0.1,4476.11,WALLET,returned,2026-04-25
OI2000289,2026-04-25 22:41:00,C01436,P00587,S029,6,23002.92,0.1,110414.02,NETBANKING,cancelled,2026-04-25
OI2000290,2026-04-25 11:34:00,C01506,P00485,S069,3,27946.35,0.0,83839.05,CARD,returned,2026-04-25
OI2000291,2026-04-25 04:56:00,C02417,P00693,S033,5,87763.65,0.2,394936.42,NETBANKING,shipped,2026-04-25
OI2000292,2026-04-25 02:29:00,C01230,P00526,S042,5,24784.72,0.05,111531.24,CARD,shipped,2026-04-25
OI2000293,2026-04-25 08:32:00,C01264,P00329,S050,2,4843.15,0.2,9686.3,COD,delivered,2026-04-25
OI2000294,2026-04-25 23:59:00,C01553,P00557,S075,5,unknown,0.0,bad_amount,CARD,cancelled,2026-04-25
OI2000295,2026-04-25 23:11:00,C00155,,S074,4,10740.11,0.0,34368.35,WALLET,cancelled,2026-04-25
OI2000296,2026-04-25 20:40:00,C00325,P00316,S005,1,22142.03,0.05,22142.03,COD,cancelled,2026-04-25
OI2000297,2026-04-25 23:05:00,C01243,P00502,S031,2,33644.21,0.2,53830.74,WALLET,returned,2026-04-25
OI2000298,2026-04-25 10:07:00,C01453,P00030,S008,5,36930.25,0.2,175418.69,NETBANKING,cancelled,2026-04-25
OI2000299,2026-04-25 08:43:00,C01454,P00526,S068,1,24784.72,0.1,23545.48,CARD,cancelled,2026-04-25
OI2000300,2026-04-25 01:00:00,C00997,P00675,S040,3,15278.52,0.2,36668.45,UPI,shipped,2026-04-25
OI2000301,2026-04-25 03:58:00,C00246,P00506,S048,6,67853.0,0.1,366406.2,NETBANKING,returned,2026-04-25
OI2000302,2026-04-25 16:00:00,C00870,P00255,S026,1,44820.18,0.2,44820.18,NETBANKING,shipped,2026-04-25
OI2000303,2026-04-25 06:00:00,C02369,P00440,S061,4,19592.08,0.1,74449.9,UPI,delivered,2026-04-25
OI2000304,2026-04-25 05:15:00,C01227,P00357,S029,6,51437.39,0.1,308624.34,CARD,shipped,2026-04-25
OI2000305,2026-04-25 21:05:00,C00679,P00355,S059,6,45826.4,0.05,247462.56,COD,cancelled,2026-04-25
OI2000306,2026-04-25 06:12:00,C01157,,S062,2,81005.35,0.2,153910.17,NETBANKING,cancelled,2026-04-25
OI2000307,2026-04-25 10:15:00,C01770,P00478,S006,2,82374.84,0.1,148274.71,CARD,delivered,2026-04-25
OI2000308,2026-04-25 09:18:00,C01548,P00225,S010,2,28968.34,0.2,46349.34,COD,cancelled,2026-04-25
OI2000309,2026-04-25 09:03:00,C01816,P00469,S027,4,87510.96,0.1,315039.46,UPI,shipped,2026-04-25
OI2000310,2026-04-25 21:39:00,C01380,P00753,S067,3,25183.45,0.2,67995.32,CARD,returned,2026-04-25
OI2000311,2026-04-25 02:34:00,C00099,P00021,S061,2,85893.82,0.2,154608.88,WALLET,cancelled,2026-04-25
OI2000312,2026-04-25 14:08:00,C00049,P00697,S019,2,52433.96,0.1,104867.92,CARD,delivered,2026-04-25
OI2000313,2026-04-25 21:31:00,C01607,P00766,S045,4,28210.93,0.2,107201.53,WALLET,shipped,2026-04-25
OI2000314,2026-04-25 15:18:00,C00267,P00736,S059,1,33429.26,0.1,33429.26,CARD,delivered,2026-04-25
OI2000315,2026-04-25 06:15:00,C00082,P00045,S052,2,9818.72,0.0,15709.95,UPI,returned,2026-04-25
OI2000316,2026-04-25 05:49:00,C01963,P00393,S069,3,84892.48,0.1,241943.57,WALLET,returned,2026-04-25
OI2000317,2026-04-25 21:37:00,C02019,P00206,S061,4,17488.11,0.0,62957.2,UPI,cancelled,2026-04-25
OI2000318,2026-04-25 21:05:00,C01341,P00467,S019,1,3621.18,0.05,2896.94,WALLET,delivered,2026-04-25
OI2000319,2026-04-25 11:32:00,C00545,P00577,S029,4,60430.85,0.1,193378.72,NETBANKING,cancelled,2026-04-25
OI2000320,2026-04-14 00:00:00,C00606,P00020,S061,2,55234.97,0.2,104946.44,COD,delivered,2026-04-25
OI2000321,2026-04-14 05:00:00,C00864,P00169,S035,2,41370.63,0.0,74467.13,NETBANKING,delivered,2026-04-25
OI2000322,2026-04-25 02:11:00,C00737,P00643,S052,4,7484.53,0.2,26944.31,COD,delivered,2026-04-25
OI2000323,2026-04-25 12:46:00,C00484,P00649,S053,5,58841.77,0.0,294208.85,UPI,shipped,2026-04-25
OI2000324,2026-04-25 07:49:00,C01590,P00515,S073,4,1538.5,0.1,5538.6,COD,delivered,2026-04-25
OI2000325,2026-04-25 13:06:00,C01687,P00710,S037,2,87048.32,0.05,165391.81,CARD,delivered,2026-04-25
OI2000326,2026-04-25 09:43:00,C00212,P00118,S035,3,68692.94,0.2,185470.94,UPI,cancelled,2026-04-25
OI2000327,2026-04-25 19:43:00,C02262,P00092,S011,1,65681.17,0.2,62397.11,CARD,cancelled,2026-04-25
OI2000328,2026-04-25 03:02:00,C02427,P00407,S054,3,17806.09,0.05,48076.44,NETBANKING,shipped,2026-04-25
OI2000329,2026-04-25 22:54:00,C00731,P00127,S039,2,51755.42,0.1,93159.76,WALLET,shipped,2026-04-25
OI2000330,2026-04-18 10:00:00,C01122,P00461,S050,4,40245.92,0.1,160983.68,NETBANKING,shipped,2026-04-25
OI2000331,2026-04-25 04:40:00,C02497,P00495,S013,6,63282.68,0.05,341726.47,COD,cancelled,2026-04-25
OI2000332,2026-04-25 07:13:00,C01055,P00361,S072,1,36875.57,0.1,33188.01,COD,shipped,2026-04-25
OI2000333,2026-04-25 12:49:00,C00146,P00602,S040,5,25905.25,0.2,116573.62,WALLET,delivered,2026-04-25
OI2000334,2026-04-25 04:29:00,C01831,P00331,S011,2,75229.69,0.0,142936.41,UPI,returned,2026-04-25
OI2000335,2026-04-25 23:39:00,C00673,P00533,S034,5,71506.81,0.0,321780.65,NETBANKING,delivered,2026-04-25
OI2000336,2026-04-19 22:00:00,C02130,P00189,S032,6,20249.95,0.1,121499.7,UPI,shipped,2026-04-25
OI2000337,2026-04-25 05:32:00,C01734,P00763,S050,2,2774.01,0.2,4993.22,WALLET,shipped,2026-04-25
OI2000338,2026-04-25 03:15:00,C02300,P00302,S027,3,2251.07,0.1,6753.21,WALLET,returned,2026-04-25
OI2000339,2026-04-25 15:14:00,C00801,P00694,S055,1,unknown,0.0,bad_amount,COD,cancelled,2026-04-25
OI2000340,2026-04-25 11:33:00,C01164,P00277,S012,6,75613.95,0.2,362946.96,WALLET,delivered,2026-04-25
OI2000341,2026-04-25 11:16:00,C02427,P00513,S022,1,72010.17,0.0,68409.66,COD,cancelled,2026-04-25
OI2000342,2026-04-25 21:58:00,C02149,P00502,S037,4,33644.21,0.2,107661.47,NETBANKING,cancelled,2026-04-25
OI2000343,2026-04-11 23:00:00,C00714,P00553,S005,5,29491.73,0.0,140085.72,WALLET,returned,2026-04-25
OI2000344,2026-04-25 00:34:00,C01386,P00235,S039,4,20332.68,0.1,81330.72,WALLET,shipped,2026-04-25
OI2000345,2026-04-25 23:09:00,C00056,P00716,S072,6,16985.02,0.05,91719.11,WALLET,cancelled,2026-04-25
OI2000346,2026-04-25 22:41:00,C01803,P00086,S053,5,80804.46,0.1,404022.3,CARD,cancelled,2026-04-25
OI2000347,2026-04-25 11:05:00,C02312,P00780,S052,6,36021.81,0.05,216130.86,CARD,delivered,2026-04-25
OI2000348,2026-04-25 02:24:00,C01285,P00096,S028,6,37305.33,0.05,212640.38,UPI,returned,2026-04-25
OI2000349,2026-04-25 06:17:00,C01551,P00356,S053,2,80320.66,0.05,152609.25,COD,delivered,2026-04-25
OI2000350,2026-04-25 10:00:00,C01573,P00701,S008,3,440.53,0.1,1189.43,NETBANKING,shipped,2026-04-25
OI2000351,2026-04-25 11:41:00,C00107,P00434,S033,1,66817.96,0.0,66817.96,UPI,returned,2026-04-25
OI2000352,2026-04-25 12:18:00,C02394,P00008,S009,3,8710.16,0.0,23517.43,CARD,delivered,2026-04-25
OI2000353,2026-04-25 15:45:00,C01616,P00551,S044,1,37605.09,0.1,37605.09,WALLET,cancelled,2026-04-25
OI2000354,2026-04-25 09:00:00,C01840,P00119,S043,5,53756.74,0.05,241905.33,COD,returned,2026-04-25
OI2000355,2026-04-25 23:43:00,C00012,P00749,S042,1,19123.72,0.1,18167.53,WALLET,returned,2026-04-25
OI2000356,2026-04-25 22:18:00,C01808,P00506,S049,3,67853.0,0.1,162847.2,WALLET,delivered,2026-04-25
OI2000357,2026-04-25 11:12:00,C01463,P00524,S059,1,19552.66,0.1,17597.39,CARD,shipped,2026-04-25
OI2000358,2026-04-25 21:45:00,C01058,P00252,S021,6,62580.71,0.1,337935.83,CARD,delivered,2026-04-25
OI2000359,2026-04-25 07:56:00,C00316,P00566,S072,5,56559.9,0.2,226239.6,WALLET,delivered,2026-04-25
OI2000360,2026-04-25 15:19:00,C00731,P00470,S020,4,44361.62,0.2,159701.83,NETBANKING,shipped,2026-04-25
OI2000361,2026-04-25 12:30:00,C01230,P00289,S074,4,69467.49,0.05,263976.46,CARD,cancelled,2026-04-25
OI2000362,2026-04-25 09:00:00,C01147,P00035,S056,2,49801.37,0.1,89642.47,NETBANKING,returned,2026-04-25
OI2000363,2026-04-25 23:42:00,C00339,P00770,S029,6,4472.87,0.1,24153.5,CARD,cancelled,2026-04-25
OI2000364,2026-04-25 06:52:00,C00036,P00288,S064,1,68471.77,0.0,68471.77,NETBANKING,returned,2026-04-25
OI2000365,2026-04-25 14:15:00,C01368,P00320,S020,6,7007.48,0.0,39942.64,WALLET,delivered,2026-04-25
OI2000366,2026-04-25 22:19:00,C00199,P00489,S015,1,83719.94,0.2,66975.95,CARD,cancelled,2026-04-25
OI2000367,2026-04-25 17:13:00,C01044,P00245,S044,5,66678.53,0.2,266714.12,NETBANKING,returned,2026-04-25
OI2000368,2026-04-25 15:19:00,C01244,P00381,S073,6,40514.44,0.0,218777.98,NETBANKING,delivered,2026-04-25
OI2000369,2026-04-25 11:23:00,C00625,P00181,S011,5,19954.26,0.0,79817.04,UPI,delivered,2026-04-25
OI2000370,2026-04-25 15:20:00,C01516,P00037,S021,6,27187.86,0.1,154970.8,UPI,delivered,2026-04-25
OI2000371,2026-04-25 21:02:00,C00132,P00070,S063,3,46092.54,0.05,124449.86,NETBANKING,shipped,2026-04-25
OI2000372,2026-04-25 00:03:00,C01617,P00381,S034,3,40514.44,0.1,121543.32,COD,shipped,2026-04-25
OI2000373,2026-04-25 11:37:00,C02385,P00373,S067,6,41626.23,0.2,224781.64,NETBANKING,shipped,2026-04-25
OI2000374,2026-04-25 16:19:00,C01235,P00748,S008,5,33758.25,0.0,168791.25,CARD,returned,2026-04-25
OI2000375,2026-04-25 00:43:00,C02142,P00714,S018,6,78202.6,0.2,445754.82,NETBANKING,returned,2026-04-25
OI2000376,2026-04-18 20:00:00,C01165,P00607,S007,6,17947.36,0.05,107684.16,CARD,shipped,2026-04-25
OI2000377,2026-04-25 09:06:00,C01702,P00348,S036,6,58959.99,0.05,283007.95,CARD,returned,2026-04-25
OI2000378,2026-04-25 10:17:00,C00915,P00385,S021,5,36980.6,0.1,184903.0,UPI,returned,2026-04-25
OI2000379,2026-04-25 16:42:00,C01013,P00421,S008,5,5130.48,0.2,20521.92,CARD,cancelled,2026-04-25
OI2000380,2026-04-25 16:58:00,C00200,P00680,S060,4,70711.89,0.1,268705.18,CARD,returned,2026-04-25
OI2000381,2026-04-25 06:23:00,C00553,P00229,S047,1,78587.43,0.0,70728.69,WALLET,delivered,2026-04-25
OI2000382,2026-04-25 16:29:00,C00594,P00069,S007,3,42833.72,0.0,122076.1,UPI,shipped,2026-04-25
OI2000383,2026-04-25 06:50:00,C01888,P00031,S068,3,29725.2,0.1,89175.6,COD,shipped,2026-04-25
OI2000384,2026-04-25 17:22:00,C01635,P00591,S075,2,40822.83,0.05,77563.38,WALLET,cancelled,2026-04-25
OI2000385,2026-04-25 05:00:00,C00615,P00370,S009,6,39280.5,0.1,235683.0,UPI,delivered,2026-04-25
OI2000386,2026-04-25 01:37:00,C00014,P00485,S054,6,27946.35,0.1,159294.19,UPI,delivered,2026-04-25
OI2000387,2026-04-25 04:14:00,C02235,P00087,S075,4,36333.32,0.0,145333.28,NETBANKING,returned,2026-04-25
OI2000388,2026-04-25 11:32:00,C00742,P00442,S027,6,74693.65,0.0,425753.8,CARD,shipped,2026-04-25
OI2000389,2026-04-25 03:03:00,C00583,P00380,S061,5,49138.78,0.2,221124.51,WALLET,returned,2026-04-25
OI2000390,2026-04-25 19:59:00,C00645,P00424,S014,1,42885.89,0.0,38597.3,NETBANKING,shipped,2026-04-25
OI2000391,2026-04-17 12:00:00,C01665,P00125,S031,5,14785.78,0.1,73928.9,COD,delivered,2026-04-25
OI2000392,2026-04-25 01:04:00,C01402,P00126,S060,1,59055.7,0.2,56102.91,WALLET,returned,2026-04-25
OI2000393,2026-04-25 04:46:00,C00372,P00659,S023,2,78806.84,0.05,126090.94,COD,shipped,2026-04-25
OI2000394,2026-04-25 12:53:00,C01286,P00221,S037,1,12154.88,0.0,12154.88,CARD,cancelled,2026-04-25
OI2000395,2026-04-25 00:55:00,C02137,P00368,S021,2,46678.84,0.1,93357.68,WALLET,delivered,2026-04-25
OI2000396,2026-04-25 00:34:00,C00746,P00417,S013,1,72983.1,0.2,72983.1,CARD,delivered,2026-04-25
OI2000397,2026-04-25 05:30:00,C02175,P00056,S058,4,26763.85,0.0,85644.32,NETBANKING,returned,2026-04-25
OI2000398,2026-04-25 23:17:00,C02185,P00635,S019,2,37326.92,0.1,67188.46,COD,delivered,2026-04-25
OI2000399,2026-04-25 15:36:00,C02098,P00021,S009,4,85893.82,0.2,343575.28,CARD,cancelled,2026-04-25
OI2000400,2026-04-25 14:38:00,C01960,P00034,S069,2,26173.66,0.1,47112.59,NETBANKING,delivered,2026-04-25
OI2000401,2026-04-25 15:34:00,C01934,P00648,S027,1,62566.2,0.2,56309.58,CARD,shipped,2026-04-25
OI2000402,2026-04-25 16:15:00,C01212,P00684,S071,3,19175.41,0.1,54649.92,COD,delivered,2026-04-25
OI2000403,2026-04-25 05:36:00,C00365,P00621,S018,4,55549.34,0.1,177757.89,WALLET,cancelled,2026-04-25
OI2000404,2026-04-15 11:00:00,C01272,P00355,S061,1,45826.4,0.05,43535.08,NETBANKING,delivered,2026-04-25
OI2000405,2026-04-25 01:03:00,C01634,P00007,S053,5,26020.02,0.1,130100.1,UPI,returned,2026-04-25
OI2000406,2026-04-25 15:22:00,C00281,P00605,S064,3,54013.86,0.0,153939.5,UPI,shipped,2026-04-25
OI2000407,2026-04-25 05:20:00,C00145,P00575,S018,2,22217.67,0.05,44435.34,WALLET,delivered,2026-04-25
OI2000408,2026-04-25 07:50:00,C02226,P00207,S002,2,28855.83,0.2,51940.49,WALLET,cancelled,2026-04-25
OI2000409,2026-04-25 23:05:00,C00496,P00292,S021,3,42029.99,0.1,113480.97,COD,returned,2026-04-25
OI2000410,2026-04-25 16:42:00,C00922,P00462,S046,6,84326.32,0.2,455362.13,NETBANKING,shipped,2026-04-25
OI2000411,2026-04-25 05:31:00,C02221,P00022,S072,1,71723.42,0.2,68137.25,CARD,returned,2026-04-25
OI2000412,2026-04-25 15:10:00,C00850,P00775,S058,3,21695.86,0.0,58578.82,WALLET,returned,2026-04-25
OI2000413,2026-04-25 03:02:00,C00545,P00748,S046,2,33758.25,0.05,64140.67,UPI,returned,2026-04-25
OI2000414,2026-04-25 01:51:00,C00222,P00755,S037,2,20738.03,0.2,41476.06,UPI,delivered,2026-04-25
OI2000415,2026-04-25 05:08:00,C02245,P00500,S005,3,89625.7,0.0,215101.68,CARD,returned,2026-04-25
OI2000416,2026-04-25 09:05:00,C00932,P00511,S075,4,73756.93,0.0,236022.18,NETBANKING,shipped,2026-04-25
OI2000417,2026-04-25 11:49:00,C02167,P00397,S042,6,unknown,0.0,bad_amount,COD,returned,2026-04-25
OI2000418,2026-04-25 13:15:00,C01450,P00177,S032,1,12844.15,0.1,12201.94,WALLET,shipped,2026-04-25
OI2000419,2026-04-25 23:15:00,C01879,P00381,S049,1,40514.44,0.05,32411.55,WALLET,delivered,2026-04-25
OI2000420,2026-04-25 10:35:00,C01841,P00332,S013,3,8547.0,0.05,23076.9,UPI,returned,2026-04-25
OI2000421,2026-04-10 02:00:00,C00491,P00781,S007,3,55747.2,0.1,158879.52,WALLET,delivered,2026-04-25
OI2000422,2026-04-25 13:21:00,C01631,P00624,S012,6,89193.1,0.1,481642.74,UPI,shipped,2026-04-25
OI2000423,2026-04-25 17:45:00,C00513,P00787,S072,6,30646.57,0.2,183879.42,UPI,returned,2026-04-25
OI2000424,2026-04-25 22:53:00,C02203,P00218,S001,5,65078.6,0.2,260314.4,CARD,delivered,2026-04-25
OI2000425,2026-04-25 20:24:00,C01766,P00437,S068,2,78191.92,0.0,156383.84,NETBANKING,cancelled,2026-04-25
OI2000426,2026-04-25 01:14:00,C00864,P00468,S075,2,12660.84,0.2,20257.34,UPI,shipped,2026-04-25
OI2000427,2026-04-25 02:52:00,C00528,P00670,S010,3,38746.57,0.05,104615.74,UPI,shipped,2026-04-25
OI2000428,2026-04-25 18:10:00,C00663,P00014,S013,3,24907.63,0.2,74722.89,WALLET,delivered,2026-04-25
OI2000429,2026-04-25 07:15:00,C02164,P00679,S037,6,30430.68,0.05,182584.08,CARD,delivered,2026-04-25
OI2000430,2026-04-25 10:33:00,C02069,P00019,S048,6,44202.95,0.1,265217.7,NETBANKING,returned,2026-04-25
OI2000431,2026-04-25 22:21:00,C01514,P00658,S034,6,unknown,0.1,bad_amount,NETBANKING,shipped,2026-04-25
OI2000432,2026-04-25 21:57:00,C01134,P00687,S017,4,32039.5,0.05,121750.1,COD,delivered,2026-04-25
OI2000433,2026-04-25 07:31:00,C00948,P00488,S034,6,9724.96,0.05,52514.78,COD,cancelled,2026-04-25
OI2000434,2026-04-25 03:13:00,C02273,P00532,S052,2,14865.84,0.2,29731.68,CARD,returned,2026-04-25
OI2000435,2026-04-25 11:58:00,C00645,P00718,S031,3,70342.87,0.1,200477.18,WALLET,shipped,2026-04-25
OI2000436,2026-04-25 01:00:00,C00591,P00500,S029,4,89625.7,0.05,340577.66,UPI,returned,2026-04-25
OI2000437,2026-04-25 16:48:00,C02281,P00450,S033,2,70829.61,0.05,141659.22,CARD,delivered,2026-04-25
OI2000438,2026-04-25 12:39:00,C00289,P00253,S007,1,55610.55,0.2,52830.02,COD,cancelled,2026-04-25
OI2000439,2026-04-25 09:08:00,C01894,P00374,S023,3,45543.07,0.05,122966.29,WALLET,shipped,2026-04-25
OI2000440,2026-04-25 03:16:00,C01931,P00056,S041,2,26763.85,0.05,53527.7,WALLET,returned,2026-04-25
OI2000441,2026-04-25 02:18:00,C01267,P00429,S029,2,54171.73,0.2,97509.11,UPI,cancelled,2026-04-25
OI2000442,2026-04-25 02:07:00,C00116,P00311,S036,3,68128.81,0.05,183947.79,NETBANKING,cancelled,2026-04-25
OI2000443,2026-04-25 17:03:00,C00748,P00313,S047,6,35756.37,0.05,214538.22,COD,returned,2026-04-25
OI2000444,2026-04-25 01:28:00,C01639,P00729,S062,3,17472.25,0.0,41933.4,CARD,delivered,2026-04-25
OI2000445,2026-04-25 15:19:00,C01256,P00765,S070,3,39553.0,0.0,118659.0,CARD,shipped,2026-04-25
OI2000446,2026-04-25 19:16:00,C00013,P00369,S047,2,20639.77,0.0,39215.56,COD,returned,2026-04-25
OI2000447,2026-04-25 18:52:00,C00413,P00145,S035,3,54447.66,0.0,147008.68,UPI,returned,2026-04-25
OI2000448,2026-04-25 11:05:00,C01423,P00728,S041,2,86279.25,0.0,155302.65,WALLET,delivered,2026-04-25
OI2000449,2026-04-25 14:15:00,C01249,P00071,S032,4,45073.73,0.0,162265.43,WALLET,delivered,2026-04-25
OI2000450,2026-04-25 09:24:00,C02111,P00357,S058,5,51437.39,0.05,231468.26,WALLET,delivered,2026-04-25
OI2000451,2026-04-25 14:28:00,C00038,P00539,S005,1,10497.22,0.0,8397.78,WALLET,delivered,2026-04-25
OI2000452,2026-04-25 23:25:00,C02084,P00413,S074,4,81415.77,0.0,325663.08,UPI,returned,2026-04-25
OI2000453,2026-04-25 13:31:00,C01605,P00360,S011,1,53919.75,0.1,48527.78,UPI,returned,2026-04-25
OI2000454,2026-04-25 08:21:00,C01928,P00164,S012,3,55729.33,0.2,150469.19,CARD,returned,2026-04-25
OI2000455,2026-04-25 02:54:00,C01109,P00635,S033,5,37326.92,0.2,149307.68,UPI,shipped,2026-04-25
OI2000456,2026-04-09 02:00:00,C00010,P00256,S061,3,2640.76,0.0,7526.17,CARD,delivered,2026-04-25
OI2000457,2026-04-25 11:24:00,C00387,P00351,S024,2,50547.87,0.1,80876.59,UPI,shipped,2026-04-25
OI2000458,2026-04-25 19:44:00,C01681,P00467,S064,6,3621.18,0.05,21727.08,UPI,returned,2026-04-25
OI2000459,2026-04-25 01:29:00,C00300,P00504,S060,2,13355.18,0.2,25374.84,NETBANKING,returned,2026-04-25
OI2000460,2026-04-25 10:23:00,C00740,P00556,S025,5,78737.66,0.05,374003.89,NETBANKING,delivered,2026-04-25
OI2000461,2026-04-25 13:41:00,C01416,P00321,S075,3,11658.52,0.05,34975.56,NETBANKING,cancelled,2026-04-25
OI2000462,2026-04-11 17:00:00,C00633,P00131,S011,4,13602.82,0.0,51690.72,CARD,cancelled,2026-04-25
OI2000463,2026-04-25 00:17:00,C01192,P00642,S061,6,3715.45,0.1,22292.7,COD,delivered,2026-04-25
OI2000464,2026-04-25 08:00:00,C00759,P00164,S056,1,55729.33,0.1,44583.46,NETBANKING,returned,2026-04-25
OI2000465,2026-04-12 00:00:00,C00172,P00568,S038,3,3769.83,0.05,11309.49,UPI,delivered,2026-04-25
OI2000466,2026-04-25 11:08:00,C01760,P00469,S009,6,87510.96,0.1,525065.76,UPI,delivered,2026-04-25
OI2000467,2026-04-25 02:48:00,C02272,P00693,S009,5,87763.65,0.05,438818.25,COD,shipped,2026-04-25
OI2000468,2026-04-25 09:26:00,C01896,P00346,S009,5,21611.47,0.05,108057.35,NETBANKING,delivered,2026-04-25
OI2000469,2026-04-25 11:15:00,C02073,P00475,S059,5,2194.3,0.05,10422.92,UPI,delivered,2026-04-25
OI2000470,2026-04-25 11:27:00,C01852,P00589,S061,2,4394.23,0.0,7909.61,CARD,shipped,2026-04-25
OI2000471,2026-04-25 07:06:00,C01364,P00697,S042,5,52433.96,0.2,249061.31,WALLET,cancelled,2026-04-25
OI2000472,2026-04-25 07:19:00,C00331,P00261,S057,6,unknown,0.05,bad_amount,CARD,delivered,2026-04-25
OI2000473,2026-04-25 07:23:00,C00682,P00285,S035,4,35238.69,0.2,126859.28,CARD,returned,2026-04-25
OI2000474,2026-04-25 21:15:00,C00302,P00110,S034,3,85862.06,0.05,257586.18,COD,delivered,2026-04-25
OI2000475,2026-04-25 00:35:00,C02015,P00174,S072,5,73064.68,0.1,328791.06,UPI,returned,2026-04-25
OI2000476,2026-04-25 06:07:00,C01011,,S006,6,68085.26,0.2,408511.56,CARD,shipped,2026-04-25
OI2000477,2026-04-25 13:14:00,C01164,P00015,S055,3,83918.53,0.2,251755.59,COD,cancelled,2026-04-25
OI2000478,2026-04-25 08:01:00,C01542,P00115,S056,5,65194.16,0.05,293373.72,CARD,shipped,2026-04-25
OI2000479,2026-04-25 03:58:00,C02425,P00220,S017,1,30894.86,0.2,30894.86,WALLET,delivered,2026-04-25
OI2000480,2026-04-25 21:54:00,C02190,P00782,S032,5,60281.01,0.2,271264.54,NETBANKING,cancelled,2026-04-25
OI2000481,2026-04-25 12:31:00,C00349,P00049,S014,6,5379.25,0.05,25820.4,WALLET,shipped,2026-04-25
OI2000482,2026-04-25 09:22:00,C01245,P00672,S057,1,48105.37,0.05,38484.3,WALLET,delivered,2026-04-25
OI2000483,2026-04-25 16:55:00,C00119,P00389,S009,4,85324.61,0.0,273038.75,NETBANKING,shipped,2026-04-25
OI2000484,2026-04-25 14:09:00,C00998,P00428,S035,6,68085.26,0.05,367660.4,NETBANKING,shipped,2026-04-25
OI2000485,2026-04-25 04:55:00,C01467,P00284,S024,1,43325.42,0.05,38992.88,WALLET,returned,2026-04-25
OI2000486,2026-04-25 00:14:00,C01066,P00615,S055,3,89289.59,0.05,214295.02,COD,shipped,2026-04-25
OI2000487,2026-04-25 17:22:00,C02073,P00027,S052,1,80091.77,0.2,64073.42,UPI,cancelled,2026-04-25
OI2000488,2026-04-25 16:44:00,C02255,P00266,S073,6,46560.04,0.1,265392.23,WALLET,cancelled,2026-04-25
OI2000489,2026-04-25 05:48:00,C00353,P00538,S066,4,50198.57,0.0,190754.57,CARD,shipped,2026-04-25
OI2000490,2026-04-25 15:45:00,C00158,P00630,S063,1,27086.8,0.1,21669.44,NETBANKING,shipped,2026-04-25
OI2000491,2026-04-25 04:16:00,C02399,P00553,S059,6,29491.73,0.05,141560.3,UPI,returned,2026-04-25
OI2000492,2026-04-25 13:35:00,C01470,P00765,S011,6,39553.0,0.0,225452.1,WALLET,delivered,2026-04-25
OI2000493,2026-04-25 14:24:00,C01255,P00291,S034,1,85457.95,0.0,76912.15,NETBANKING,cancelled,2026-04-25
OI2000494,2026-04-25 10:27:00,C00105,P00672,S044,4,48105.37,0.2,182800.41,WALLET,cancelled,2026-04-25
OI2000495,2026-04-25 14:19:00,C00239,P00374,S063,4,45543.07,0.05,163955.05,NETBANKING,shipped,2026-04-25
OI2000496,2026-04-25 12:16:00,C00842,P00534,S058,3,37722.72,0.2,101851.34,WALLET,delivered,2026-04-25
OI2000497,2026-04-25 06:28:00,C02032,P00153,S058,3,7551.63,0.0,20389.4,COD,cancelled,2026-04-25
OI2000498,2026-04-25 18:59:00,C01714,P00288,S062,4,68471.77,0.1,273887.08,COD,delivered,2026-04-25
OI2000499,2026-04-25 17:31:00,C01945,P00303,S059,4,65636.84,0.0,262547.36,CARD,shipped,2026-04-25
OI2000500,2026-04-25 18:50:00,C00590,P00576,S073,5,80278.32,0.0,361252.44,UPI,cancelled,2026-04-25
OI2000501,2026-04-25 15:21:00,C02282,P00370,S023,5,39280.5,0.05,157122.0,WALLET,delivered,2026-04-25
OI2000502,2026-04-25 19:43:00,C00078,P00185,S026,3,23407.15,0.05,70221.45,COD,cancelled,2026-04-25
OI2000503,2026-04-25 22:25:00,C01025,P00702,S002,2,48813.44,0.05,92745.54,COD,delivered,2026-04-25
OI2000504,2026-04-25 12:53:00,C01730,P00172,S026,2,6407.28,0.0,11533.1,COD,delivered,2026-04-25
OI2000505,2026-04-25 22:15:00,C01088,P00139,S019,4,87469.0,0.1,314888.4,NETBANKING,returned,2026-04-25
OI2000506,2026-04-25 20:30:00,C02425,P00317,S018,1,26767.64,0.2,26767.64,WALLET,cancelled,2026-04-25
OI2000507,2026-04-25 10:15:00,C00532,P00474,S056,5,29119.69,0.05,138318.53,COD,shipped,2026-04-25
OI2000508,2026-04-25 18:50:00,C00766,P00203,S067,1,24833.93,0.0,22350.54,CARD,returned,2026-04-25
OI2000509,2026-04-25 08:01:00,C01470,P00097,S034,4,23401.12,0.1,88924.26,WALLET,shipped,2026-04-25
OI2000510,2026-04-11 01:00:00,C02368,P00401,S005,2,47944.88,0.05,76711.81,UPI,cancelled,2026-04-25
OI2000511,2026-04-25 22:02:00,C01121,P00784,S034,5,19311.58,0.2,77246.32,UPI,returned,2026-04-25
OI2000512,2026-04-25 13:34:00,C01685,P00611,S009,5,37468.74,0.1,187343.7,NETBANKING,returned,2026-04-25
OI2000513,2026-04-25 20:56:00,C02385,P00379,S015,6,50679.03,0.2,288870.47,CARD,delivered,2026-04-25
OI2000514,2026-04-25 21:41:00,C01154,P00434,S036,1,66817.96,0.2,63477.06,COD,returned,2026-04-25
OI2000515,2026-04-25 06:56:00,C01012,P00053,S009,6,33861.69,0.1,203170.14,WALLET,cancelled,2026-04-25
OI2000516,2026-04-25 11:26:00,C00452,P00100,S040,2,30848.93,0.1,61697.86,WALLET,shipped,2026-04-25
OI2000517,2026-04-14 03:00:00,C00916,P00537,S069,2,7847.07,0.1,12555.31,NETBANKING,returned,2026-04-25
OI2000518,2026-04-25 08:39:00,C01555,P00688,S073,5,77591.66,0.05,349162.47,COD,delivered,2026-04-25
OI2000519,2026-04-25 00:46:00,C02434,P00017,S025,2,13696.86,0.05,27393.72,WALLET,cancelled,2026-04-25
OI2000520,2026-04-25 07:47:00,C00308,P00432,S030,5,7269.25,0.2,34528.94,WALLET,delivered,2026-04-25
OI2000521,2026-04-25 23:37:00,C02495,P00798,S037,6,76944.83,0.05,369335.18,NETBANKING,returned,2026-04-25
OI2000522,2026-04-25 15:17:00,C00264,,S058,3,67853.0,0.1,162847.2,COD,delivered,2026-04-25
OI2000523,2026-04-25 09:22:00,C00300,P00602,S026,1,25905.25,0.05,23314.73,NETBANKING,returned,2026-04-25
OI2000524,2026-04-25 11:51:00,C00626,P00158,S070,3,89292.41,0.0,241089.51,CARD,delivered,2026-04-25
OI2000525,2026-04-25 17:38:00,C02430,P00702,S024,6,48813.44,0.2,263592.58,NETBANKING,delivered,2026-04-25
OI2000526,2026-04-25 02:03:00,C00075,P00365,S016,3,16567.6,0.1,49702.8,COD,shipped,2026-04-25
OI2000527,2026-04-25 07:20:00,C01093,P00527,S019,5,62863.63,0.2,314318.15,UPI,delivered,2026-04-25
OI2000528,2026-04-25 11:11:00,C01435,P00270,S024,6,40733.2,0.0,232179.24,CARD,delivered,2026-04-25
OI2000529,2026-04-25 04:23:00,C00378,P00296,S020,5,64201.56,0.0,321007.8,WALLET,returned,2026-04-25
OI2000530,2026-04-25 12:46:00,C01790,P00495,S055,4,63282.68,0.1,202504.58,WALLET,delivered,2026-04-25
OI2000531,2026-04-25 04:24:00,C01342,P00065,S066,6,84092.97,0.0,454102.04,COD,cancelled,2026-04-25
OI2000532,2026-04-25 06:11:00,C00989,P00339,S029,5,2566.61,0.05,12191.4,UPI,delivered,2026-04-25
OI2000533,2026-04-25 13:23:00,C02421,P00054,S032,4,17827.3,0.0,67743.74,COD,cancelled,2026-04-25
OI2000534,2026-04-25 21:10:00,C01826,P00710,S057,5,87048.32,0.1,391717.44,UPI,cancelled,2026-04-25
OI2000535,2026-04-25 19:59:00,C00862,P00789,S047,6,46207.17,0.0,277243.02,CARD,cancelled,2026-04-25
OI2000536,2026-04-25 14:10:00,C02110,P00621,S031,1,55549.34,0.0,52771.87,NETBANKING,delivered,2026-04-25
OI2000537,2026-04-25 06:24:00,C00823,P00643,S028,1,7484.53,0.05,7110.3,CARD,delivered,2026-04-25
OI2000538,2026-04-25 04:25:00,C00782,P00639,S005,2,71673.79,0.2,143347.58,CARD,shipped,2026-04-25
OI2000539,2026-04-25 02:42:00,C02002,P00670,S008,3,38746.57,0.1,92991.77,NETBANKING,returned,2026-04-25
OI2000540,2026-04-25 22:21:00,C00994,P00637,S074,3,76462.55,0.1,217918.27,WALLET,shipped,2026-04-25
OI2000541,2026-04-25 01:59:00,C01549,P00656,S061,6,35109.15,0.1,168523.92,WALLET,returned,2026-04-25
OI2000542,2026-04-25 17:46:00,C02186,P00703,S047,3,15220.71,0.2,43379.02,NETBANKING,shipped,2026-04-25
OI2000543,2026-04-25 22:54:00,C00366,P00063,S028,4,57300.01,0.2,229200.04,COD,cancelled,2026-04-25
OI2000544,2026-04-10 18:00:00,C02265,P00646,S054,6,54586.6,0.05,311143.62,UPI,shipped,2026-04-25
OI2000545,2026-04-25 04:46:00,C01924,P00321,S042,3,11658.52,0.05,27980.45,CARD,cancelled,2026-04-25
OI2000546,2026-04-25 13:48:00,C02497,P00609,S050,3,1552.71,0.1,4425.22,COD,delivered,2026-04-25
OI2000547,2026-04-25 11:13:00,C01783,P00004,S030,5,68176.44,0.0,340882.2,NETBANKING,cancelled,2026-04-25
OI2000548,2026-04-25 18:14:00,C00396,P00545,S038,1,77517.8,0.0,77517.8,NETBANKING,cancelled,2026-04-25
OI2000549,2026-04-25 12:12:00,C01842,P00586,S043,6,1922.83,0.2,10383.28,WALLET,shipped,2026-04-25
OI2000550,2026-04-25 17:39:00,C02238,P00479,S038,5,14454.91,0.0,68660.82,COD,delivered,2026-04-25
OI2000551,2026-04-25 00:54:00,C00379,P00372,S073,2,1357.87,0.2,2172.59,COD,shipped,2026-04-25
OI2000552,2026-04-25 12:15:00,C00470,P00676,S004,5,18432.07,0.05,92160.35,NETBANKING,returned,2026-04-25
OI2000553,2026-04-25 20:22:00,C00942,P00544,S034,5,15583.82,0.0,62335.28,WALLET,returned,2026-04-25
OI2000554,2026-04-25 00:41:00,C01678,P00516,S003,6,6106.6,0.05,32975.64,COD,shipped,2026-04-25
OI2000555,2026-04-25 14:48:00,C02236,P00245,S009,4,66678.53,0.2,213371.3,NETBANKING,delivered,2026-04-25
OI2000556,2026-04-25 14:36:00,C00478,P00125,S044,6,14785.78,0.0,70971.74,COD,delivered,2026-04-25
OI2000557,2026-04-16 07:00:00,C01057,P00450,S029,5,70829.61,0.1,283318.44,WALLET,shipped,2026-04-25
OI2000558,2026-04-25 14:12:00,C02118,P00137,S064,4,47851.67,0.05,191406.68,NETBANKING,cancelled,2026-04-25
OI2000559,2026-04-25 08:00:00,C02063,P00288,S024,2,68471.77,0.1,123249.19,WALLET,returned,2026-04-25
OI2000560,2026-04-25 02:45:00,C01802,P00208,S052,1,51425.08,0.1,46282.57,NETBANKING,delivered,2026-04-25
OI2000561,2026-04-25 04:03:00,C01376,P00424,S043,5,42885.89,0.0,192986.51,UPI,shipped,2026-04-25
OI2000562,2026-04-25 19:47:00,C00002,P00073,S065,3,79505.04,0.1,238515.12,NETBANKING,returned,2026-04-25
OI2000563,2026-04-09 21:00:00,C01809,P00542,S047,2,79244.19,0.1,126790.7,UPI,cancelled,2026-04-25
OI2000564,2026-04-25 12:56:00,C01772,P00407,S062,5,17806.09,0.05,71224.36,NETBANKING,cancelled,2026-04-25
OI2000565,2026-04-25 17:47:00,C01866,P00557,S052,3,unknown,0.1,bad_amount,WALLET,delivered,2026-04-25
OI2000566,2026-04-25 00:01:00,C01455,P00022,S050,1,71723.42,0.0,68137.25,NETBANKING,returned,2026-04-25
OI2000567,2026-04-25 06:52:00,C00302,P00140,S059,5,33601.76,0.05,159608.36,UPI,cancelled,2026-04-25
OI2000568,2026-04-25 08:00:00,C02036,P00637,S039,2,76462.55,0.2,145278.85,WALLET,shipped,2026-04-25
OI2000569,2026-04-25 06:41:00,C02411,P00249,S070,5,39118.67,0.05,195593.35,COD,delivered,2026-04-25
OI2000570,2026-04-25 21:17:00,C01714,P00594,S068,2,84786.09,0.2,161093.57,COD,cancelled,2026-04-25
OI2000571,2026-04-25 21:01:00,C01789,P00571,S015,3,25003.47,0.2,60008.33,WALLET,shipped,2026-04-25
OI2000572,2026-04-25 07:12:00,C02328,P00386,S001,4,84773.95,0.2,339095.8,CARD,returned,2026-04-25
OI2000573,2026-04-25 10:12:00,C01384,P00186,S007,6,52875.22,0.1,301388.75,CARD,shipped,2026-04-25
OI2000574,2026-04-25 04:48:00,C01958,P00004,S074,1,68176.44,0.2,54541.15,NETBANKING,returned,2026-04-25
OI2000575,2026-04-25 13:53:00,C01363,P00634,S061,4,unknown,0.1,bad_amount,UPI,shipped,2026-04-25
OI2000576,2026-04-25 10:16:00,C01962,P00372,S021,1,1357.87,0.05,1086.3,NETBANKING,delivered,2026-04-25
OI2000577,2026-04-25 19:38:00,C01368,P00438,S007,1,37810.18,0.0,35919.67,CARD,shipped,2026-04-25
OI2000578,2026-04-25 09:05:00,C01633,P00275,S030,1,26670.55,0.1,25337.02,CARD,delivered,2026-04-25
OI2000579,2026-04-25 15:57:00,C00553,P00468,S059,2,12660.84,0.1,22789.51,CARD,cancelled,2026-04-25
OI2000580,2026-04-25 15:42:00,C01750,P00507,S068,3,13122.94,0.05,31495.06,COD,returned,2026-04-25
OI2000581,2026-04-25 02:36:00,C01226,P00309,S042,1,30383.15,0.1,28863.99,UPI,shipped,2026-04-25
OI2000582,2026-04-25 20:53:00,C00343,P00462,S031,2,84326.32,0.1,151787.38,COD,cancelled,2026-04-25
OI2000583,2026-04-25 06:23:00,C02267,P00745,S046,2,26606.4,0.1,53212.8,COD,returned,2026-04-25
OI2000584,2026-04-25 03:15:00,C02282,P00312,S032,1,8221.56,0.05,6577.25,UPI,returned,2026-04-25
OI2000585,2026-04-25 12:46:00,C01072,P00794,S019,3,79522.54,0.1,238567.62,UPI,cancelled,2026-04-25
OI2000586,2026-04-25 14:56:00,C00937,P00507,S019,6,13122.94,0.05,74800.76,NETBANKING,delivered,2026-04-25
OI2000587,2026-04-25 22:03:00,C00185,P00259,S065,3,80755.21,0.2,242265.63,CARD,shipped,2026-04-25
OI2000588,2026-04-25 14:09:00,C00666,P00666,S034,6,36707.68,0.05,220246.08,WALLET,delivered,2026-04-25
OI2000589,2026-04-25 19:06:00,C01252,P00202,S016,5,85633.1,0.0,385348.95,WALLET,delivered,2026-04-25
OI2000590,2026-04-25 09:49:00,C00531,P00409,S040,3,46246.98,0.0,138740.94,WALLET,shipped,2026-04-25
OI2000591,2026-04-25 15:55:00,C01195,P00359,S073,3,74405.37,0.05,NaN_TEXT,WALLET,shipped,2026-04-25
OI2000592,2026-04-11 18:00:00,C01413,P00264,S021,3,8603.44,0.2,24519.8,UPI,shipped,2026-04-25
OI2000593,2026-04-25 01:59:00,C01511,P00125,S069,6,14785.78,0.0,84278.95,CARD,shipped,2026-04-25
OI2000594,2026-04-25 01:47:00,C01477,P00142,S055,3,85536.27,0.1,NaN_TEXT,COD,delivered,2026-04-25
OI2000595,2026-04-25 08:02:00,C02098,P00362,S007,3,75849.67,0.05,227549.01,CARD,returned,2026-04-25
OI2000596,2026-04-25 07:50:00,C01377,P00108,S009,2,65125.65,0.1,104201.04,WALLET,shipped,2026-04-25
OI2000597,2026-04-25 07:27:00,C00218,P00678,S027,6,85826.41,0.2,489210.54,UPI,cancelled,2026-04-25
OI2000598,2026-04-25 09:36:00,C01406,P00438,S046,5,37810.18,0.0,170145.81,COD,returned,2026-04-25
OI2000599,2026-04-25 15:50:00,C00991,P00582,S051,3,63334.8,0.05,190004.4,COD,returned,2026-04-25
OI2000600,2026-04-25 14:59:00,C00686,P00503,S015,2,15722.73,0.05,28300.91,UPI,shipped,2026-04-25
OI2000601,2026-04-25 13:11:00,C01001,P00514,S042,1,68041.59,0.2,64639.51,NETBANKING,cancelled,2026-04-25
OI2000602,2026-04-25 22:48:00,C00386,P00170,S057,1,72347.53,0.1,72347.53,CARD,delivered,2026-04-25
OI2000603,2026-04-25 17:49:00,C00255,P00079,S047,3,45291.18,0.05,129079.86,NETBANKING,delivered,2026-04-25
OI2000604,2026-04-08 04:00:00,C00786,P00107,S035,1,53454.24,0.2,42763.39,CARD,delivered,2026-04-25
OI2000605,2026-04-25 11:13:00,C00692,P00117,S042,3,74834.72,0.05,213278.95,WALLET,returned,2026-04-25
OI2000606,2026-04-25 09:12:00,C00788,P00792,S041,2,89381.89,0.1,143011.02,NETBANKING,returned,2026-04-25
OI2000607,2026-04-25 13:46:00,C02361,P00231,S019,4,71889.3,0.2,287557.2,CARD,delivered,2026-04-25
OI2000608,2026-04-25 12:52:00,C00420,P00170,S061,6,72347.53,0.05,390676.66,NETBANKING,cancelled,2026-04-25
OI2000609,2026-04-25 02:34:00,C01299,P00402,S060,6,87853.14,0.2,500762.9,UPI,shipped,2026-04-25
OI2000610,2026-04-25 10:44:00,C00169,P00356,S049,1,80320.66,0.2,72288.59,NETBANKING,delivered,2026-04-25
OI2000611,2026-04-25 21:43:00,C01330,P00216,S025,2,38520.65,0.1,69337.17,COD,shipped,2026-04-25
OI2000612,2026-04-25 03:30:00,C00906,P00798,S035,1,76944.83,0.2,69250.35,CARD,cancelled,2026-04-25
OI2000613,2026-04-25 13:46:00,C00363,P00073,S068,2,79505.04,0.0,143109.07,COD,cancelled,2026-04-25
OI2000614,2026-04-25 16:31:00,C01927,P00333,S048,2,12534.77,0.2,25069.54,CARD,delivered,2026-04-25
OI2000615,2026-04-19 02:00:00,C00955,P00200,S034,1,53037.26,0.0,42429.81,WALLET,delivered,2026-04-25
OI2000616,2026-04-25 05:19:00,C01115,P00253,S008,5,55610.55,0.05,222442.2,NETBANKING,delivered,2026-04-25
OI2000617,2026-04-25 14:32:00,C00728,P00115,S029,2,65194.16,0.1,130388.32,CARD,cancelled,2026-04-25
OI2000618,2026-04-25 11:47:00,C00043,P00371,S066,1,59685.88,0.2,56701.59,WALLET,returned,2026-04-25
OI2000619,2026-04-25 22:56:00,C01666,P00666,S071,3,36707.68,0.05,88098.43,NETBANKING,returned,2026-04-25
OI2000620,2026-04-25 04:37:00,C00481,P00541,S056,5,70944.79,0.1,336987.75,NETBANKING,delivered,2026-04-25
OI2000621,2026-04-25 21:53:00,C01040,P00625,S056,1,19780.97,0.05,19780.97,NETBANKING,cancelled,2026-04-25
OI2000622,2026-04-25 22:59:00,C00842,P00585,S036,6,64199.22,0.2,365935.55,COD,cancelled,2026-04-25
OI2000623,2026-04-25 22:02:00,C00170,P00667,S053,1,83084.21,0.05,74775.79,NETBANKING,returned,2026-04-25
OI2000624,2026-04-25 01:31:00,C02254,P00688,S015,2,77591.66,0.05,124146.66,NETBANKING,delivered,2026-04-25
OI2000625,2026-04-25 07:49:00,C01136,P00261,S054,3,unknown,0.05,bad_amount,COD,returned,2026-04-25
OI2000626,2026-04-25 13:48:00,C01671,P00685,S008,2,50206.6,0.2,90371.88,COD,shipped,2026-04-25
OI2000627,2026-04-25 23:26:00,C02345,P00197,S009,6,28751.74,0.05,172510.44,UPI,delivered,2026-04-25
OI2000628,2026-04-25 21:58:00,C00180,P00737,S048,1,10895.35,0.0,10350.58,COD,cancelled,2026-04-25
OI2000629,2026-04-25 21:51:00,C01528,P00394,S050,3,15576.88,0.2,46730.64,UPI,returned,2026-04-25
OI2000630,2026-04-25 21:19:00,C01838,P00699,S066,3,67726.99,0.2,203180.97,CARD,shipped,2026-04-25
OI2000631,2026-04-19 14:00:00,C01855,P00328,S003,3,51321.57,0.05,146266.47,NETBANKING,returned,2026-04-25
OI2000632,2026-04-25 17:45:00,C01621,P00643,S024,5,7484.53,0.05,35551.52,CARD,cancelled,2026-04-25
OI2000633,2026-04-25 20:19:00,C00115,P00428,S022,1,68085.26,0.0,68085.26,COD,cancelled,2026-04-25
OI2000634,2026-04-25 05:25:00,C01128,P00540,S027,1,12058.68,0.2,11455.75,WALLET,returned,2026-04-25
OI2000635,2026-04-25 23:35:00,C01064,P00570,S033,1,51025.74,0.2,48474.45,CARD,returned,2026-04-25
OI2000636,2026-04-25 15:26:00,C01205,P00444,S059,2,6096.19,0.2,10973.14,WALLET,cancelled,2026-04-25
OI2000637,2026-04-20 12:00:00,C01109,P00336,S055,6,40699.34,0.05,231986.24,COD,returned,2026-04-25
OI2000638,2026-04-25 02:01:00,C01410,P00529,S060,5,17985.15,0.1,71940.6,CARD,shipped,2026-04-25
OI2000639,2026-04-25 15:01:00,C01563,P00355,S055,1,45826.4,0.1,36661.12,NETBANKING,returned,2026-04-25
OI2000640,2026-04-25 03:01:00,C00854,P00165,S045,2,54914.34,0.1,98845.81,NETBANKING,shipped,2026-04-25
OI2000641,2026-04-25 00:18:00,C01631,P00218,S057,1,65078.6,0.05,65078.6,WALLET,cancelled,2026-04-25
OI2000642,2026-04-25 15:06:00,C00899,P00276,S016,1,86969.03,0.0,78272.13,UPI,shipped,2026-04-25
OI2000643,2026-04-25 08:50:00,C00304,P00452,S067,3,80158.89,0.1,240476.67,COD,shipped,2026-04-25
OI2000644,2026-04-25 13:52:00,C01760,P00390,S036,5,19279.15,0.05,86756.18,WALLET,delivered,2026-04-25
OI2000645,2026-04-25 04:56:00,C00526,P00189,S050,6,20249.95,0.1,121499.7,COD,shipped,2026-04-25
OI2000646,2026-04-13 10:00:00,C02453,P00223,S007,4,51580.17,0.1,196004.65,NETBANKING,delivered,2026-04-25
OI2000647,2026-04-25 09:16:00,C02165,P00290,S069,3,48750.05,0.2,146250.15,CARD,delivered,2026-04-25
OI2000648,2026-04-25 09:30:00,C00620,P00667,S010,4,83084.21,0.05,265869.47,CARD,returned,2026-04-25
OI2000649,2026-04-25 17:58:00,C00507,P00252,S016,5,62580.71,0.2,312903.55,WALLET,delivered,2026-04-25
OI2000650,2026-04-25 02:27:00,C01515,P00380,S059,3,49138.78,0.1,132674.71,NETBANKING,delivered,2026-04-25
OI2000651,2026-04-25 01:02:00,C01710,P00063,S038,5,57300.01,0.2,272175.05,NETBANKING,delivered,2026-04-25
OI2000652,2026-04-25 17:45:00,C00304,P00179,S068,1,30872.47,0.2,29328.85,COD,shipped,2026-04-25
OI2000653,2026-04-25 08:14:00,C00271,P00315,S004,6,49355.01,0.0,236904.05,WALLET,cancelled,2026-04-25
OI2000654,2026-04-25 08:02:00,C00458,P00308,S003,6,57581.59,0.0,310940.59,NETBANKING,shipped,2026-04-25
OI2000655,2026-04-25 01:56:00,C02194,P00521,S042,3,86652.12,0.1,233960.72,UPI,cancelled,2026-04-25
OI2000656,2026-04-25 02:42:00,C00538,P00288,S070,5,68471.77,0.05,273887.08,WALLET,delivered,2026-04-25
OI2000657,2026-04-25 08:50:00,C00913,P00191,S003,4,35912.33,0.1,114919.46,UPI,cancelled,2026-04-25
OI2000658,2026-04-25 20:59:00,C01778,P00263,S035,3,11394.9,0.05,32475.46,WALLET,cancelled,2026-04-25
OI2000659,2026-04-25 04:48:00,C01135,P00757,S048,6,71920.95,0.1,431525.7,CARD,delivered,2026-04-25
OI2000660,2026-04-20 20:00:00,C01786,P00594,S045,5,84786.09,0.2,381537.4,COD,delivered,2026-04-25
OI2000661,2026-04-25 13:58:00,C01349,P00117,S001,6,74834.72,0.0,404107.49,WALLET,returned,2026-04-25
OI2000662,2026-04-25 04:13:00,C02375,P00433,S037,1,62850.99,0.05,50280.79,NETBANKING,returned,2026-04-25
OI2000663,2026-04-25 22:26:00,C00587,P00201,S048,1,44375.05,0.0,44375.05,WALLET,returned,2026-04-25
OI2000664,2026-04-25 09:14:00,C00513,P00573,S051,1,52604.07,0.1,47343.66,CARD,cancelled,2026-04-25
OI2000665,2026-04-08 05:00:00,C01026,P00165,S012,4,54914.34,0.1,197691.62,NETBANKING,returned,2026-04-25
OI2000666,2026-04-25 14:46:00,C00365,P00331,S073,3,75229.69,0.2,214404.62,WALLET,returned,2026-04-25
OI2000667,2026-04-25 04:32:00,C02165,P00521,S056,1,86652.12,0.1,82319.51,CARD,delivered,2026-04-25
OI2000668,2026-04-25 01:26:00,C01104,P00618,S019,6,4658.4,0.1,26552.88,WALLET,delivered,2026-04-25
OI2000669,2026-04-25 06:26:00,C01159,P00095,S012,2,63555.78,0.0,120755.98,UPI,delivered,2026-04-25
OI2000670,2026-04-18 12:00:00,C01993,P00243,S072,3,35974.1,0.0,107922.3,NETBANKING,shipped,2026-04-25
OI2000671,2026-04-25 03:26:00,C01936,P00134,S002,1,unknown,0.05,bad_amount,NETBANKING,shipped,2026-04-25
OI2000672,2026-04-25 22:21:00,C00312,P00658,S017,4,unknown,0.0,bad_amount,UPI,shipped,2026-04-25
OI2000673,2026-04-25 00:28:00,C00901,P00148,S047,5,63834.05,0.2,287253.23,COD,delivered,2026-04-25
OI2000674,2026-04-25 23:53:00,C01643,P00032,S070,1,30049.26,0.0,28546.8,WALLET,shipped,2026-04-25
OI2000675,2026-04-25 10:39:00,C00715,P00118,S027,4,68692.94,0.0,261033.17,UPI,cancelled,2026-04-25
OI2000676,2026-04-25 01:01:00,C00015,P00130,S054,2,10121.56,0.05,19230.96,CARD,returned,2026-04-25
OI2000677,2026-04-25 04:58:00,C02290,P00516,S073,1,6106.6,0.0,4885.28,NETBANKING,returned,2026-04-25
OI2000678,2026-04-25 12:18:00,C00611,P00672,S065,3,48105.37,0.05,129884.5,WALLET,shipped,2026-04-25
OI2000679,2026-04-25 06:05:00,C00703,P00147,S044,2,53949.22,0.05,97108.6,WALLET,shipped,2026-04-25
OI2000680,2026-04-25 14:49:00,C01876,P00716,S037,5,16985.02,0.0,76432.59,UPI,returned,2026-04-25
OI2000681,2026-04-25 03:47:00,C00453,P00279,S008,6,33752.53,0.1,162012.14,UPI,shipped,2026-04-25
OI2000682,2026-04-25 07:18:00,C01368,P00136,S036,6,40253.57,0.05,217369.28,CARD,cancelled,2026-04-25
OI2000683,2026-04-25 03:57:00,C01148,P00588,S060,2,14296.19,0.1,22873.9,COD,shipped,2026-04-25
OI2000684,2026-04-25 13:58:00,C01788,P00461,S068,3,40245.92,0.05,108663.98,CARD,shipped,2026-04-25
OI2000685,2026-04-25 19:26:00,C01757,P00333,S010,1,12534.77,0.1,12534.77,WALLET,shipped,2026-04-25
OI2000686,2026-04-25 16:25:00,C02196,P00584,S015,1,unknown,0.2,bad_amount,CARD,delivered,2026-04-25
OI2000687,2026-04-25 22:47:00,C01607,P00363,S035,1,56418.22,0.2,50776.4,UPI,cancelled,2026-04-25
OI2000688,2026-04-25 14:13:00,C01251,P00656,S003,3,35109.15,0.0,105327.45,UPI,returned,2026-04-25
OI2000689,2026-04-25 02:59:00,C01368,P00017,S067,1,13696.86,0.0,13012.02,WALLET,returned,2026-04-25
OI2000690,2026-04-25 13:35:00,C02167,P00295,S068,6,37814.51,0.2,181509.65,WALLET,cancelled,2026-04-25
OI2000691,2026-04-25 16:51:00,C01341,P00009,S069,3,71925.36,0.05,194198.47,UPI,returned,2026-04-25
OI2000692,2026-04-25 21:47:00,C00675,P00238,S006,5,85008.97,0.0,382540.36,UPI,cancelled,2026-04-25
OI2000693,2026-04-25 11:48:00,C00258,P00321,S064,6,11658.52,0.1,55960.9,COD,cancelled,2026-04-25
OI2000694,2026-04-25 06:17:00,C02124,P00408,S010,4,1514.72,0.2,5452.99,UPI,cancelled,2026-04-25
OI2000695,2026-04-25 19:03:00,C00581,P00623,S058,2,37629.61,0.0,71496.26,UPI,delivered,2026-04-25
OI2000696,2026-04-25 20:48:00,C02359,P00585,S062,6,64199.22,0.1,308156.26,CARD,delivered,2026-04-25
OI2000697,2026-04-04 19:00:00,C01981,P00657,S023,5,12030.66,0.0,54137.97,COD,returned,2026-04-25
OI2000698,2026-04-25 13:50:00,C00984,P00235,S012,5,20332.68,0.05,91497.06,UPI,returned,2026-04-25
OI2000699,2026-04-25 00:12:00,C02130,P00688,S019,3,77591.66,0.0,186219.98,UPI,returned,2026-04-25
OI2000700,2026-04-12 06:00:00,C01704,P00227,S040,3,57830.24,0.1,173490.72,WALLET,cancelled,2026-04-25
OI2000701,2026-04-25 11:00:00,C00431,P00493,S027,6,67003.91,0.05,381922.29,NETBANKING,cancelled,2026-04-25
OI2000702,2026-04-25 08:05:00,C02166,P00553,S004,2,29491.73,0.2,53085.11,UPI,shipped,2026-04-25
OI2000703,2026-04-22 02:00:00,C00742,P00103,S034,4,33555.66,0.05,107378.11,NETBANKING,delivered,2026-04-25
OI2000704,2026-04-25 13:52:00,C02230,P00512,S016,3,57671.0,0.0,164362.35,NETBANKING,shipped,2026-04-25
OI2000705,2026-04-06 08:00:00,C02214,P00587,S006,4,23002.92,0.05,87411.1,COD,returned,2026-04-25
OI2000706,2026-04-25 09:47:00,C02165,P00200,S042,1,53037.26,0.0,53037.26,CARD,shipped,2026-04-25
OI2000707,2026-04-25 03:29:00,C00100,P00302,S057,2,2251.07,0.1,4277.03,COD,delivered,2026-04-25
OI2000708,2026-04-25 04:10:00,C00196,P00714,S071,2,78202.6,0.0,140764.68,NETBANKING,shipped,2026-04-25
OI2000709,2026-04-25 19:36:00,C02146,P00327,S021,5,19431.16,0.0,92298.01,NETBANKING,delivered,2026-04-25
OI2000710,2026-04-25 10:55:00,C01191,P00780,S016,5,36021.81,0.0,180109.05,CARD,shipped,2026-04-25
OI2000711,2026-04-25 12:10:00,C00175,P00668,S010,2,73520.93,0.0,132337.67,NETBANKING,cancelled,2026-04-25
OI2000712,2026-04-13 05:00:00,C00826,P00732,S010,1,42466.83,0.2,NaN_TEXT,NETBANKING,delivered,2026-04-25
OI2000713,2026-04-25 11:51:00,C00675,P00729,S066,6,17472.25,0.2,104833.5,WALLET,returned,2026-04-25
OI2000714,2026-04-25 05:23:00,C01101,P00329,S019,5,4843.15,0.1,21794.17,CARD,cancelled,2026-04-25
OI2000715,2026-04-25 01:10:00,C00737,P00420,S035,4,86910.74,0.1,312878.66,CARD,cancelled,2026-04-25
OI2000716,2026-04-25 03:12:00,C02290,P00670,S072,3,38746.57,0.0,116239.71,WALLET,delivered,2026-04-25
OI2000717,2026-04-25 14:07:00,C00607,P00626,S068,5,41407.8,0.05,186335.1,CARD,returned,2026-04-25
OI2000718,2026-04-25 20:22:00,C02467,P00481,S015,3,40143.27,0.2,120429.81,NETBANKING,returned,2026-04-25
OI2000719,2026-04-25 19:02:00,C00904,P00452,S012,5,80158.89,0.0,360715.01,UPI,delivered,2026-04-25
OI2000720,2026-04-25 07:25:00,C00128,P00256,S071,2,2640.76,0.05,NaN_TEXT,COD,delivered,2026-04-25
OI2000721,2026-04-25 23:46:00,C02100,P00510,S006,1,44067.06,0.2,41863.71,NETBANKING,delivered,2026-04-25
OI2000722,2026-04-25 02:01:00,C00841,P00074,S037,1,50478.89,0.2,40383.11,WALLET,delivered,2026-04-25
OI2000723,2026-04-25 08:16:00,C00756,P00555,S063,1,44111.62,0.05,39700.46,UPI,returned,2026-04-25
OI2000724,2026-04-25 11:05:00,C01725,P00709,S033,4,53199.1,0.2,170237.12,WALLET,returned,2026-04-25
OI2000725,2026-04-25 02:16:00,C00628,P00631,S018,2,76016.38,0.05,144431.12,NETBANKING,shipped,2026-04-25
OI2000726,2026-04-25 02:29:00,C01638,P00718,S038,6,70342.87,0.05,337645.78,NETBANKING,returned,2026-04-25
OI2000727,2026-04-25 12:07:00,C01630,P00245,S032,1,66678.53,0.1,60010.68,NETBANKING,returned,2026-04-25
OI2000728,2026-04-25 02:14:00,C02038,P00202,S042,1,85633.1,0.05,68506.48,CARD,delivered,2026-04-25
OI2000729,2026-04-16 07:00:00,C02010,P00077,S068,4,83992.66,0.0,268776.51,NETBANKING,returned,2026-04-25
OI2000730,2026-04-25 22:26:00,C01291,P00480,S061,6,80821.7,0.0,484930.2,COD,shipped,2026-04-25
OI2000731,2026-04-25 03:53:00,C02136,P00769,S016,5,3711.25,0.05,16700.62,WALLET,shipped,2026-04-25
OI2000732,2026-04-25 22:38:00,C00310,P00240,S006,6,38231.58,0.05,229389.48,NETBANKING,cancelled,2026-04-25
OI2000733,2026-04-25 08:30:00,C01721,P00788,S060,2,7687.85,0.05,12300.56,CARD,cancelled,2026-04-25
OI2000734,2026-04-25 14:26:00,C00537,P00263,S028,1,11394.9,0.05,NaN_TEXT,COD,returned,2026-04-25
OI2000735,2026-04-25 00:54:00,C00887,P00679,S023,5,30430.68,0.05,144545.73,NETBANKING,shipped,2026-04-25
OI2000736,2026-04-25 10:29:00,C01500,P00454,S072,5,35110.72,0.05,140442.88,WALLET,cancelled,2026-04-25
OI2000737,2026-04-25 19:27:00,C00703,P00385,S061,3,36980.6,0.2,105394.71,NETBANKING,cancelled,2026-04-25
OI2000738,2026-04-25 02:51:00,C00629,P00413,S046,2,81415.77,0.1,162831.54,CARD,returned,2026-04-25
OI2000739,2026-04-25 21:26:00,C02156,P00763,S045,1,2774.01,0.1,2774.01,CARD,delivered,2026-04-25
OI2000740,2026-04-25 13:14:00,C01482,P00230,S069,1,57122.9,0.2,54266.75,NETBANKING,returned,2026-04-25
OI2000741,2026-04-09 15:00:00,C00989,,S048,4,44820.18,0.1,179280.72,UPI,delivered,2026-04-25
OI2000742,2026-04-25 06:43:00,C01762,P00580,S022,5,18525.18,0.0,92625.9,UPI,shipped,2026-04-25
OI2000743,2026-04-25 18:10:00,C01938,P00037,S026,2,27187.86,0.2,48938.15,UPI,delivered,2026-04-25
OI2000744,2026-04-25 19:00:00,C00043,P00617,S025,1,71882.12,0.0,71882.12,WALLET,returned,2026-04-25
OI2000745,2026-04-25 19:45:00,C01617,P00579,S009,3,66545.66,0.1,179673.28,UPI,shipped,2026-04-25
OI2000746,2026-04-25 16:36:00,C00471,P00123,S004,6,30615.63,0.1,165324.4,WALLET,delivered,2026-04-25
OI2000747,2026-04-25 07:43:00,C00821,P00517,S033,2,1030.32,0.2,1854.58,COD,cancelled,2026-04-25
OI2000748,2026-04-25 18:11:00,C00024,P00282,S001,4,64961.56,0.05,246853.93,CARD,returned,2026-04-25
OI2000749,2026-04-25 02:25:00,C01932,P00334,S038,3,16032.79,0.0,45693.45,CARD,returned,2026-04-25
OI2000750,2026-04-25 11:01:00,C00684,P00590,S069,1,62602.53,0.1,56342.28,CARD,shipped,2026-04-25
OI2000751,2026-04-25 01:56:00,C01805,P00759,S007,1,8490.8,0.2,7641.72,UPI,cancelled,2026-04-25
OI2000752,2026-04-25 16:30:00,C01178,P00504,S009,5,13355.18,0.05,60098.31,CARD,delivered,2026-04-25
OI2000753,2026-04-08 23:00:00,C02222,P00478,S007,5,82374.84,0.0,391280.49,NETBANKING,delivered,2026-04-25
OI2000754,2026-04-25 08:52:00,C00281,P00759,S054,2,8490.8,0.1,13585.28,UPI,returned,2026-04-25
OI2000755,2026-04-25 11:05:00,C01893,P00325,S021,1,5814.81,0.2,5814.81,NETBANKING,returned,2026-04-25
OI2000756,2026-04-25 17:27:00,C01781,P00554,S041,1,68187.0,0.05,61368.3,UPI,cancelled,2026-04-25
OI2000757,2026-04-25 15:35:00,C01996,P00583,S006,1,unknown,0.0,bad_amount,UPI,shipped,2026-04-25
OI2000758,2026-04-25 08:41:00,C01583,P00172,S022,5,6407.28,0.0,25629.12,NETBANKING,returned,2026-04-25
OI2000759,2026-04-25 13:50:00,C00324,P00331,S003,3,75229.69,0.2,225689.07,UPI,shipped,2026-04-25
OI2000760,2026-04-25 06:52:00,C00898,P00664,S007,1,83397.91,0.2,75058.12,WALLET,returned,2026-04-25
OI2000761,2026-04-25 14:38:00,C00032,P00800,S017,3,1039.62,0.1,3118.86,CARD,delivered,2026-04-25
OI2000762,2026-04-25 05:07:00,C00663,P00790,S058,3,50083.64,0.1,120200.74,CARD,cancelled,2026-04-25
OI2000763,2026-04-25 12:23:00,C00147,P00665,S002,6,48528.2,0.1,232935.36,COD,delivered,2026-04-25
OI2000764,2026-04-25 15:28:00,C01178,P00002,S027,5,unknown,0.0,bad_amount,CARD,shipped,2026-04-25
OI2000765,2026-04-25 10:44:00,C02273,P00690,S027,2,10848.19,0.0,19526.74,CARD,cancelled,2026-04-25
OI2000766,2026-04-25 23:50:00,C01377,P00551,S018,1,37605.09,0.05,NaN_TEXT,WALLET,shipped,2026-04-25
OI2000767,2026-04-25 21:37:00,C01000,P00130,S068,1,10121.56,0.0,9615.48,NETBANKING,cancelled,2026-04-25
OI2000768,2026-04-25 10:24:00,C01409,P00593,S025,1,78473.17,0.05,74549.51,CARD,cancelled,2026-04-25
OI2000769,2026-04-25 04:06:00,C00440,P00070,S048,1,46092.54,0.2,36874.03,CARD,returned,2026-04-25
OI2000770,2026-04-25 07:11:00,C00891,P00187,S074,6,78380.74,0.2,446770.22,WALLET,shipped,2026-04-25
OI2000771,2026-04-25 02:36:00,C00679,P00379,S037,1,50679.03,0.2,40543.22,CARD,cancelled,2026-04-25
OI2000772,2026-04-07 07:00:00,C01935,P00354,S012,2,17006.45,0.05,30611.61,CARD,returned,2026-04-25
OI2000773,2026-04-25 05:24:00,C01261,P00079,S032,3,45291.18,0.2,122286.19,COD,returned,2026-04-25
OI2000774,2026-04-25 08:18:00,C00035,P00485,S014,2,27946.35,0.05,53098.06,COD,cancelled,2026-04-25
OI2000775,2026-04-25 04:57:00,C01156,P00680,S036,5,70711.89,0.0,335881.48,WALLET,shipped,2026-04-25
OI2000776,2026-04-25 19:05:00,C01492,P00274,S061,3,8584.95,0.1,23179.37,COD,cancelled,2026-04-25
OI2000777,2026-04-25 00:06:00,C02345,P00139,S023,2,87469.0,0.05,166191.1,WALLET,delivered,2026-04-25
OI2000778,2026-04-25 02:26:00,C01087,P00324,S008,5,2068.6,0.2,9825.85,COD,returned,2026-04-25
OI2000779,2026-04-25 07:35:00,C00410,P00252,S033,1,62580.71,0.2,62580.71,NETBANKING,shipped,2026-04-25
OI2000780,2026-04-25 08:16:00,C01270,P00527,S047,1,62863.63,0.05,56577.27,CARD,cancelled,2026-04-25
OI2000781,2026-04-25 01:28:00,C00748,P00740,S026,2,59184.15,0.1,118368.3,CARD,shipped,2026-04-25
OI2000782,2026-04-25 12:02:00,C00348,P00026,S069,1,61875.0,0.1,49500.0,WALLET,shipped,2026-04-25
OI2000783,2026-04-18 22:00:00,C01950,P00093,S035,6,19639.92,0.05,94271.62,UPI,shipped,2026-04-25
OI2000784,2026-04-25 01:20:00,C00385,P00705,S072,3,51936.03,0.2,148017.69,UPI,cancelled,2026-04-25
OI2000785,2026-04-11 00:00:00,C02145,P00443,S070,4,39002.43,0.0,124807.78,NETBANKING,shipped,2026-04-25
OI2000786,2026-04-25 18:10:00,C02322,P00788,S074,2,7687.85,0.1,12300.56,WALLET,delivered,2026-04-25
OI2000787,2026-04-25 03:06:00,C00299,P00285,S047,2,35238.69,0.1,56381.9,NETBANKING,shipped,2026-04-25
OI2000788,2026-04-25 16:42:00,C01306,P00032,S009,6,30049.26,0.2,180295.56,NETBANKING,returned,2026-04-25
OI2000789,2026-04-25 07:52:00,C02158,P00116,S021,6,31076.49,0.0,149167.15,UPI,cancelled,2026-04-25
OI2000790,2026-04-25 20:52:00,C02144,P00524,S026,2,19552.66,0.2,39105.32,UPI,delivered,2026-04-25
OI2000791,2026-04-25 09:19:00,C00402,P00479,S014,6,14454.91,0.0,82392.99,NETBANKING,shipped,2026-04-25
OI2000792,2026-04-17 21:00:00,C00853,P00295,S052,1,37814.51,0.05,34033.06,WALLET,cancelled,2026-04-25
OI2000793,2026-04-25 21:09:00,C01362,P00494,S036,5,7821.69,0.1,31286.76,CARD,delivered,2026-04-25
OI2000794,2026-04-25 15:01:00,C00589,P00314,S043,3,87369.41,0.0,249002.82,NETBANKING,delivered,2026-04-25
OI2000795,2026-04-25 13:16:00,C00030,P00429,S025,2,54171.73,0.0,86674.77,COD,delivered,2026-04-25
OI2000796,2026-04-25 20:16:00,C00021,P00735,S008,6,9307.16,0.05,50258.66,UPI,returned,2026-04-25
OI2000797,2026-04-25 12:32:00,C00543,P00624,S060,4,89193.1,0.1,285417.92,COD,delivered,2026-04-25
OI2000798,2026-04-25 20:12:00,C01758,P00225,S071,3,28968.34,0.2,82559.77,COD,delivered,2026-04-25
OI2000799,2026-04-25 11:16:00,C01765,P00039,S039,6,6961.32,0.05,39679.52,COD,shipped,2026-04-25
OI2000800,2026-04-25 11:52:00,C00351,P00686,S075,1,81005.35,0.0,72904.82,NETBANKING,shipped,2026-04-25
OI2000801,2026-04-25 23:50:00,C01974,P00357,S070,6,51437.39,0.2,277761.91,WALLET,delivered,2026-04-25
OI2000802,2026-04-25 05:10:00,C02297,P00195,S037,5,81560.2,0.1,407801.0,WALLET,shipped,2026-04-25
OI2000803,2026-04-25 03:37:00,C00053,P00220,S007,4,30894.86,0.2,117400.47,COD,delivered,2026-04-25
OI2000804,2026-04-25 09:59:00,C02292,P00459,S064,5,26892.08,0.1,134460.4,UPI,delivered,2026-04-25
OI2000805,2026-04-25 22:45:00,C00707,P00277,S015,4,75613.95,0.0,241964.64,WALLET,delivered,2026-04-25
OI2000806,2026-04-25 07:27:00,C01405,P00261,S066,6,unknown,0.2,bad_amount,WALLET,delivered,2026-04-25
OI2000807,2026-04-25 11:23:00,C02261,P00482,S025,3,34919.69,0.0,83807.26,UPI,returned,2026-04-25
OI2000808,2026-04-25 00:49:00,C01531,P00514,S041,1,68041.59,0.05,54433.27,NETBANKING,shipped,2026-04-25
OI2000809,2026-04-25 10:36:00,C01968,P00615,S005,5,89289.59,0.0,357158.36,COD,returned,2026-04-25
OI2000810,2026-04-25 16:34:00,C01048,P00102,S029,1,56829.74,0.1,51146.77,NETBANKING,cancelled,2026-04-25
OI2000811,2026-04-25 12:14:00,C01334,P00004,S013,5,68176.44,0.2,323838.09,COD,returned,2026-04-25
OI2000812,2026-04-25 09:25:00,C01185,P00224,S068,4,78375.62,0.1,297827.36,CARD,cancelled,2026-04-25
OI2000813,2026-04-25 07:13:00,C01926,P00091,S002,4,7821.68,0.05,25029.38,UPI,delivered,2026-04-25
OI2000814,2026-04-25 07:03:00,C00805,P00369,S001,1,20639.77,0.05,20639.77,UPI,returned,2026-04-25
OI2000815,2026-04-25 06:56:00,C02387,P00102,S017,3,56829.74,0.05,153440.3,WALLET,shipped,2026-04-25
OI2000816,2026-04-25 13:29:00,C02300,P00621,S012,6,55549.34,0.0,266636.83,UPI,delivered,2026-04-25
OI2000817,2026-04-25 13:36:00,C00129,P00338,S055,1,unknown,0.0,bad_amount,CARD,shipped,2026-04-25
OI2000818,2026-04-25 11:20:00,C00488,P00281,S062,3,81094.02,0.05,218953.85,COD,cancelled,2026-04-25
OI2000819,2026-04-25 19:03:00,C00952,P00243,S061,3,35974.1,0.1,97130.07,COD,delivered,2026-04-25
OI2000820,2026-04-25 15:10:00,C00218,P00045,S054,3,9818.72,0.2,23564.93,COD,delivered,2026-04-25
OI2000821,2026-04-25 22:01:00,C01309,P00124,S038,4,34862.45,0.2,111559.84,WALLET,shipped,2026-04-25
OI2000822,2026-04-11 03:00:00,C00695,P00315,S054,6,49355.01,0.0,266517.05,NETBANKING,shipped,2026-04-25
OI2000823,2026-04-19 05:00:00,C00727,P00732,S073,6,42466.83,0.1,229320.88,NETBANKING,delivered,2026-04-25
OI2000824,2026-04-25 02:31:00,C02274,P00674,S025,5,58244.12,0.1,276659.57,UPI,returned,2026-04-25
OI2000825,2026-04-25 04:55:00,C01280,P00107,S022,2,53454.24,0.0,106908.48,NETBANKING,shipped,2026-04-25
OI2000826,2026-04-25 08:01:00,C00891,P00152,S003,5,23071.88,0.2,92287.52,COD,returned,2026-04-25
OI2000827,2026-04-25 14:58:00,C01652,P00320,S052,4,7007.48,0.05,28029.92,CARD,cancelled,2026-04-25
OI2000828,2026-04-25 06:24:00,C01524,P00441,S043,5,30411.38,0.05,144454.05,WALLET,cancelled,2026-04-25
OI2000829,2026-04-25 15:49:00,C00862,P00737,S045,3,10895.35,0.1,26148.84,COD,shipped,2026-04-25
OI2000830,2026-04-25 07:32:00,C02183,P00604,S049,4,15087.25,0.05,60349.0,NETBANKING,shipped,2026-04-25
OI2000831,2026-04-25 23:45:00,C01868,P00431,S021,1,5620.83,0.0,5620.83,NETBANKING,shipped,2026-04-25
OI2000832,2026-04-25 01:14:00,C01170,P00732,S049,4,42466.83,0.05,169867.32,COD,cancelled,2026-04-25
OI2000833,2026-04-25 20:06:00,C00497,P00483,S028,2,67274.79,0.0,121094.62,NETBANKING,cancelled,2026-04-25
OI2000834,2026-04-25 10:52:00,C02314,P00324,S027,4,2068.6,0.1,7446.96,COD,delivered,2026-04-25
OI2000835,2026-04-25 15:13:00,C00387,P00713,S013,3,9697.27,0.05,23273.45,CARD,shipped,2026-04-25
OI2000836,2026-04-25 23:21:00,C00067,P00143,S037,1,51414.89,0.2,48844.15,UPI,cancelled,2026-04-25
OI2000837,2026-04-25 04:17:00,C01439,P00167,S038,2,65097.56,0.2,117175.61,NETBANKING,delivered,2026-04-25
OI2000838,2026-04-25 14:18:00,C02009,P00066,S040,3,19542.42,0.05,55695.9,CARD,shipped,2026-04-25
OI2000839,2026-04-25 07:52:00,C00422,P00548,S063,5,17399.1,0.1,69596.4,WALLET,shipped,2026-04-25
OI2000840,2026-04-25 20:59:00,C01473,P00447,S061,2,55077.48,0.05,99139.46,WALLET,returned,2026-04-25
OI2000841,2026-04-25 15:07:00,C01069,P00025,S047,3,31334.27,0.2,94002.81,WALLET,shipped,2026-04-25
OI2000842,2026-04-25 21:34:00,C01580,P00460,S031,4,58675.02,0.2,211230.07,NETBANKING,cancelled,2026-04-25
OI2000843,2026-04-25 21:53:00,C00495,P00370,S026,2,39280.5,0.0,70704.9,CARD,shipped,2026-04-25
OI2000844,2026-04-25 04:58:00,C00626,P00304,S040,1,24954.79,0.1,23707.05,WALLET,shipped,2026-04-25
OI2000845,2026-04-25 20:24:00,C00222,P00323,S075,2,41464.68,0.2,66343.49,UPI,returned,2026-04-25
OI2000846,2026-04-25 18:55:00,C00822,P00023,S026,3,19766.23,0.2,47438.95,NETBANKING,delivered,2026-04-25
OI2000847,2026-04-25 07:32:00,C01181,P00655,S039,4,35220.22,0.1,126792.79,NETBANKING,delivered,2026-04-25
OI2000848,2026-04-25 13:18:00,C00731,P00278,S022,4,50694.44,0.2,182499.98,UPI,shipped,2026-04-25
OI2000849,2026-04-25 10:17:00,C02423,P00625,S072,2,19780.97,0.2,31649.55,CARD,cancelled,2026-04-25
OI2000850,2026-04-25 23:51:00,C01598,P00553,S065,5,29491.73,0.1,132712.79,WALLET,delivered,2026-04-25
OI2000851,2026-04-25 17:21:00,C02403,P00477,S030,3,79357.69,0.2,226169.42,NETBANKING,delivered,2026-04-25
OI2000852,2026-04-25 06:42:00,C01722,P00490,S041,1,8823.16,0.1,8823.16,WALLET,shipped,2026-04-25
OI2000853,2026-04-25 10:46:00,C01912,P00659,S008,6,78806.84,0.1,378272.83,WALLET,cancelled,2026-04-25
OI2000854,2026-04-25 07:34:00,C01573,P00035,S013,5,49801.37,0.2,224106.17,COD,delivered,2026-04-25
OI2000855,2026-04-25 23:30:00,C00025,P00039,S061,2,6961.32,0.05,13226.51,UPI,cancelled,2026-04-25
OI2000856,2026-04-25 07:42:00,C02406,P00583,S061,2,unknown,0.0,bad_amount,NETBANKING,shipped,2026-04-25
OI2000857,2026-04-25 01:17:00,C00727,P00578,S062,1,9104.97,0.1,8649.72,COD,cancelled,2026-04-25
OI2000858,2026-04-25 10:45:00,C01137,P00669,S070,1,20691.54,0.0,20691.54,NETBANKING,cancelled,2026-04-25
OI2000859,2026-04-25 02:22:00,C01692,P00507,S050,3,13122.94,0.05,39368.82,CARD,cancelled,2026-04-25
OI2000860,2026-04-25 03:25:00,C02280,P00736,S019,4,33429.26,0.0,106973.63,CARD,returned,2026-04-25
OI2000861,2026-04-25 22:42:00,C00779,P00370,S051,5,39280.5,0.1,186582.38,CARD,shipped,2026-04-25
OI2000862,2026-04-25 17:07:00,C00495,P00157,S017,3,54672.39,0.05,155816.31,CARD,delivered,2026-04-25
OI2000863,2026-04-25 17:57:00,C00086,P00756,S037,6,66406.1,0.2,358592.94,CARD,cancelled,2026-04-25
OI2000864,2026-04-25 02:50:00,C00548,P00104,S021,2,32350.86,0.05,58231.55,UPI,shipped,2026-04-25
OI2000865,2026-04-25 08:01:00,C02207,P00204,S066,1,666.03,0.05,599.43,COD,returned,2026-04-25
OI2000866,2026-04-25 03:11:00,C01019,P00574,S003,5,85906.24,0.1,343624.96,UPI,cancelled,2026-04-25
OI2000867,2026-04-25 02:45:00,C01652,P00503,S034,3,15722.73,0.05,37734.55,COD,cancelled,2026-04-25
OI2000868,2026-04-25 19:02:00,C00779,P00625,S028,4,19780.97,0.2,75167.69,WALLET,delivered,2026-04-25
OI2000869,2026-04-25 10:25:00,C01959,P00643,S024,3,7484.53,0.0,21330.91,WALLET,shipped,2026-04-25
OI2000870,2026-04-25 11:32:00,C01424,P00404,S072,3,52788.89,0.05,150448.34,UPI,cancelled,2026-04-25
OI2000871,2026-04-08 16:00:00,C00688,P00025,S014,4,31334.27,0.2,112803.37,CARD,returned,2026-04-25
OI2000872,2026-04-25 22:09:00,C00061,P00789,S022,5,46207.17,0.05,231035.85,NETBANKING,cancelled,2026-04-25
OI2000873,2026-04-25 15:33:00,C01107,P00029,S012,4,24207.09,0.2,91986.94,NETBANKING,delivered,2026-04-25
OI2000874,2026-04-25 20:21:00,C01360,P00141,S021,4,7162.54,0.0,28650.16,WALLET,cancelled,2026-04-25
OI2000875,2026-04-25 16:50:00,C00999,P00173,S074,3,69911.56,0.2,199247.95,WALLET,cancelled,2026-04-25
OI2000876,2026-04-25 18:01:00,C02208,P00616,S072,4,19744.95,0.1,75030.81,COD,shipped,2026-04-25
OI2000877,2026-04-25 00:21:00,C01571,P00316,S059,2,22142.03,0.1,44284.06,COD,returned,2026-04-25
OI2000878,2026-04-25 18:35:00,C00314,P00135,S068,5,48883.94,0.0,232198.71,UPI,cancelled,2026-04-25
OI2000879,2026-04-25 05:54:00,C00389,P00795,S008,1,8177.98,0.05,6542.38,NETBANKING,returned,2026-04-25
OI2000880,2026-04-25 01:32:00,C01952,P00035,S023,3,49801.37,0.1,149404.11,CARD,shipped,2026-04-25
OI2000881,2026-04-25 11:18:00,C01427,P00787,S001,6,30646.57,0.0,174685.45,WALLET,returned,2026-04-25
OI2000882,2026-04-25 08:15:00,C00908,P00150,S057,5,30918.13,0.0,146861.12,CARD,delivered,2026-04-25
OI2000883,2026-04-25 12:18:00,C01681,P00392,S052,3,49688.24,0.05,134158.25,WALLET,shipped,2026-04-25
OI2000884,2026-04-25 14:55:00,C00182,P00185,S027,1,23407.15,0.2,22236.79,COD,delivered,2026-04-25
OI2000885,2026-04-25 23:54:00,C02452,P00355,S031,6,45826.4,0.1,274958.4,CARD,delivered,2026-04-25
OI2000886,2026-04-25 00:15:00,C01701,P00789,S069,6,46207.17,0.0,249518.72,CARD,cancelled,2026-04-25
OI2000887,2026-04-25 13:47:00,C01151,P00653,S034,5,64700.15,0.0,291150.67,WALLET,delivered,2026-04-25
OI2000888,2026-04-25 23:10:00,C00530,P00405,S007,6,87329.08,0.1,497775.76,UPI,cancelled,2026-04-25
OI2000889,2026-04-25 12:13:00,C02239,P00144,S031,4,19431.62,0.2,77726.48,WALLET,cancelled,2026-04-25
OI2000890,2026-04-25 14:02:00,C01087,P00734,S026,1,20878.89,0.2,20878.89,CARD,shipped,2026-04-25
OI2000891,2026-04-25 01:00:00,C02102,P00388,S016,6,12049.67,0.2,65068.22,CARD,cancelled,2026-04-25
OI2000892,2026-04-25 18:26:00,C00727,P00151,S054,4,76903.69,0.0,292234.02,WALLET,returned,2026-04-25
OI2000893,2026-04-25 12:38:00,C00068,P00716,S035,1,16985.02,0.2,16985.02,CARD,shipped,2026-04-25
OI2000894,2026-04-25 20:53:00,C02261,P00657,S045,4,12030.66,0.2,45716.51,WALLET,cancelled,2026-04-25
OI2000895,2026-04-25 06:58:00,C02303,P00340,S050,6,16426.26,0.05,88701.8,WALLET,cancelled,2026-04-25
OI2000896,2026-04-25 13:14:00,C00217,P00068,S049,3,70520.17,0.0,169248.41,UPI,returned,2026-04-25
OI2000897,2026-04-25 11:09:00,C02462,P00757,S019,5,71920.95,0.1,323644.28,UPI,delivered,2026-04-25
OI2000898,2026-04-25 22:23:00,C00358,P00010,S033,5,25422.83,0.0,114402.74,NETBANKING,cancelled,2026-04-25
OI2000899,2026-04-25 18:32:00,C00252,P00643,S068,6,7484.53,0.0,35925.74,UPI,delivered,2026-04-25
OI2000900,2026-04-25 17:17:00,C01097,P00624,S053,3,89193.1,0.0,254200.34,NETBANKING,delivered,2026-04-25
OI2000901,2026-04-19 02:00:00,C00945,P00500,S067,4,89625.7,0.05,286802.24,CARD,shipped,2026-04-25
OI2000902,2026-04-14 00:00:00,C01101,P00516,S073,6,6106.6,0.05,29311.68,CARD,cancelled,2026-04-25
OI2000903,2026-04-25 20:56:00,C01731,P00088,S057,2,65627.82,0.1,131255.64,NETBANKING,returned,2026-04-25
OI2000904,2026-04-25 16:36:00,C00717,P00777,S065,2,72195.28,0.2,115512.45,UPI,cancelled,2026-04-25
OI2000905,2026-04-25 04:50:00,C01399,P00774,S009,4,65685.6,0.05,249605.28,NETBANKING,returned,2026-04-25
OI2000906,2026-04-25 16:43:00,C00140,P00736,S010,4,33429.26,0.2,120345.34,WALLET,delivered,2026-04-25
OI2000907,2026-04-10 11:00:00,C02117,P00589,S010,3,4394.23,0.05,11864.42,WALLET,returned,2026-04-25
OI2000908,2026-04-25 15:28:00,C01262,P00704,S055,5,15309.71,0.0,72721.12,WALLET,delivered,2026-04-25
OI2000909,2026-04-25 08:56:00,C02198,P00607,S012,6,17947.36,0.0,86147.33,NETBANKING,cancelled,2026-04-25
OI2000910,2026-04-25 02:08:00,C00281,P00131,S003,6,13602.82,0.05,81616.92,COD,cancelled,2026-04-25
OI2000911,2026-04-25 11:10:00,C00350,P00108,S021,2,65125.65,0.1,130251.3,COD,cancelled,2026-04-25
OI2000912,2026-04-25 07:33:00,C00313,P00460,S044,4,58675.02,0.2,234700.08,NETBANKING,delivered,2026-04-25
OI2000913,2026-04-25 04:04:00,C01635,P00138,S020,2,8583.97,0.0,15451.15,WALLET,returned,2026-04-25
OI2000914,2026-04-25 18:30:00,C00541,P00049,S003,1,5379.25,0.1,4303.4,NETBANKING,shipped,2026-04-25
OI2000915,2026-04-25 00:40:00,C00677,P00143,S059,5,51414.89,0.05,205659.56,CARD,shipped,2026-04-25
OI2000916,2026-04-25 09:07:00,C00792,P00725,S063,2,62116.51,0.2,118021.37,CARD,shipped,2026-04-25
OI2000917,2026-04-25 19:52:00,C02212,P00325,S061,1,5814.81,0.0,5233.33,WALLET,returned,2026-04-25
OI2000918,2026-04-25 04:19:00,C02434,P00200,S006,2,53037.26,0.2,84859.62,UPI,cancelled,2026-04-25
OI2000919,2026-04-25 05:35:00,C00049,P00570,S004,5,51025.74,0.05,204102.96,NETBANKING,delivered,2026-04-25
OI2000920,2026-04-25 19:07:00,C01498,P00649,S032,6,58841.77,0.0,335398.09,COD,returned,2026-04-25
OI2000921,2026-04-25 16:19:00,C00232,P00440,S014,1,19592.08,0.0,18612.48,UPI,cancelled,2026-04-25
OI2000922,2026-04-25 04:54:00,C00976,P00371,S047,3,59685.88,0.05,170104.76,COD,returned,2026-04-25
OI2000923,2026-04-25 09:22:00,C01111,P00484,S009,4,58332.88,0.2,209998.37,CARD,delivered,2026-04-25
OI2000924,2026-04-25 18:08:00,C01238,P00021,S057,1,85893.82,0.0,81599.13,COD,shipped,2026-04-25
OI2000925,2026-04-25 20:10:00,C01731,P00322,S073,6,64831.95,0.1,311193.36,WALLET,delivered,2026-04-25
OI2000926,2026-04-09 21:00:00,C00939,P00155,S064,5,50875.13,0.05,203500.52,COD,delivered,2026-04-25
OI2000927,2026-04-25 12:55:00,C00725,P00334,S016,3,16032.79,0.05,45693.45,NETBANKING,cancelled,2026-04-25
OI2000928,2026-04-25 07:32:00,C02396,P00417,S071,6,72983.1,0.0,416003.67,COD,delivered,2026-04-25
OI2000929,2026-04-25 21:32:00,C01485,P00214,S047,4,58149.68,0.1,209338.85,NETBANKING,returned,2026-04-25
OI2000930,2026-04-25 01:16:00,C01131,P00583,S059,1,unknown,0.05,bad_amount,WALLET,delivered,2026-04-25
OI2000931,2026-04-08 23:00:00,C01366,P00746,S023,4,2911.66,0.0,9317.31,NETBANKING,delivered,2026-04-25
OI2000932,2026-04-25 14:23:00,C01954,P00013,S050,6,67005.44,0.05,361829.38,WALLET,returned,2026-04-25
OI2000933,2026-04-25 07:04:00,C01410,P00184,S054,2,57337.67,0.05,103207.81,NETBANKING,shipped,2026-04-25
OI2000934,2026-04-25 00:24:00,C00665,,S044,4,78265.88,0.1,250450.82,UPI,shipped,2026-04-25
OI2000935,2026-04-25 22:50:00,C00273,P00578,S008,6,9104.97,0.0,51898.33,UPI,cancelled,2026-04-25
OI2000936,2026-04-25 00:14:00,C01721,P00100,S052,3,30848.93,0.0,83292.11,WALLET,delivered,2026-04-25
OI2000937,2026-04-25 17:19:00,C01922,P00204,S065,3,666.03,0.0,1998.09,NETBANKING,cancelled,2026-04-25
OI2000938,2026-04-25 10:54:00,C00284,P00161,S074,2,68133.99,0.2,122641.18,UPI,cancelled,2026-04-25
OI2000939,2026-04-25 14:50:00,C00899,P00263,S012,1,11394.9,0.05,9115.92,UPI,cancelled,2026-04-25
OI2000940,2026-04-25 01:18:00,C01464,P00229,S001,5,78587.43,0.2,353643.43,COD,delivered,2026-04-25
OI2000941,2026-04-25 04:49:00,C00899,P00151,S066,5,76903.69,0.2,346066.61,NETBANKING,cancelled,2026-04-25
OI2000942,2026-04-25 01:10:00,C01317,P00396,S064,5,60882.95,0.0,273973.28,CARD,returned,2026-04-25
OI2000943,2026-04-25 12:20:00,C01801,P00746,S031,4,2911.66,0.0,11646.64,WALLET,returned,2026-04-25
OI2000944,2026-04-25 18:59:00,C01910,P00004,S004,3,68176.44,0.0,184076.39,NETBANKING,shipped,2026-04-25
OI2000945,2026-04-25 10:12:00,C02237,P00058,S027,2,72269.01,0.2,137311.12,UPI,returned,2026-04-25
OI2000946,2026-04-25 23:00:00,C00202,P00172,S022,2,6407.28,0.1,11533.1,UPI,returned,2026-04-25
OI2000947,2026-04-25 11:43:00,C02239,P00478,S066,4,82374.84,0.1,313024.39,UPI,cancelled,2026-04-25
OI2000948,2026-04-25 04:22:00,C00817,P00264,S037,5,8603.44,0.0,34413.76,WALLET,shipped,2026-04-25
OI2000949,2026-04-25 16:47:00,C00010,P00513,S064,2,72010.17,0.0,144020.34,NETBANKING,cancelled,2026-04-25
OI2000950,2026-04-25 06:47:00,C00844,P00216,S024,1,38520.65,0.2,34668.58,COD,delivered,2026-04-25
OI2000951,2026-04-25 11:08:00,C00699,P00162,S006,2,26013.63,0.05,49425.9,COD,delivered,2026-04-25
OI2000952,2026-04-25 05:58:00,C01136,P00086,S016,1,80804.46,0.1,72724.01,COD,returned,2026-04-25
OI2000953,2026-04-25 12:10:00,C00095,P00060,S018,3,28646.51,0.05,77345.58,CARD,cancelled,2026-04-25
OI2000954,2026-04-25 00:23:00,C01554,P00348,S025,6,58959.99,0.0,318383.95,WALLET,cancelled,2026-04-25
OI2000955,2026-04-25 22:18:00,C00322,P00072,S002,1,63585.51,0.2,57226.96,UPI,delivered,2026-04-25
OI2000956,2026-04-25 04:15:00,C01258,P00435,S053,4,28267.64,0.0,101763.5,NETBANKING,delivered,2026-04-25
OI2000957,2026-04-25 22:38:00,C01378,P00662,S009,2,30399.21,0.05,48638.74,WALLET,returned,2026-04-25
OI2000958,2026-04-25 17:24:00,C01936,P00489,S042,2,83719.94,0.0,159067.89,WALLET,delivered,2026-04-25
OI2000959,2026-04-25 01:54:00,C00976,P00247,S033,3,85045.12,0.05,255135.36,WALLET,shipped,2026-04-25
OI2000960,2026-04-25 03:03:00,C01476,P00108,S064,4,65125.65,0.2,234452.34,CARD,shipped,2026-04-25
OI2000961,2026-04-14 05:00:00,C00683,P00222,S020,1,53115.56,0.2,47804.0,WALLET,cancelled,2026-04-25
OI2000962,2026-04-25 22:21:00,C01066,P00565,S063,2,46039.77,0.1,73663.63,COD,returned,2026-04-25
OI2000963,2026-04-25 04:10:00,C00623,P00579,S054,2,66545.66,0.05,106473.06,NETBANKING,returned,2026-04-25
OI2000964,2026-04-25 11:46:00,C01963,P00378,S003,3,3535.63,0.2,10606.89,NETBANKING,returned,2026-04-25
OI2000965,2026-04-25 08:40:00,C02011,P00197,S047,1,28751.74,0.1,27314.15,COD,cancelled,2026-04-25
OI2000966,2026-04-25 18:35:00,C00313,P00303,S011,3,65636.84,0.05,157528.42,NETBANKING,returned,2026-04-25
OI2000967,2026-04-25 10:51:00,C02136,P00110,S011,3,85862.06,0.1,257586.18,COD,shipped,2026-04-25
OI2000968,2026-04-25 15:38:00,C02064,P00214,S037,6,58149.68,0.2,348898.08,CARD,returned,2026-04-25
OI2000969,2026-04-25 05:51:00,C00833,P00330,S057,5,47717.1,0.2,238585.5,UPI,shipped,2026-04-25
OI2000970,2026-04-25 01:41:00,C01662,P00239,S044,5,78360.4,0.0,391802.0,UPI,shipped,2026-04-25
OI2000971,2026-04-25 06:04:00,C02425,P00038,S046,6,73184.59,0.05,395196.79,UPI,cancelled,2026-04-25
OI2000972,2026-04-25 20:30:00,C01451,P00346,S016,3,21611.47,0.0,64834.41,COD,delivered,2026-04-25
OI2000973,2026-04-25 02:55:00,C02409,P00630,S057,1,27086.8,0.2,21669.44,COD,cancelled,2026-04-25
OI2000974,2026-04-25 11:49:00,C00680,P00615,S030,4,89289.59,0.2,357158.36,UPI,shipped,2026-04-25
OI2000975,2026-04-25 03:35:00,C00337,P00671,S015,6,1549.6,0.1,7438.08,UPI,delivered,2026-04-25
OI2000976,2026-04-25 17:56:00,C00719,P00145,S065,3,54447.66,0.05,130674.38,CARD,shipped,2026-04-25
OI2000977,2026-04-25 13:41:00,C01767,P00247,S012,3,85045.12,0.0,255135.36,UPI,delivered,2026-04-25
OI2000978,2026-04-25 04:16:00,C02375,P00018,S063,1,57158.76,0.0,45727.01,UPI,delivered,2026-04-25
OI2000979,2026-04-25 21:53:00,C02077,P00778,S069,4,80127.23,0.05,304483.47,NETBANKING,delivered,2026-04-25
OI2000980,2026-04-25 07:48:00,C01469,P00477,S018,1,79357.69,0.1,71421.92,WALLET,cancelled,2026-04-25
OI2000981,2026-04-25 22:06:00,C01627,P00332,S011,4,8547.0,0.0,34188.0,CARD,cancelled,2026-04-25
OI2000982,2026-04-16 01:00:00,C02338,P00740,S063,3,59184.15,0.05,142041.96,CARD,delivered,2026-04-25
OI2000983,2026-04-25 10:54:00,C00594,P00006,S031,6,10740.11,0.0,51552.53,CARD,delivered,2026-04-25
OI2000984,2026-04-25 10:20:00,C02134,P00645,S049,3,unknown,0.1,bad_amount,COD,shipped,2026-04-25
OI2000985,2026-04-25 19:41:00,C01057,P00001,S039,4,unknown,0.2,bad_amount,COD,cancelled,2026-04-25
OI2000986,2026-04-25 03:16:00,C02025,P00197,S031,4,28751.74,0.2,92005.57,WALLET,returned,2026-04-25
OI2000987,2026-04-25 16:23:00,C02214,P00352,S015,1,47517.31,0.0,38013.85,CARD,delivered,2026-04-25
OI2000988,2026-04-25 15:58:00,C02146,P00591,S066,6,40822.83,0.1,232690.13,WALLET,shipped,2026-04-25
OI2000989,2026-04-25 20:16:00,C01210,P00323,S054,3,41464.68,0.05,99515.23,UPI,returned,2026-04-25
OI2000990,2026-04-25 14:04:00,C01663,P00558,S044,1,37085.61,0.05,29668.49,COD,cancelled,2026-04-25
OI2000991,2026-04-25 00:45:00,C02215,P00260,S039,4,41841.84,0.05,158998.99,WALLET,delivered,2026-04-25
OI2000992,2026-04-25 23:40:00,C00287,P00267,S055,3,59535.27,0.0,169675.52,CARD,shipped,2026-04-25
OI2000993,2026-04-25 16:55:00,C01040,P00199,S005,4,27052.49,0.05,108209.96,UPI,shipped,2026-04-25
OI2000994,2026-04-25 12:40:00,C01445,P00287,S006,4,66589.78,0.0,NaN_TEXT,COD,returned,2026-04-25
OI2000995,2026-04-25 21:01:00,C02483,P00388,S016,4,12049.67,0.05,38558.94,COD,shipped,2026-04-25
OI2000996,2026-04-25 08:17:00,C01067,P00584,S041,5,unknown,0.05,bad_amount,NETBANKING,delivered,2026-04-25
OI2000997,2026-04-25 17:28:00,C01761,P00749,S001,4,19123.72,0.2,68845.39,NETBANKING,returned,2026-04-25
OI2000998,2026-04-25 23:41:00,C02343,P00546,S001,5,14892.77,0.1,70740.66,WALLET,returned,2026-04-25
OI2000999,2026-04-25 16:57:00,C00838,P00414,S017,3,30260.29,0.0,90780.87,UPI,delivered,2026-04-25
OI2001000,2026-04-25 12:56:00,C02127,P00692,S068,1,73427.15,0.0,58741.72,UPI,delivered,2026-04-25
OI2001001,2026-04-25 17:16:00,C00437,P00594,S024,4,84786.09,0.2,271315.49,WALLET,shipped,2026-04-25
OI2001002,2026-04-25 00:16:00,C02493,P00387,S061,6,85717.48,0.1,411443.9,CARD,cancelled,2026-04-25
OI2001003,2026-04-25 01:03:00,C02418,P00064,S007,2,25634.15,0.05,46141.47,CARD,cancelled,2026-04-25
OI2001004,2026-04-25 11:50:00,C01860,P00069,S075,3,42833.72,0.05,128501.16,UPI,returned,2026-04-25
OI2001005,2026-04-25 18:17:00,C01497,P00079,S050,6,45291.18,0.2,244572.37,COD,cancelled,2026-04-25
OI2001006,2026-04-25 15:20:00,C01823,P00516,S001,6,6106.6,0.1,32975.64,UPI,returned,2026-04-25
OI2001007,2026-04-25 18:56:00,C00881,P00594,S059,2,84786.09,0.1,135657.74,WALLET,cancelled,2026-04-25
OI2001008,2026-04-25 08:55:00,C00822,P00140,S002,5,33601.76,0.2,168008.8,COD,returned,2026-04-25
OI2001009,2026-04-25 00:16:00,C02160,P00699,S009,3,67726.99,0.1,193021.92,UPI,delivered,2026-04-25
OI2001010,2026-04-25 06:04:00,C00972,P00197,S011,6,28751.74,0.1,172510.44,CARD,shipped,2026-04-25
OI2001011,2026-04-25 22:27:00,C01819,P00517,S058,2,1030.32,0.05,1957.61,WALLET,returned,2026-04-25
OI2001012,2026-04-25 12:26:00,C02048,P00282,S046,2,64961.56,0.05,123426.96,CARD,shipped,2026-04-25
OI2001013,2026-04-25 19:47:00,C02480,P00400,S019,1,27347.38,0.0,21877.9,UPI,cancelled,2026-04-25
OI2001014,2026-04-25 22:12:00,C02146,P00674,S069,2,58244.12,0.2,110663.83,NETBANKING,shipped,2026-04-25
OI2001015,2026-04-25 18:33:00,C01962,P00082,S003,3,67514.24,0.1,202542.72,COD,cancelled,2026-04-25
OI2001016,2026-04-25 08:11:00,C02174,P00379,S040,5,50679.03,0.1,240725.39,COD,delivered,2026-04-25
OI2001017,2026-04-25 02:23:00,C01770,P00302,S050,6,2251.07,0.1,13506.42,UPI,shipped,2026-04-25
OI2001018,2026-04-25 11:27:00,C00093,P00618,S001,4,4658.4,0.05,14906.88,WALLET,cancelled,2026-04-25
OI2001019,2026-04-25 01:16:00,C01005,P00190,S029,6,41382.21,0.1,235878.6,COD,shipped,2026-04-25
OI2001020,2026-04-25 08:04:00,C00191,P00125,S042,6,14785.78,0.1,88714.68,WALLET,returned,2026-04-25
OI2001021,2026-04-25 08:04:00,C01377,P00567,S007,6,28237.73,0.05,135541.1,COD,delivered,2026-04-25
OI2001022,2026-04-25 15:57:00,C01498,P00416,S007,3,82209.09,0.05,234295.91,COD,shipped,2026-04-25
OI2001023,2026-04-25 20:01:00,C01488,P00160,S027,5,56754.39,0.0,227017.56,WALLET,cancelled,2026-04-25
OI2001024,2026-04-25 00:17:00,C00037,P00376,S063,2,25959.56,0.2,49323.16,WALLET,returned,2026-04-25
OI2001025,2026-04-25 07:06:00,C00833,P00778,S065,2,80127.23,0.2,144229.01,UPI,returned,2026-04-25
OI2001026,2026-04-25 19:32:00,C00633,P00203,S046,2,24833.93,0.2,39734.29,WALLET,shipped,2026-04-25
OI2001027,2026-04-25 01:44:00,C00142,P00070,S033,6,46092.54,0.05,262727.48,NETBANKING,cancelled,2026-04-25
OI2001028,2026-04-25 07:00:00,C00136,P00320,S022,6,7007.48,0.0,33635.9,CARD,returned,2026-04-25
OI2001029,2026-04-09 07:00:00,C00369,P00482,S008,3,34919.69,0.2,83807.26,UPI,returned,2026-04-25
OI2001030,2026-04-25 23:49:00,C01544,P00128,S063,3,38067.34,0.1,108491.92,UPI,delivered,2026-04-25
OI2001031,2026-04-25 02:12:00,C00032,P00537,S025,2,7847.07,0.1,12555.31,COD,shipped,2026-04-25
OI2001032,2026-04-25 17:58:00,C01893,P00257,S068,6,66166.78,0.0,357300.61,UPI,delivered,2026-04-25
OI2001033,2026-04-25 23:07:00,C02312,P00179,S026,6,30872.47,0.2,166711.34,WALLET,delivered,2026-04-25
OI2001034,2026-04-25 23:31:00,C02257,P00616,S053,2,19744.95,0.05,31591.92,UPI,returned,2026-04-25
OI2001035,2026-04-25 12:24:00,C01026,P00022,S022,2,71723.42,0.0,129102.16,NETBANKING,delivered,2026-04-25
OI2001036,2026-04-25 06:06:00,C02377,P00296,S019,4,64201.56,0.05,231125.62,NETBANKING,cancelled,2026-04-25
OI2001037,2026-04-25 16:58:00,C01460,P00532,S006,1,14865.84,0.0,14122.55,WALLET,delivered,2026-04-25
OI2001038,2026-04-25 04:08:00,C02427,P00539,S014,5,10497.22,0.0,49861.79,UPI,returned,2026-04-25
OI2001039,2026-04-25 04:17:00,C00620,P00469,S037,5,87510.96,0.05,393799.32,UPI,cancelled,2026-04-25
OI2001040,2026-04-25 06:00:00,C01419,P00559,S009,1,72217.82,0.05,72217.82,UPI,returned,2026-04-25
OI2001041,2026-04-25 06:21:00,C00717,P00231,S064,2,71889.3,0.0,129400.74,NETBANKING,returned,2026-04-25
OI2001042,2026-04-25 02:15:00,C00493,P00705,S075,6,51936.03,0.1,249292.94,UPI,shipped,2026-04-25
OI2001043,2026-04-25 07:52:00,C00454,P00670,S034,3,38746.57,0.05,116239.71,NETBANKING,delivered,2026-04-25
OI2001044,2026-04-25 15:12:00,C01705,P00014,S007,1,24907.63,0.2,22416.87,NETBANKING,shipped,2026-04-25
OI2001045,2026-04-25 15:04:00,C02474,P00793,S045,4,87278.29,0.0,349113.16,WALLET,shipped,2026-04-25
OI2001046,2026-04-05 20:00:00,C01201,P00590,S006,4,62602.53,0.0,237889.61,NETBANKING,delivered,2026-04-25
OI2001047,2026-04-25 07:31:00,C02427,P00678,S056,2,85826.41,0.2,137322.26,UPI,delivered,2026-04-25
OI2001048,2026-04-25 16:14:00,C01605,P00122,S033,6,45035.48,0.2,216170.3,UPI,cancelled,2026-04-25
OI2001049,2026-04-25 05:13:00,C00342,,S017,4,83084.21,0.2,332336.84,COD,delivered,2026-04-25
OI2001050,2026-04-25 03:42:00,C01118,P00387,S036,5,85717.48,0.1,342869.92,CARD,cancelled,2026-04-25
OI2001051,2026-04-25 01:32:00,C01208,P00518,S003,1,27396.49,0.2,26026.67,COD,delivered,2026-04-25
OI2001052,2026-04-25 05:26:00,C00962,P00051,S022,3,62160.53,0.05,149185.27,CARD,cancelled,2026-04-25
OI2001053,2026-04-25 02:49:00,C01195,P00596,S052,5,70133.01,0.1,280532.04,CARD,delivered,2026-04-25
OI2001054,2026-04-25 16:11:00,C00588,P00721,S022,3,40942.26,0.05,98261.42,CARD,cancelled,2026-04-25
OI2001055,2026-04-25 20:39:00,C01340,P00704,S032,6,15309.71,0.1,82672.43,CARD,shipped,2026-04-25
OI2001056,2026-04-25 22:26:00,C01020,P00236,S070,1,47950.2,0.05,45552.69,CARD,shipped,2026-04-25
OI2001057,2026-04-25 08:41:00,C00646,P00650,S037,6,19012.41,0.0,102667.01,WALLET,returned,2026-04-25
OI2001058,2026-04-25 09:27:00,C01026,P00510,S051,4,44067.06,0.1,176268.24,COD,shipped,2026-04-25
OI2001059,2026-04-25 11:47:00,C01485,P00069,S062,6,42833.72,0.05,205601.86,NETBANKING,delivered,2026-04-25
OI2001060,2026-04-25 01:21:00,C02005,P00716,S003,2,16985.02,0.2,33970.04,WALLET,delivered,2026-04-25
OI2001061,2026-04-25 05:52:00,C00419,P00616,S022,1,19744.95,0.0,17770.46,COD,returned,2026-04-25
OI2001062,2026-04-25 12:00:00,C01425,P00165,S016,5,54914.34,0.05,260843.11,WALLET,shipped,2026-04-25
OI2001063,2026-04-25 09:42:00,C00249,P00310,S056,4,1512.19,0.05,4839.01,COD,shipped,2026-04-25
OI2001064,2026-04-25 04:42:00,C01375,P00541,S025,1,70944.79,0.2,70944.79,COD,delivered,2026-04-25
OI2001065,2026-04-25 01:17:00,C00900,P00159,S040,1,31734.05,0.0,31734.05,UPI,shipped,2026-04-25
OI2001066,2026-04-25 20:46:00,C02424,P00407,S064,5,17806.09,0.1,80127.4,NETBANKING,delivered,2026-04-25
OI2001067,2026-04-25 02:52:00,C01598,P00345,S070,2,60209.96,0.05,108377.93,NETBANKING,cancelled,2026-04-25
OI2001068,2026-04-25 09:47:00,C00078,P00751,S030,6,47815.45,0.05,286892.7,UPI,delivered,2026-04-25
OI2001069,2026-04-25 01:20:00,C01132,P00306,S050,5,77109.64,0.2,346993.38,UPI,cancelled,2026-04-25
OI2001070,2026-04-25 06:37:00,C01228,P00078,S051,5,584.86,0.05,2339.44,NETBANKING,shipped,2026-04-25
OI2001071,2026-04-25 15:07:00,C01996,P00775,S048,3,21695.86,0.05,61833.2,WALLET,shipped,2026-04-25
OI2001072,2026-04-25 10:25:00,C00769,P00620,S063,1,65851.97,0.1,52681.58,CARD,cancelled,2026-04-25
OI2001073,2026-04-25 02:17:00,C02399,P00528,S070,2,3660.3,0.1,6588.54,CARD,shipped,2026-04-25
OI2001074,2026-04-25 16:59:00,C00888,P00695,S036,6,78265.88,0.2,375676.22,CARD,returned,2026-04-25
OI2001075,2026-04-25 21:34:00,C01615,P00487,S060,2,82880.04,0.05,165760.08,WALLET,delivered,2026-04-25
OI2001076,2026-04-25 20:49:00,C02109,P00035,S034,3,49801.37,0.2,149404.11,NETBANKING,returned,2026-04-25
OI2001077,2026-04-25 01:03:00,C01621,P00369,S022,5,20639.77,0.05,98038.91,WALLET,returned,2026-04-25
OI2001078,2026-04-25 21:00:00,C02235,P00658,S003,3,unknown,0.0,bad_amount,NETBANKING,returned,2026-04-25
OI2001079,2026-04-25 18:36:00,C00033,P00341,S070,3,51692.73,0.05,147324.28,CARD,delivered,2026-04-25
OI2001080,2026-04-08 19:00:00,C01709,P00008,S025,5,8710.16,0.0,39195.72,WALLET,shipped,2026-04-25
OI2001081,2026-04-25 14:14:00,C02391,P00332,S056,3,8547.0,0.1,20512.8,WALLET,shipped,2026-04-25
OI2001082,2026-04-25 18:39:00,C02057,P00669,S038,6,20691.54,0.05,111734.32,UPI,delivered,2026-04-25
OI2001083,2026-04-07 23:00:00,C02262,P00691,S072,5,26467.14,0.0,105868.56,WALLET,cancelled,2026-04-25
OI2001084,2026-04-25 03:34:00,C00989,P00117,S038,4,74834.72,0.2,269404.99,NETBANKING,cancelled,2026-04-25
OI2001085,2026-04-25 04:30:00,C00677,P00167,S064,4,65097.56,0.0,NaN_TEXT,UPI,returned,2026-04-25
OI2001086,2026-04-25 15:48:00,C00406,P00527,S043,1,62863.63,0.1,50290.9,CARD,returned,2026-04-25
OI2001087,2026-04-25 01:14:00,C01897,P00342,S014,6,2808.32,0.05,NaN_TEXT,UPI,delivered,2026-04-25
OI2001088,2026-04-25 05:40:00,C00718,P00658,S051,6,unknown,0.0,bad_amount,CARD,delivered,2026-04-25
OI2001089,2026-04-25 12:53:00,C00112,P00526,S022,2,24784.72,0.1,49569.44,WALLET,returned,2026-04-25
OI2001090,2026-04-25 22:29:00,C00824,P00542,S007,1,79244.19,0.05,63395.35,WALLET,shipped,2026-04-25
OI2001091,2026-04-25 15:59:00,C01789,P00779,S062,5,44900.37,0.1,224501.85,WALLET,shipped,2026-04-25
OI2001092,2026-04-25 05:24:00,C00575,P00302,S012,6,2251.07,0.0,12155.78,WALLET,returned,2026-04-25
OI2001093,2026-04-25 07:35:00,C01656,P00247,S028,1,85045.12,0.2,80792.86,NETBANKING,cancelled,2026-04-25
OI2001094,2026-04-25 13:43:00,C02443,P00036,S034,2,9298.66,0.0,16737.59,UPI,cancelled,2026-04-25
OI2001095,2026-04-25 08:45:00,C00424,P00270,S017,3,40733.2,0.0,116089.62,COD,cancelled,2026-04-25
OI2001096,2026-04-25 05:36:00,C01650,P00583,S067,4,unknown,0.0,bad_amount,NETBANKING,returned,2026-04-25
OI2001097,2026-04-25 10:16:00,C01834,P00655,S012,5,35220.22,0.2,167296.04,WALLET,delivered,2026-04-25
OI2001098,2026-04-25 07:34:00,C01545,P00252,S045,6,62580.71,0.1,337935.83,NETBANKING,cancelled,2026-04-25
OI2001099,2026-04-25 05:17:00,C01400,P00685,S071,6,50206.6,0.2,240991.68,CARD,cancelled,2026-04-25
OI2001100,2026-04-25 07:20:00,C01286,P00599,S052,6,42258.49,0.2,202840.75,NETBANKING,shipped,2026-04-25
OI2001101,2026-04-25 06:15:00,C01371,P00167,S075,3,65097.56,0.2,175763.41,COD,delivered,2026-04-25
OI2001102,2026-04-25 16:11:00,C00730,P00594,S034,5,84786.09,0.0,339144.36,WALLET,cancelled,2026-04-25
OI2001103,2026-04-06 23:00:00,C01064,P00425,S004,5,65862.3,0.0,263449.2,UPI,cancelled,2026-04-25
OI2001104,2026-04-13 20:00:00,C01138,P00659,S063,2,78806.84,0.1,141852.31,COD,cancelled,2026-04-25
OI2001105,2026-04-25 05:46:00,C01180,P00425,S004,3,65862.3,0.0,158069.52,COD,shipped,2026-04-25
OI2001106,2026-04-25 09:04:00,C00208,P00457,S022,5,74186.35,0.1,296745.4,UPI,delivered,2026-04-25
OI2001107,2026-04-25 10:48:00,C01128,P00240,S004,4,38231.58,0.1,145280.0,UPI,delivered,2026-04-25
OI2001108,2026-04-25 19:48:00,C01776,P00071,S061,4,45073.73,0.05,162265.43,CARD,shipped,2026-04-25
OI2001109,2026-04-25 17:25:00,C01748,P00216,S007,3,38520.65,0.05,104005.76,WALLET,delivered,2026-04-25
OI2001110,2026-04-25 19:18:00,C00122,P00532,S065,3,14865.84,0.2,35678.02,COD,returned,2026-04-25
OI2001111,2026-04-16 23:00:00,C00842,P00346,S044,5,21611.47,0.05,108057.35,WALLET,cancelled,2026-04-25
OI2001112,2026-04-25 02:19:00,C00499,P00461,S006,3,40245.92,0.05,96590.21,COD,shipped,2026-04-25
OI2001113,2026-04-25 18:29:00,C01170,P00321,S070,1,11658.52,0.1,10492.67,CARD,delivered,2026-04-25
OI2001114,2026-04-25 20:25:00,C00458,P00027,S006,1,80091.77,0.05,76087.18,COD,cancelled,2026-04-25
OI2001115,2026-04-25 00:28:00,C00983,P00169,S041,4,41370.63,0.2,157208.39,COD,shipped,2026-04-25
OI2001116,2026-04-25 13:07:00,C00761,P00110,S021,3,85862.06,0.1,231827.56,UPI,shipped,2026-04-25
OI2001117,2026-04-25 11:55:00,C00067,P00731,S045,3,56245.76,0.1,134989.82,NETBANKING,shipped,2026-04-25
OI2001118,2026-04-25 19:07:00,C02067,P00073,S061,1,79505.04,0.2,63604.03,WALLET,shipped,2026-04-25
OI2001119,2026-04-25 13:09:00,C01045,P00388,S011,5,12049.67,0.2,48198.68,NETBANKING,delivered,2026-04-25
OI2001120,2026-04-25 17:19:00,C01478,P00439,S073,5,35995.69,0.05,170979.53,WALLET,shipped,2026-04-25
OI2001121,2026-04-25 08:28:00,C00014,P00279,S004,2,33752.53,0.2,64129.81,WALLET,delivered,2026-04-25
OI2001122,2026-04-25 00:32:00,C02079,P00341,S063,3,51692.73,0.2,124062.55,CARD,shipped,2026-04-25
OI2001123,2026-04-25 10:40:00,C02170,P00385,S053,3,36980.6,0.0,110941.8,WALLET,cancelled,2026-04-25
OI2001124,2026-04-25 22:02:00,C01346,P00098,S014,4,52116.36,0.05,208465.44,NETBANKING,returned,2026-04-25
OI2001125,2026-04-25 05:14:00,C00825,P00716,S070,1,16985.02,0.0,16985.02,NETBANKING,cancelled,2026-04-25
OI2001126,2026-04-25 15:13:00,C00044,P00249,S043,1,39118.67,0.05,35206.8,WALLET,cancelled,2026-04-25
OI2001127,2026-04-25 14:25:00,C00987,P00228,S001,5,5500.95,0.2,27504.75,NETBANKING,delivered,2026-04-25
OI2001128,2026-04-25 14:21:00,C01838,P00327,S004,1,19431.16,0.2,17488.04,UPI,cancelled,2026-04-25
OI2001129,2026-04-25 17:10:00,C02301,P00339,S064,4,2566.61,0.0,9753.12,UPI,delivered,2026-04-25
OI2001130,2026-04-25 18:54:00,C00731,P00150,S066,3,30918.13,0.2,NaN_TEXT,NETBANKING,shipped,2026-04-25
OI2001131,2026-04-25 03:18:00,C01480,P00130,S010,5,10121.56,0.1,40486.24,CARD,shipped,2026-04-25
OI2001132,2026-04-25 00:33:00,C02021,P00247,S054,4,85045.12,0.1,272144.38,NETBANKING,returned,2026-04-25
OI2001133,2026-04-25 12:05:00,C00987,P00050,S003,6,75102.36,0.2,450614.16,WALLET,delivered,2026-04-25
OI2001134,2026-04-25 04:42:00,C00836,P00287,S022,5,66589.78,0.0,332948.9,WALLET,shipped,2026-04-25
OI2001135,2026-04-25 03:12:00,C01017,P00115,S039,2,65194.16,0.2,117349.49,COD,returned,2026-04-25
OI2001136,2026-04-25 13:13:00,C01278,P00118,S002,3,68692.94,0.1,195774.88,NETBANKING,cancelled,2026-04-25
OI2001137,2026-04-25 23:03:00,C01305,P00397,S002,3,unknown,0.2,bad_amount,NETBANKING,delivered,2026-04-25
OI2001138,2026-04-25 21:32:00,C01920,P00093,S014,6,19639.92,0.2,106055.57,CARD,shipped,2026-04-25
OI2001139,2026-04-25 07:55:00,C02268,P00271,S010,1,10674.3,0.2,10140.58,WALLET,cancelled,2026-04-25
OI2001140,2026-04-25 14:55:00,C00459,P00368,S041,6,46678.84,0.0,280073.04,COD,delivered,2026-04-25
OI2001141,2026-04-25 04:37:00,C01522,P00762,S047,2,66417.68,0.1,106268.29,WALLET,returned,2026-04-25
OI2001142,2026-04-25 06:23:00,C02391,P00625,S031,4,19780.97,0.05,79123.88,WALLET,delivered,2026-04-25
OI2001143,2026-04-25 11:45:00,C01896,P00651,S025,1,5362.63,0.2,4826.37,COD,delivered,2026-04-25
OI2001144,2026-04-25 07:37:00,C01553,P00554,S020,1,68187.0,0.2,54549.6,WALLET,returned,2026-04-25
OI2001145,2026-04-25 01:51:00,C01228,P00550,S053,5,21781.35,0.1,98016.07,NETBANKING,shipped,2026-04-25
OI2001146,2026-04-25 09:15:00,C01964,P00506,S033,6,67853.0,0.2,366406.2,NETBANKING,cancelled,2026-04-25
OI2001147,2026-04-25 16:17:00,C02168,P00056,S068,1,26763.85,0.1,24087.47,COD,cancelled,2026-04-25
OI2001148,2026-04-25 13:04:00,C00178,P00034,S036,1,26173.66,0.0,23556.29,COD,shipped,2026-04-25
OI2001149,2026-04-10 20:00:00,C02477,P00614,S033,2,31775.22,0.1,57195.4,COD,returned,2026-04-25
OI2001150,2026-04-25 02:59:00,C01991,P00062,S003,2,29846.68,0.2,56708.69,CARD,shipped,2026-04-25
OI2001151,2026-04-25 15:27:00,C02362,P00500,S021,1,89625.7,0.2,85144.41,WALLET,cancelled,2026-04-25
OI2001152,2026-04-12 02:00:00,C02080,P00194,S061,4,16034.57,0.05,57724.45,CARD,delivered,2026-04-25
OI2001153,2026-04-09 18:00:00,C00021,P00227,S064,1,57830.24,0.2,57830.24,CARD,shipped,2026-04-25
OI2001154,2026-04-25 21:15:00,C02193,P00686,S062,1,81005.35,0.1,81005.35,NETBANKING,returned,2026-04-25
OI2001155,2026-04-25 18:59:00,C01764,P00715,S066,2,24813.81,0.0,49627.62,NETBANKING,cancelled,2026-04-25
OI2001156,2026-04-25 23:27:00,C01710,P00343,S046,6,31466.94,0.2,169921.48,CARD,returned,2026-04-25
OI2001157,2026-04-25 01:58:00,C00989,P00600,S070,4,41659.48,0.05,158306.02,CARD,shipped,2026-04-25
OI2001158,2026-04-25 22:38:00,C01537,P00761,S073,5,13372.17,0.0,53488.68,COD,returned,2026-04-25
OI2001159,2026-04-25 12:33:00,C01376,P00343,S028,4,31466.94,0.0,125867.76,COD,delivered,2026-04-25
OI2001160,2026-04-25 14:16:00,C02474,P00169,S054,6,41370.63,0.1,198579.02,CARD,returned,2026-04-25
OI2001161,2026-04-25 20:44:00,C00366,P00408,S005,2,1514.72,0.2,2726.5,WALLET,delivered,2026-04-25
OI2001162,2026-04-25 07:35:00,C00788,P00026,S018,3,61875.0,0.2,185625.0,COD,cancelled,2026-04-25
OI2001163,2026-04-25 14:21:00,C00963,P00196,S034,3,22015.14,0.0,62743.15,NETBANKING,delivered,2026-04-25
OI2001164,2026-04-25 05:22:00,C00355,P00660,S007,6,46189.57,0.1,249423.68,WALLET,shipped,2026-04-25
OI2001165,2026-04-25 15:38:00,C00667,P00786,S055,6,68208.61,0.2,388789.08,UPI,returned,2026-04-25
OI2001166,2026-04-25 09:44:00,C00874,P00578,S070,1,9104.97,0.05,8649.72,WALLET,cancelled,2026-04-25
OI2001167,2026-04-25 16:45:00,C00437,P00375,S048,2,2355.85,0.1,4240.53,COD,returned,2026-04-25
OI2001168,2026-04-25 05:10:00,C01807,P00334,S022,5,16032.79,0.0,76155.75,NETBANKING,returned,2026-04-25
OI2001169,2026-04-25 14:08:00,C01363,P00436,S065,6,31812.32,0.0,190873.92,COD,cancelled,2026-04-25
OI2001170,2026-04-25 13:01:00,C00500,P00588,S003,2,14296.19,0.05,27162.76,CARD,delivered,2026-04-25
OI2001171,2026-04-25 08:02:00,C00164,P00189,S030,5,20249.95,0.1,101249.75,COD,delivered,2026-04-25
OI2001172,2026-04-25 07:11:00,C00018,P00288,S067,6,68471.77,0.2,390289.09,UPI,returned,2026-04-25
OI2001173,2026-04-25 15:51:00,C00533,P00705,S044,2,51936.03,0.05,98678.46,NETBANKING,cancelled,2026-04-25
OI2001174,2026-04-25 06:25:00,C02374,P00475,S025,3,2194.3,0.2,5266.32,NETBANKING,shipped,2026-04-25
OI2001175,2026-04-25 05:02:00,C01681,P00324,S005,6,2068.6,0.1,9929.28,WALLET,delivered,2026-04-25
OI2001176,2026-04-25 14:12:00,C00655,P00301,S005,3,84622.51,0.1,241174.15,WALLET,cancelled,2026-04-25
OI2001177,2026-04-25 11:58:00,C02036,P00036,S071,4,9298.66,0.2,37194.64,CARD,delivered,2026-04-25
OI2001178,2026-04-25 02:25:00,C00429,P00100,S045,6,30848.93,0.0,185093.58,COD,delivered,2026-04-25
OI2001179,2026-04-25 22:33:00,C00899,P00778,S067,2,80127.23,0.05,144229.01,UPI,shipped,2026-04-25
OI2001180,2026-04-20 08:00:00,C01975,P00233,S015,5,6646.48,0.2,33232.4,UPI,delivered,2026-04-25
OI2001181,2026-04-12 07:00:00,C01655,P00373,S031,5,41626.23,0.2,187318.04,WALLET,returned,2026-04-25
OI2001182,2026-04-25 11:54:00,C01191,P00213,S007,2,68661.56,0.1,130456.96,NETBANKING,delivered,2026-04-25
OI2001183,2026-04-25 01:16:00,C00845,P00479,S035,1,14454.91,0.05,13009.42,UPI,shipped,2026-04-25
OI2001184,2026-04-25 16:30:00,C01679,P00139,S068,1,87469.0,0.05,83095.55,NETBANKING,shipped,2026-04-25
OI2001185,2026-04-25 00:12:00,C01755,P00256,S058,1,2640.76,0.0,2508.72,WALLET,returned,2026-04-25
OI2001186,2026-04-25 15:12:00,C00049,P00655,S005,1,35220.22,0.2,35220.22,COD,shipped,2026-04-25
OI2001187,2026-04-25 17:31:00,C00370,P00010,S045,5,25422.83,0.05,114402.74,NETBANKING,cancelled,2026-04-25
OI2001188,2026-04-25 03:25:00,C02203,P00200,S073,6,53037.26,0.2,286401.2,NETBANKING,shipped,2026-04-25
OI2001189,2026-04-25 06:31:00,C00749,P00303,S060,2,65636.84,0.05,118146.31,UPI,shipped,2026-04-25
OI2001190,2026-04-25 01:08:00,C02426,P00472,S069,1,21594.74,0.1,19435.27,CARD,delivered,2026-04-25
OI2001191,2026-04-25 12:16:00,C01524,P00736,S058,3,33429.26,0.1,100287.78,CARD,shipped,2026-04-25
OI2001192,2026-04-25 17:20:00,C00690,P00087,S014,4,36333.32,0.2,130799.95,WALLET,returned,2026-04-25
OI2001193,2026-04-25 18:54:00,C02433,P00715,S052,6,24813.81,0.2,119106.29,UPI,cancelled,2026-04-25
OI2001194,2026-04-25 14:03:00,C01884,P00665,S073,2,48528.2,0.05,87350.76,NETBANKING,returned,2026-04-25
OI2001195,2026-04-25 22:23:00,C02280,,S061,6,40245.92,0.1,217327.97,COD,cancelled,2026-04-25
OI2001196,2026-04-25 20:56:00,C00420,P00745,S040,3,26606.4,0.0,75828.24,COD,delivered,2026-04-25
OI2001197,2026-04-25 08:28:00,C01087,P00046,S024,1,33334.36,0.0,26667.49,NETBANKING,shipped,2026-04-25
OI2001198,2026-04-25 10:59:00,C01768,P00407,S063,5,17806.09,0.0,71224.36,WALLET,returned,2026-04-25
OI2001199,2026-04-25 23:35:00,C01567,P00595,S063,6,6139.0,0.2,29467.2,CARD,cancelled,2026-04-25
OI2001200,2026-04-25 20:01:00,C00247,P00569,S017,3,24215.81,0.05,65382.69,CARD,returned,2026-04-25
OI2001201,2026-04-25 07:55:00,C02456,P00762,S041,2,66417.68,0.2,119551.82,CARD,delivered,2026-04-25
OI2001202,2026-04-25 16:47:00,C00495,P00120,S024,4,20014.73,0.1,72053.03,WALLET,returned,2026-04-25
OI2001203,2026-04-25 23:21:00,C01369,P00094,S017,5,75370.76,0.0,376853.8,CARD,returned,2026-04-25
OI2001204,2026-04-10 02:00:00,C01338,P00520,S017,4,38089.33,0.05,121885.86,NETBANKING,shipped,2026-04-25
OI2001205,2026-04-25 06:21:00,C02195,P00578,S046,2,9104.97,0.0,16388.95,WALLET,cancelled,2026-04-25
OI2001206,2026-04-25 00:55:00,C00519,P00603,S007,5,86592.47,0.05,346369.88,COD,delivered,2026-04-25
OI2001207,2026-04-25 04:08:00,C00652,P00047,S005,2,8657.38,0.05,16449.02,UPI,returned,2026-04-25
OI2001208,2026-04-25 06:50:00,C00707,P00644,S050,1,74191.25,0.2,59353.0,UPI,delivered,2026-04-25
OI2001209,2026-04-25 11:47:00,C01780,P00500,S063,4,89625.7,0.1,286802.24,NETBANKING,shipped,2026-04-25
OI2001210,2026-04-25 21:55:00,C00667,P00711,S016,1,67059.62,0.0,67059.62,COD,delivered,2026-04-25
OI2001211,2026-04-25 03:54:00,C00871,P00363,S062,3,56418.22,0.2,169254.66,CARD,returned,2026-04-25
OI2001212,2026-04-25 20:54:00,C00771,P00601,S014,2,57641.04,0.1,92225.66,NETBANKING,returned,2026-04-25
OI2001213,2026-04-25 04:59:00,C01511,P00212,S036,1,65425.73,0.1,62154.44,WALLET,delivered,2026-04-25
OI2001214,2026-04-25 18:16:00,C00453,P00144,S024,3,19431.62,0.0,52465.37,CARD,shipped,2026-04-25
OI2001215,2026-04-25 20:44:00,C01277,P00185,S053,2,23407.15,0.05,37451.44,CARD,cancelled,2026-04-25
OI2001216,2026-04-25 12:00:00,C01883,P00723,S017,6,39476.59,0.05,225016.56,WALLET,cancelled,2026-04-25
OI2001217,2026-04-25 23:50:00,C00583,P00718,S017,6,70342.87,0.1,422057.22,CARD,delivered,2026-04-25
OI2001218,2026-04-25 04:45:00,C02058,P00746,S024,3,2911.66,0.1,7861.48,COD,delivered,2026-04-25
OI2001219,2026-04-25 08:30:00,C01794,P00573,S025,6,52604.07,0.1,315624.42,UPI,shipped,2026-04-25
OI2001220,2026-04-25 06:46:00,C02341,P00747,S046,5,61937.51,0.05,278718.79,COD,returned,2026-04-25
OI2001221,2026-04-25 23:16:00,C01070,P00745,S004,1,26606.4,0.1,25276.08,NETBANKING,delivered,2026-04-25
OI2001222,2026-04-25 20:08:00,C00242,P00759,S009,5,8490.8,0.0,33963.2,NETBANKING,shipped,2026-04-25
OI2001223,2026-04-25 23:39:00,C02353,P00637,S005,6,76462.55,0.05,435836.54,WALLET,returned,2026-04-25
OI2001224,2026-04-25 15:57:00,C01586,P00334,S015,6,16032.79,0.0,NaN_TEXT,NETBANKING,cancelled,2026-04-25
OI2001225,2026-04-25 01:22:00,C00827,P00659,S024,1,78806.84,0.1,70926.16,UPI,delivered,2026-04-25
OI2001226,2026-04-25 03:51:00,C01363,P00074,S017,5,50478.89,0.0,201915.56,COD,shipped,2026-04-25
OI2001227,2026-04-25 04:45:00,C00371,P00528,S032,5,3660.3,0.0,18301.5,NETBANKING,returned,2026-04-25
OI2001228,2026-04-25 17:05:00,C01699,,S005,3,13370.7,0.2,38106.5,CARD,cancelled,2026-04-25
OI2001229,2026-04-25 01:06:00,C02043,P00447,S011,1,55077.48,0.05,55077.48,UPI,returned,2026-04-25
OI2001230,2026-04-25 20:47:00,C01097,P00198,S044,4,7578.09,0.1,27281.12,NETBANKING,returned,2026-04-25
OI2001231,2026-04-25 06:12:00,C01201,P00635,S057,6,37326.92,0.05,223961.52,UPI,shipped,2026-04-25
OI2001232,2026-04-25 06:34:00,C00058,P00388,S069,1,12049.67,0.05,9639.74,CARD,returned,2026-04-25
OI2001233,2026-04-15 23:00:00,C00475,P00098,S059,5,52116.36,0.05,208465.44,CARD,delivered,2026-04-25
OI2001234,2026-04-25 01:58:00,C01381,P00010,S066,5,25422.83,0.05,120758.44,CARD,returned,2026-04-25
OI2001235,2026-04-25 17:24:00,C02047,P00579,S040,2,66545.66,0.2,126436.75,UPI,returned,2026-04-25
OI2001236,2026-04-25 20:56:00,C00419,P00189,S001,2,20249.95,0.0,36449.91,NETBANKING,delivered,2026-04-25
OI2001237,2026-04-25 12:49:00,C00552,P00220,S056,3,30894.86,0.1,NaN_TEXT,CARD,shipped,2026-04-25
OI2001238,2026-04-25 11:43:00,C00958,P00240,S021,5,38231.58,0.05,152926.32,COD,cancelled,2026-04-25
OI2001239,2026-04-25 13:07:00,C02463,P00018,S039,6,57158.76,0.1,325804.93,COD,shipped,2026-04-25
OI2001240,2026-04-25 13:01:00,C02022,P00425,S017,1,65862.3,0.05,65862.3,WALLET,shipped,2026-04-25
OI2001241,2026-04-25 06:11:00,C01242,P00071,S023,4,45073.73,0.05,144235.94,COD,returned,2026-04-25
OI2001242,2026-04-25 06:43:00,C00060,P00192,S008,4,49831.34,0.2,159460.29,NETBANKING,returned,2026-04-25
OI2001243,2026-04-25 03:29:00,C00643,P00347,S005,1,5351.49,0.2,5083.92,NETBANKING,returned,2026-04-25
OI2001244,2026-04-25 18:55:00,C02053,P00106,S068,1,42058.36,0.0,42058.36,UPI,shipped,2026-04-25
OI2001245,2026-04-25 09:01:00,C02159,P00783,S026,6,21905.04,0.1,124858.73,NETBANKING,delivered,2026-04-25
OI2001246,2026-04-19 17:00:00,C01865,P00229,S046,6,78587.43,0.1,424372.12,WALLET,cancelled,2026-04-25
OI2001247,2026-04-25 17:03:00,C02361,P00402,S048,3,87853.14,0.0,250381.45,NETBANKING,delivered,2026-04-25
OI2001248,2026-04-25 13:39:00,C02476,P00682,S017,6,13191.5,0.0,79149.0,CARD,cancelled,2026-04-25
OI2001249,2026-04-25 02:58:00,C00929,P00047,S038,4,8657.38,0.0,31166.57,UPI,returned,2026-04-25
OI2001250,2026-04-25 02:36:00,C02354,P00758,S063,1,79607.14,0.1,63685.71,CARD,returned,2026-04-25
OI2001251,2026-04-25 04:19:00,C02353,P00391,S034,3,40752.6,0.2,110032.02,COD,delivered,2026-04-25
OI2001252,2026-04-18 00:00:00,C02011,P00307,S027,4,9188.73,0.05,33079.43,WALLET,delivered,2026-04-25
OI2001253,2026-04-25 17:13:00,C01749,P00029,S001,4,24207.09,0.2,91986.94,CARD,delivered,2026-04-25
OI2001254,2026-04-25 05:49:00,C02390,P00462,S075,1,84326.32,0.1,67461.06,COD,shipped,2026-04-25
OI2001255,2026-04-25 02:58:00,C00860,P00771,S010,6,8054.87,0.1,48329.22,WALLET,returned,2026-04-25
OI2001256,2026-04-25 22:06:00,C01067,P00461,S046,2,40245.92,0.0,72442.66,COD,delivered,2026-04-25
OI2001257,2026-04-25 23:13:00,C00476,P00559,S041,6,72217.82,0.0,411641.57,COD,returned,2026-04-25
OI2001258,2026-04-25 09:50:00,C00577,P00001,S043,4,unknown,0.05,bad_amount,UPI,cancelled,2026-04-25
OI2001259,2026-04-25 06:46:00,C01885,P00602,S029,6,25905.25,0.2,147659.92,NETBANKING,returned,2026-04-25
OI2001260,2026-04-25 07:02:00,C00039,P00495,S043,5,63282.68,0.0,316413.4,UPI,shipped,2026-04-25
OI2001261,2026-04-25 06:14:00,C00314,P00097,S075,2,23401.12,0.2,37441.79,COD,delivered,2026-04-25
OI2001262,2026-04-25 15:59:00,C00873,P00574,S031,6,85906.24,0.1,412349.95,NETBANKING,cancelled,2026-04-25
OI2001263,2026-04-25 00:02:00,C00634,P00739,S059,4,67197.88,0.2,268791.52,UPI,cancelled,2026-04-25
OI2001264,2026-04-25 10:31:00,C01609,P00493,S057,6,67003.91,0.0,361821.11,CARD,cancelled,2026-04-25
OI2001265,2026-04-25 16:14:00,C00214,P00566,S012,1,56559.9,0.05,56559.9,NETBANKING,shipped,2026-04-25
OI2001266,2026-04-25 07:25:00,C01427,P00173,S014,2,69911.56,0.05,139823.12,COD,shipped,2026-04-25
OI2001267,2026-04-25 08:42:00,C00953,P00164,S004,3,55729.33,0.1,158828.59,UPI,delivered,2026-04-25
OI2001268,2026-04-25 21:29:00,C00919,P00644,S056,2,74191.25,0.1,133544.25,WALLET,shipped,2026-04-25
OI2001269,2026-04-25 10:56:00,C02062,P00228,S024,3,5500.95,0.05,13202.28,CARD,delivered,2026-04-25
OI2001270,2026-04-25 05:37:00,C01082,P00597,S013,1,22168.54,0.05,19951.69,COD,returned,2026-04-25
OI2001271,2026-04-25 10:07:00,C02029,P00602,S045,6,25905.25,0.2,NaN_TEXT,UPI,shipped,2026-04-25
OI2001272,2026-04-25 00:50:00,C00743,P00251,S042,6,16028.07,0.0,91360.0,CARD,shipped,2026-04-25
OI2001273,2026-04-25 11:50:00,C00835,P00150,S049,3,30918.13,0.0,83478.95,UPI,cancelled,2026-04-25
OI2001274,2026-04-25 02:42:00,C01868,P00059,S052,1,84263.33,0.2,75837.0,CARD,delivered,2026-04-25
OI2001275,2026-04-25 05:37:00,C01432,P00037,S059,2,27187.86,0.05,48938.15,WALLET,shipped,2026-04-25
OI2001276,2026-04-25 01:21:00,C01194,,S017,3,50679.03,0.2,136833.38,NETBANKING,returned,2026-04-25
OI2001277,2026-04-25 23:55:00,C01631,P00783,S021,6,21905.04,0.2,105144.19,WALLET,returned,2026-04-25
OI2001278,2026-04-25 02:26:00,C00502,P00184,S039,5,57337.67,0.1,229350.68,WALLET,delivered,2026-04-25
OI2001279,2026-04-25 01:27:00,C02079,P00521,S053,2,86652.12,0.2,164639.03,COD,returned,2026-04-25
OI2001280,2026-04-25 20:15:00,C02388,P00284,S052,5,43325.42,0.05,194964.39,COD,returned,2026-04-25
OI2001281,2026-04-25 20:14:00,C00051,P00117,S065,5,74834.72,0.0,355464.92,NETBANKING,cancelled,2026-04-25
OI2001282,2026-04-25 08:58:00,C01320,P00359,S035,3,74405.37,0.0,178572.89,CARD,delivered,2026-04-25
OI2001283,2026-04-25 13:23:00,C00974,P00039,S043,1,6961.32,0.05,6613.25,NETBANKING,cancelled,2026-04-25
OI2001284,2026-04-25 08:36:00,C00980,P00280,S014,1,77257.9,0.05,61806.32,CARD,returned,2026-04-25
OI2001285,2026-04-25 09:21:00,C00597,P00507,S012,1,13122.94,0.1,13122.94,COD,delivered,2026-04-25
OI2001286,2026-04-25 07:25:00,C00696,P00658,S032,5,unknown,0.1,bad_amount,UPI,cancelled,2026-04-25
OI2001287,2026-04-25 00:57:00,C00448,P00519,S031,2,28821.3,0.2,46114.08,NETBANKING,cancelled,2026-04-25
OI2001288,2026-04-25 14:33:00,C01095,P00434,S056,2,66817.96,0.2,120272.33,UPI,shipped,2026-04-25
OI2001289,2026-04-25 02:14:00,C00034,P00517,S022,5,1030.32,0.1,4894.02,CARD,shipped,2026-04-25
OI2001290,2026-04-25 22:12:00,C02485,P00243,S061,6,35974.1,0.2,205052.37,COD,delivered,2026-04-25
OI2001291,2026-04-25 16:14:00,C01976,P00611,S040,5,37468.74,0.1,187343.7,COD,cancelled,2026-04-25
OI2001292,2026-04-25 17:48:00,C02262,P00438,S032,4,37810.18,0.1,151240.72,UPI,returned,2026-04-25
OI2001293,2026-04-25 04:22:00,C02411,P00664,S075,4,83397.91,0.2,333591.64,CARD,delivered,2026-04-25
OI2001294,2026-04-25 14:38:00,C01051,P00151,S012,3,76903.69,0.0,207639.96,COD,cancelled,2026-04-25
OI2001295,2026-04-20 02:00:00,C02470,P00744,S022,2,66393.75,0.05,132787.5,CARD,shipped,2026-04-25
OI2001296,2026-04-25 21:54:00,C00694,P00345,S043,5,60209.96,0.0,240839.84,CARD,shipped,2026-04-25
OI2001297,2026-04-25 11:48:00,C02117,P00679,S031,5,30430.68,0.05,121722.72,CARD,shipped,2026-04-25
OI2001298,2026-04-25 00:40:00,C01973,P00644,S008,3,74191.25,0.1,222573.75,NETBANKING,returned,2026-04-25
OI2001299,2026-04-25 09:29:00,C00567,P00655,S066,5,35220.22,0.2,140880.88,WALLET,returned,2026-04-25
OI2001300,2026-04-25 21:36:00,C01544,P00521,S024,2,86652.12,0.05,173304.24,WALLET,cancelled,2026-04-25
OI2001301,2026-04-25 04:58:00,C00814,P00583,S051,6,unknown,0.05,bad_amount,UPI,shipped,2026-04-25
OI2001302,2026-04-25 06:49:00,C01443,P00438,S029,6,37810.18,0.05,215518.03,UPI,delivered,2026-04-25
OI2001303,2026-04-25 07:22:00,C02453,P00442,S050,6,74693.65,0.2,448161.9,COD,cancelled,2026-04-25
OI2001304,2026-04-25 15:09:00,C01961,P00710,S022,1,87048.32,0.2,87048.32,CARD,delivered,2026-04-25
OI2001305,2026-04-25 19:42:00,C02120,P00428,S019,5,68085.26,0.0,340426.3,NETBANKING,cancelled,2026-04-25
OI2001306,2026-04-25 09:27:00,C01496,P00624,S019,2,89193.1,0.1,160547.58,UPI,returned,2026-04-25
OI2001307,2026-04-25 11:34:00,C01915,P00162,S018,3,26013.63,0.2,62432.71,WALLET,delivered,2026-04-25
OI2001308,2026-04-25 08:56:00,C01002,P00194,S063,4,16034.57,0.1,60931.37,CARD,shipped,2026-04-25
OI2001309,2026-04-25 13:47:00,C01810,P00213,S046,5,68661.56,0.05,326142.41,WALLET,cancelled,2026-04-25
OI2001310,2026-04-07 19:00:00,C01815,P00096,S023,2,37305.33,0.1,74610.66,NETBANKING,cancelled,2026-04-25
OI2001311,2026-04-21 04:00:00,C02301,,S007,2,20014.73,0.1,36026.51,CARD,cancelled,2026-04-25
OI2001312,2026-04-18 16:00:00,C01698,P00508,S022,3,7430.37,0.05,21176.55,WALLET,shipped,2026-04-25
OI2001313,2026-04-25 16:21:00,C01358,P00036,S028,1,9298.66,0.05,8833.73,UPI,shipped,2026-04-25
OI2001314,2026-04-25 21:12:00,C01911,P00052,S019,1,41566.57,0.0,33253.26,COD,delivered,2026-04-25
OI2001315,2026-04-25 20:25:00,C02298,P00783,S037,3,21905.04,0.05,65715.12,NETBANKING,cancelled,2026-04-25
OI2001316,2026-04-25 12:42:00,C01293,P00545,S058,5,77517.8,0.1,368209.55,CARD,shipped,2026-04-25
OI2001317,2026-04-25 06:32:00,C02118,P00626,S072,3,41407.8,0.05,99378.72,NETBANKING,cancelled,2026-04-25
OI2001318,2026-04-25 07:57:00,C01839,P00229,S023,6,78587.43,0.2,471524.58,CARD,shipped,2026-04-25
OI2001319,2026-04-25 05:32:00,C02410,P00127,S017,4,51755.42,0.0,186319.51,UPI,returned,2026-04-25
OI2001320,2026-04-25 14:49:00,C00783,P00748,S023,4,33758.25,0.05,108026.4,UPI,delivered,2026-04-25
OI2001321,2026-04-25 00:14:00,C01392,P00395,S075,5,28538.84,0.1,114155.36,UPI,shipped,2026-04-25
OI2001322,2026-04-25 07:09:00,C00739,P00515,S013,1,1538.5,0.05,1538.5,NETBANKING,shipped,2026-04-25
OI2001323,2026-04-25 08:22:00,C00448,P00144,S072,5,19431.62,0.0,87442.29,CARD,cancelled,2026-04-25
OI2001324,2026-04-25 08:05:00,C01731,P00398,S045,5,86219.46,0.2,409542.43,NETBANKING,shipped,2026-04-25
OI2001325,2026-04-25 23:12:00,C00420,P00605,S019,1,54013.86,0.05,48612.47,WALLET,returned,2026-04-25
OI2001326,2026-04-25 21:17:00,C00236,P00785,S075,2,73997.56,0.1,133195.61,WALLET,delivered,2026-04-25
OI2001327,2026-04-25 10:37:00,C01878,P00717,S005,1,4480.09,0.05,4256.09,COD,returned,2026-04-25
OI2001328,2026-04-25 17:51:00,C02026,P00159,S067,1,31734.05,0.1,28560.65,CARD,shipped,2026-04-25
OI2001329,2026-04-25 16:00:00,C01985,P00720,S019,3,38399.61,0.2,103678.95,NETBANKING,delivered,2026-04-25
OI2001330,2026-04-25 16:58:00,C00663,P00258,S041,2,68644.21,0.1,130424.0,NETBANKING,delivered,2026-04-25
OI2001331,2026-04-25 08:36:00,C00333,P00111,S020,2,83018.04,0.05,149432.47,WALLET,delivered,2026-04-25
OI2001332,2026-04-25 19:41:00,C00712,P00784,S021,2,19311.58,0.0,36692.0,COD,cancelled,2026-04-25
OI2001333,2026-04-25 01:41:00,C01197,P00012,S008,6,23734.04,0.0,142404.24,UPI,delivered,2026-04-25
OI2001334,2026-04-25 23:18:00,C00461,P00562,S020,2,35295.39,0.1,56472.62,CARD,returned,2026-04-25
OI2001335,2026-04-25 19:02:00,C01112,P00439,S074,6,35995.69,0.05,215974.14,NETBANKING,delivered,2026-04-25
OI2001336,2026-04-25 15:19:00,C02477,P00416,S033,6,82209.09,0.0,493254.54,NETBANKING,returned,2026-04-25
OI2001337,2026-04-25 17:50:00,C00398,P00396,S038,3,60882.95,0.1,146119.08,UPI,returned,2026-04-25
OI2001338,2026-04-25 13:13:00,C00750,P00351,S016,1,50547.87,0.1,45493.08,COD,returned,2026-04-25
OI2001339,2026-04-25 05:19:00,C01236,P00615,S075,4,89289.59,0.2,285726.69,NETBANKING,cancelled,2026-04-25
OI2001340,2026-04-25 17:04:00,C01155,P00120,S064,2,20014.73,0.05,40029.46,COD,cancelled,2026-04-25
OI2001341,2026-04-25 11:40:00,C00665,P00084,S070,5,75079.07,0.1,337855.82,UPI,returned,2026-04-25
OI2001342,2026-04-25 02:36:00,C02102,P00243,S038,4,35974.1,0.1,136701.58,CARD,returned,2026-04-25
OI2001343,2026-04-25 13:04:00,C01312,P00399,S008,6,52543.69,0.0,315262.14,WALLET,cancelled,2026-04-25
OI2001344,2026-04-25 03:46:00,C00926,P00344,S047,1,54347.02,0.0,51629.67,NETBANKING,delivered,2026-04-25
OI2001345,2026-04-25 16:39:00,C01097,P00474,S061,6,29119.69,0.05,174718.14,WALLET,delivered,2026-04-25
OI2001346,2026-04-25 05:36:00,C00773,P00223,S070,1,51580.17,0.05,46422.15,UPI,returned,2026-04-25
OI2001347,2026-04-25 00:31:00,C01648,P00356,S025,1,80320.66,0.05,80320.66,NETBANKING,shipped,2026-04-25
OI2001348,2026-04-25 10:48:00,C01916,P00047,S011,1,8657.38,0.1,7791.64,UPI,delivered,2026-04-25
OI2001349,2026-04-25 10:24:00,C00508,P00787,S052,3,30646.57,0.0,82745.74,CARD,returned,2026-04-25
OI2001350,2026-04-25 15:47:00,C02077,P00534,S025,2,37722.72,0.0,60356.35,WALLET,returned,2026-04-25
OI2001351,2026-04-25 00:59:00,C02228,P00107,S047,3,53454.24,0.0,160362.72,COD,shipped,2026-04-25
OI2001352,2026-04-25 00:03:00,C02471,P00143,S036,4,51414.89,0.05,185093.6,COD,shipped,2026-04-25
OI2001353,2026-04-25 02:54:00,C00899,P00519,S026,5,28821.3,0.0,115285.2,WALLET,cancelled,2026-04-25
OI2001354,2026-04-05 02:00:00,C00900,P00264,S056,5,8603.44,0.1,34413.76,COD,cancelled,2026-04-25
OI2001355,2026-04-25 18:29:00,C02252,P00753,S027,4,25183.45,0.1,95697.11,UPI,returned,2026-04-25
OI2001356,2026-04-25 13:57:00,C01922,P00289,S023,1,69467.49,0.2,55573.99,UPI,delivered,2026-04-25
OI2001357,2026-04-25 14:57:00,C00850,P00790,S069,2,50083.64,0.05,100167.28,WALLET,shipped,2026-04-25
OI2001358,2026-04-25 10:20:00,C01768,P00703,S039,4,15220.71,0.0,60882.84,COD,cancelled,2026-04-25
OI2001359,2026-04-25 08:57:00,C00468,P00591,S012,3,40822.83,0.1,97974.79,COD,returned,2026-04-25
OI2001360,2026-04-25 00:03:00,C02311,P00763,S072,2,2774.01,0.1,4438.42,CARD,shipped,2026-04-25
OI2001361,2026-04-25 19:35:00,C00816,P00425,S037,1,65862.3,0.2,62569.18,CARD,cancelled,2026-04-25
OI2001362,2026-04-25 18:21:00,C01447,P00562,S050,6,35295.39,0.2,169417.87,CARD,shipped,2026-04-25
OI2001363,2026-04-25 04:01:00,C01845,P00154,S017,4,60731.16,0.05,230778.41,NETBANKING,shipped,2026-04-25
OI2001364,2026-04-25 16:40:00,C00196,P00426,S012,2,7233.88,0.0,11574.21,CARD,delivered,2026-04-25
OI2001365,2026-04-25 07:35:00,C00680,P00749,S048,1,19123.72,0.0,19123.72,COD,delivered,2026-04-25
OI2001366,2026-04-25 05:09:00,C00982,P00620,S026,3,65851.97,0.2,177800.32,NETBANKING,cancelled,2026-04-25
OI2001367,2026-04-25 06:52:00,C00642,P00400,S045,6,27347.38,0.1,131267.42,WALLET,delivered,2026-04-25
OI2001368,2026-04-25 20:41:00,C02030,P00463,S063,6,25685.87,0.05,146409.46,NETBANKING,delivered,2026-04-25
OI2001369,2026-04-07 04:00:00,C01289,P00791,S041,6,54939.76,0.1,313156.63,CARD,cancelled,2026-04-25
OI2001370,2026-04-25 14:50:00,C00616,P00106,S008,3,42058.36,0.05,126175.08,UPI,cancelled,2026-04-25
OI2001371,2026-04-25 04:08:00,C00727,P00239,S040,4,78360.4,0.1,297769.52,UPI,shipped,2026-04-25
OI2001372,2026-04-25 22:33:00,C01772,P00347,S005,4,5351.49,0.1,21405.96,WALLET,shipped,2026-04-25
OI2001373,2026-04-25 02:16:00,C00538,P00298,S041,1,78345.78,0.0,78345.78,CARD,cancelled,2026-04-25
OI2001374,2026-04-25 15:21:00,C00968,P00679,S010,2,30430.68,0.05,48689.09,WALLET,shipped,2026-04-25
OI2001375,2026-04-25 15:16:00,C00999,P00263,S047,2,11394.9,0.2,20510.82,UPI,returned,2026-04-25
OI2001376,2026-04-25 14:01:00,C00304,P00143,S035,5,51414.89,0.1,257074.45,NETBANKING,delivered,2026-04-25
OI2001377,2026-04-25 03:55:00,C00101,P00457,S024,3,74186.35,0.2,222559.05,CARD,delivered,2026-04-25
OI2001378,2026-04-25 08:59:00,C00630,P00783,S038,2,21905.04,0.05,41619.58,UPI,shipped,2026-04-25
OI2001379,2026-04-25 06:21:00,C00756,P00773,S004,4,33311.4,0.2,106596.48,WALLET,shipped,2026-04-25
OI2001380,2026-04-25 13:19:00,C01504,P00161,S014,2,68133.99,0.2,136267.98,NETBANKING,shipped,2026-04-25
OI2001381,2026-04-25 12:49:00,C01522,P00433,S047,3,62850.99,0.2,150842.38,COD,shipped,2026-04-25
OI2001382,2026-04-25 14:59:00,C02160,P00654,S038,1,52923.36,0.0,47631.02,COD,shipped,2026-04-25
OI2001383,2026-04-25 04:36:00,C01482,P00636,S069,2,21272.55,0.05,NaN_TEXT,NETBANKING,cancelled,2026-04-25
OI2001384,2026-04-25 04:09:00,C02427,P00418,S074,4,5921.13,0.1,23684.52,UPI,shipped,2026-04-25
OI2001385,2026-04-25 04:05:00,C00441,P00373,S006,2,41626.23,0.2,79089.84,COD,shipped,2026-04-25
OI2001386,2026-04-25 03:28:00,C01614,P00570,S047,4,51025.74,0.0,163282.37,UPI,returned,2026-04-25
OI2001387,2026-04-25 00:29:00,C00451,P00723,S071,3,39476.59,0.2,106586.79,UPI,cancelled,2026-04-25
OI2001388,2026-04-25 16:31:00,C02308,P00334,S051,1,16032.79,0.0,14429.51,WALLET,delivered,2026-04-25
OI2001389,2026-04-25 13:59:00,C01800,P00728,S074,5,86279.25,0.2,345117.0,UPI,cancelled,2026-04-25
OI2001390,2026-04-25 10:38:00,C01874,P00620,S004,4,65851.97,0.1,263407.88,NETBANKING,returned,2026-04-25
OI2001391,2026-04-25 13:39:00,C01002,P00533,S061,6,71506.81,0.1,407588.82,WALLET,shipped,2026-04-25
OI2001392,2026-04-25 15:41:00,C02440,P00100,S010,1,30848.93,0.2,30848.93,UPI,returned,2026-04-25
OI2001393,2026-04-25 13:55:00,C00274,P00121,S013,4,45170.92,0.2,162615.31,COD,returned,2026-04-25
OI2001394,2026-04-25 19:47:00,C00922,P00159,S073,5,31734.05,0.0,142803.23,NETBANKING,returned,2026-04-25
OI2001395,2026-04-25 04:45:00,C01475,P00127,S056,4,51755.42,0.0,165617.34,NETBANKING,shipped,2026-04-25
OI2001396,2026-04-25 16:15:00,C02383,P00765,S003,2,39553.0,0.2,71195.4,COD,delivered,2026-04-25
OI2001397,2026-04-25 04:15:00,C00939,P00696,S039,3,69138.45,0.05,165932.28,CARD,cancelled,2026-04-25
OI2001398,2026-04-25 17:22:00,C01524,P00080,S042,6,35894.6,0.0,204599.22,COD,delivered,2026-04-25
OI2001399,2026-04-09 03:00:00,C02215,P00105,S042,4,30353.53,0.0,121414.12,UPI,delivered,2026-04-25
OI2001400,2026-04-25 22:12:00,C00419,P00579,S065,2,66545.66,0.2,119782.19,COD,returned,2026-04-25
OI2001401,2026-04-25 05:01:00,C00629,P00362,S008,6,75849.67,0.0,455098.02,WALLET,cancelled,2026-04-25
OI2001402,2026-04-25 05:56:00,C00112,P00297,S040,1,59933.31,0.0,56936.64,NETBANKING,returned,2026-04-25
OI2001403,2026-04-25 10:46:00,C01857,P00409,S007,1,46246.98,0.1,46246.98,UPI,delivered,2026-04-25
OI2001404,2026-04-25 16:33:00,C00689,P00746,S013,3,2911.66,0.1,7861.48,UPI,shipped,2026-04-25
OI2001405,2026-04-25 08:52:00,C01382,,S040,4,39280.5,0.1,125697.6,CARD,delivered,2026-04-25
OI2001406,2026-04-25 07:59:00,C01821,P00492,S042,5,27240.35,0.0,129391.66,CARD,shipped,2026-04-25
OI2001407,2026-04-25 01:14:00,C02450,P00048,S012,5,7623.28,0.0,34304.76,NETBANKING,delivered,2026-04-25
OI2001408,2026-04-25 04:20:00,C02267,P00040,S005,6,82714.19,0.0,496285.14,CARD,cancelled,2026-04-25
OI2001409,2026-04-25 15:57:00,C01683,P00032,S029,6,30049.26,0.1,144236.45,COD,shipped,2026-04-25
OI2001410,2026-04-08 02:00:00,C00902,P00794,S064,4,79522.54,0.1,254472.13,CARD,delivered,2026-04-25
OI2001411,2026-04-25 04:26:00,C01738,P00248,S043,4,86544.26,0.2,346177.04,NETBANKING,shipped,2026-04-25
OI2001412,2026-04-25 02:29:00,C01458,P00477,S071,3,79357.69,0.0,190458.46,NETBANKING,shipped,2026-04-25
OI2001413,2026-04-25 15:12:00,C01093,P00227,S057,3,57830.24,0.0,156141.65,CARD,delivered,2026-04-25
OI2001414,2026-04-25 03:05:00,C01070,P00541,S011,6,70944.79,0.1,383101.87,NETBANKING,returned,2026-04-25
OI2001415,2026-04-25 13:00:00,C00617,P00485,S072,3,27946.35,0.0,83839.05,NETBANKING,returned,2026-04-25
OI2001416,2026-04-25 22:46:00,C02472,P00269,S003,2,1133.19,0.2,1813.1,CARD,returned,2026-04-25
OI2001417,2026-04-25 10:35:00,C01368,P00505,S044,3,54225.5,0.0,130141.2,COD,returned,2026-04-25
OI2001418,2026-04-25 02:09:00,C02235,P00770,S066,2,4472.87,0.0,NaN_TEXT,COD,shipped,2026-04-25
OI2001419,2026-04-25 09:46:00,C01774,P00418,S033,3,5921.13,0.05,16875.22,WALLET,shipped,2026-04-25
OI2001420,2026-04-12 09:00:00,C01740,P00083,S054,1,80492.32,0.1,76467.7,CARD,returned,2026-04-25
OI2001421,2026-04-25 20:56:00,C00519,P00372,S015,6,1357.87,0.0,7739.86,CARD,shipped,2026-04-25
OI2001422,2026-04-25 15:14:00,C02467,P00400,S074,1,27347.38,0.1,25980.01,UPI,returned,2026-04-25
OI2001423,2026-04-25 01:39:00,C00725,P00130,S014,5,10121.56,0.1,50607.8,UPI,delivered,2026-04-25
OI2001424,2026-04-25 07:53:00,C02044,P00695,S042,4,78265.88,0.1,297410.34,WALLET,shipped,2026-04-25
OI2001425,2026-04-25 08:04:00,C01382,P00079,S060,6,45291.18,0.05,271747.08,COD,delivered,2026-04-25
OI2001426,2026-04-14 16:00:00,C00834,P00730,S028,5,unknown,0.2,bad_amount,WALLET,delivered,2026-04-25
OI2001427,2026-04-25 05:11:00,C01639,P00139,S072,5,87469.0,0.05,437345.0,COD,returned,2026-04-25
OI2001428,2026-04-25 11:17:00,C00013,P00086,S009,6,80804.46,0.0,387861.41,COD,shipped,2026-04-25
OI2001429,2026-04-25 10:16:00,C00444,P00543,S017,3,17044.94,0.1,40907.86,COD,shipped,2026-04-25
OI2001430,2026-04-25 15:12:00,C01117,P00695,S034,1,78265.88,0.05,70439.29,COD,cancelled,2026-04-25
OI2001431,2026-04-25 08:45:00,C00849,P00637,S038,4,76462.55,0.2,290557.69,NETBANKING,returned,2026-04-25
OI2001432,2026-04-25 15:01:00,C01610,P00588,S067,5,14296.19,0.1,67906.9,WALLET,returned,2026-04-25
OI2001433,2026-04-25 16:09:00,C02248,P00684,S012,2,19175.41,0.1,36433.28,CARD,returned,2026-04-25
OI2001434,2026-04-25 11:34:00,C00777,P00490,S009,6,8823.16,0.05,52938.96,CARD,shipped,2026-04-25
OI2001435,2026-04-25 04:13:00,C00941,P00630,S044,2,27086.8,0.05,43338.88,COD,shipped,2026-04-25
OI2001436,2026-04-25 12:55:00,C01665,P00113,S043,4,14947.56,0.2,53811.22,UPI,shipped,2026-04-25
OI2001437,2026-04-25 15:55:00,C00574,P00293,S035,4,8044.48,0.0,32177.92,UPI,shipped,2026-04-25
OI2001438,2026-04-25 23:06:00,C02449,P00032,S009,3,30049.26,0.0,90147.78,WALLET,returned,2026-04-25
OI2001439,2026-04-25 22:14:00,C02446,P00320,S005,5,7007.48,0.2,33285.53,CARD,returned,2026-04-25
OI2001440,2026-04-25 06:03:00,C01188,P00407,S001,6,17806.09,0.2,85469.23,NETBANKING,returned,2026-04-25
OI2001441,2026-04-25 10:13:00,C00062,P00246,S003,5,88664.88,0.0,354659.52,WALLET,shipped,2026-04-25
OI2001442,2026-04-25 11:37:00,C01616,P00232,S012,5,38830.73,0.2,155322.92,CARD,shipped,2026-04-25
OI2001443,2026-04-25 08:02:00,C01131,P00225,S054,5,28968.34,0.1,115873.36,NETBANKING,shipped,2026-04-25
OI2001444,2026-04-25 22:39:00,C02245,P00659,S035,3,78806.84,0.0,236420.52,CARD,delivered,2026-04-25
OI2001445,2026-04-25 23:25:00,C00147,P00070,S067,1,46092.54,0.2,43787.91,UPI,shipped,2026-04-25
OI2001446,2026-04-25 03:50:00,C00265,P00605,S032,1,54013.86,0.2,48612.47,NETBANKING,returned,2026-04-25
OI2001447,2026-04-25 17:25:00,C00336,P00104,S030,4,32350.86,0.0,103522.75,NETBANKING,returned,2026-04-25
OI2001448,2026-04-13 23:00:00,C01402,P00560,S073,2,28957.13,0.2,57914.26,CARD,delivered,2026-04-25
OI2001449,2026-04-25 03:20:00,C02124,P00104,S048,6,32350.86,0.2,174694.64,CARD,cancelled,2026-04-25
OI2001450,2026-04-25 17:52:00,C00097,P00049,S072,3,5379.25,0.2,12910.2,CARD,cancelled,2026-04-25
OI2001451,2026-04-25 16:50:00,C00052,P00623,S027,5,37629.61,0.1,150518.44,WALLET,shipped,2026-04-25
OI2001452,2026-04-25 15:50:00,C02479,P00668,S002,2,73520.93,0.0,132337.67,UPI,delivered,2026-04-25
OI2001453,2026-04-25 20:01:00,C00055,P00659,S041,3,78806.84,0.0,212778.47,NETBANKING,shipped,2026-04-25
OI2001454,2026-04-25 03:35:00,C01853,P00279,S041,4,33752.53,0.05,135010.12,COD,delivered,2026-04-25
OI2001455,2026-04-25 01:52:00,C01235,P00406,S002,3,16017.01,0.1,45648.48,UPI,cancelled,2026-04-25
OI2001456,2026-04-25 09:13:00,C01908,P00335,S034,3,23504.66,0.05,63462.58,COD,shipped,2026-04-25
OI2001457,2026-04-25 04:34:00,C00180,P00372,S068,6,1357.87,0.05,7739.86,UPI,shipped,2026-04-25
OI2001458,2026-04-25 07:09:00,C00519,P00617,S062,4,71882.12,0.05,258775.63,COD,shipped,2026-04-25
OI2001459,2026-04-25 04:21:00,C00329,P00272,S005,1,30741.19,0.05,27667.07,NETBANKING,cancelled,2026-04-25
OI2001460,2026-04-25 10:25:00,C00062,P00403,S022,4,79230.44,0.2,285229.58,UPI,returned,2026-04-25
OI2001461,2026-04-25 18:40:00,C02305,P00167,S049,2,65097.56,0.1,130195.12,COD,cancelled,2026-04-25
OI2001462,2026-04-25 07:41:00,C01935,P00246,S030,2,88664.88,0.1,168463.27,UPI,delivered,2026-04-25
OI2001463,2026-04-25 22:16:00,C00564,P00169,S046,3,41370.63,0.1,124111.89,COD,returned,2026-04-25
OI2001464,2026-04-25 03:57:00,C02480,P00123,S072,3,30615.63,0.05,87254.55,NETBANKING,delivered,2026-04-25
OI2001465,2026-04-07 04:00:00,C01695,P00720,S018,2,38399.61,0.0,76799.22,UPI,delivered,2026-04-25
OI2001466,2026-04-25 00:18:00,C00475,P00316,S042,4,22142.03,0.05,70854.5,NETBANKING,returned,2026-04-25
OI2001467,2026-04-25 07:22:00,C00816,P00110,S023,4,85862.06,0.0,343448.24,UPI,delivered,2026-04-25
OI2001468,2026-04-25 11:47:00,C01223,P00682,S039,1,13191.5,0.05,13191.5,NETBANKING,delivered,2026-04-25
OI2001469,2026-04-25 10:01:00,C01454,P00794,S070,3,79522.54,0.05,226639.24,WALLET,cancelled,2026-04-25
OI2001470,2026-04-25 18:57:00,C00578,P00618,S026,4,4658.4,0.0,18633.6,WALLET,returned,2026-04-25
OI2001471,2026-04-13 00:00:00,C00547,P00219,S021,5,25270.42,0.05,126352.1,CARD,delivered,2026-04-25
OI2001472,2026-04-25 09:26:00,C00239,P00162,S061,6,26013.63,0.1,148277.69,UPI,cancelled,2026-04-25
OI2001473,2026-04-25 04:11:00,C01987,P00023,S023,5,19766.23,0.05,98831.15,CARD,delivered,2026-04-25
OI2001474,2026-04-25 17:59:00,C01036,P00129,S068,4,54358.95,0.2,195692.22,NETBANKING,shipped,2026-04-25
OI2001475,2026-04-25 21:10:00,C02334,P00175,S015,5,58494.71,0.1,233978.84,WALLET,delivered,2026-04-25
OI2001476,2026-04-25 04:41:00,C00371,P00782,S041,6,60281.01,0.05,361686.06,UPI,shipped,2026-04-25
OI2001477,2026-04-08 15:00:00,C01839,P00548,S067,6,17399.1,0.1,99174.87,WALLET,returned,2026-04-25
OI2001478,2026-04-25 04:57:00,C02338,P00435,S020,5,28267.64,0.1,141338.2,CARD,cancelled,2026-04-25
OI2001479,2026-04-25 11:22:00,C02053,P00702,S067,6,48813.44,0.1,278236.61,WALLET,cancelled,2026-04-25
OI2001480,2026-04-25 02:35:00,C01396,P00197,S002,2,28751.74,0.05,46002.78,UPI,cancelled,2026-04-25
OI2001481,2026-04-25 15:14:00,C02429,P00037,S041,3,27187.86,0.05,65250.86,CARD,returned,2026-04-25
OI2001482,2026-04-25 16:19:00,C00911,P00323,S053,1,41464.68,0.1,37318.21,CARD,cancelled,2026-04-25
OI2001483,2026-04-25 18:47:00,C00570,P00746,S041,3,2911.66,0.0,6987.98,UPI,delivered,2026-04-25
OI2001484,2026-04-25 17:49:00,C02279,P00800,S008,1,1039.62,0.0,935.66,COD,cancelled,2026-04-25
OI2001485,2026-04-25 18:15:00,C01754,P00641,S039,2,3019.0,0.2,6038.0,CARD,delivered,2026-04-25
OI2001486,2026-04-25 04:01:00,C02064,P00730,S034,2,unknown,0.0,bad_amount,UPI,shipped,2026-04-25
OI2001487,2026-04-25 21:04:00,C02076,P00218,S017,4,65078.6,0.2,208251.52,WALLET,delivered,2026-04-25
OI2001488,2026-04-25 03:20:00,C02052,P00775,S049,1,21695.86,0.2,21695.86,WALLET,cancelled,2026-04-25
OI2001489,2026-04-25 19:29:00,C00767,P00002,S027,4,unknown,0.2,bad_amount,WALLET,delivered,2026-04-25
OI2001490,2026-04-25 07:17:00,C00632,P00771,S032,1,8054.87,0.2,8054.87,UPI,cancelled,2026-04-25
OI2001491,2026-04-25 00:22:00,C02031,P00378,S072,6,3535.63,0.0,20153.09,NETBANKING,returned,2026-04-25
OI2001492,2026-04-25 01:32:00,C01763,P00741,S026,6,9080.41,0.2,51758.34,UPI,cancelled,2026-04-25
OI2001493,2026-04-25 14:34:00,C00211,P00683,S020,1,30669.06,0.1,27602.15,NETBANKING,cancelled,2026-04-25
OI2001494,2026-04-25 13:22:00,C00164,P00657,S024,1,12030.66,0.0,10827.59,WALLET,cancelled,2026-04-25
OI2001495,2026-04-25 17:47:00,C00055,P00056,S024,4,26763.85,0.0,96349.86,WALLET,returned,2026-04-25
OI2001496,2026-04-25 21:12:00,C00533,P00100,S036,1,30848.93,0.2,30848.93,CARD,delivered,2026-04-25
OI2001497,2026-04-25 16:14:00,C01906,P00606,S039,3,34480.9,0.1,82754.16,COD,cancelled,2026-04-25
OI2001498,2026-04-25 03:02:00,C00040,P00044,S030,3,34466.16,0.0,93058.63,WALLET,returned,2026-04-25
OI2001499,2026-04-25 05:33:00,C01094,P00326,S037,1,85265.81,0.2,68212.65,CARD,shipped,2026-04-25
OI2001500,2026-04-25 13:08:00,C01983,P00712,S053,1,86349.23,0.05,77714.31,WALLET,cancelled,2026-04-25
OI2001501,2026-04-25 08:38:00,C00875,P00252,S051,3,62580.71,0.0,168967.92,COD,shipped,2026-04-25
OI2001502,2026-04-25 03:28:00,C01937,P00787,S057,4,30646.57,0.2,98069.02,UPI,shipped,2026-04-25
OI2001503,2026-04-25 21:14:00,C01486,P00285,S001,6,35238.69,0.2,190288.93,COD,delivered,2026-04-25
OI2001504,2026-04-25 13:12:00,C00706,P00418,S043,4,5921.13,0.1,21316.07,WALLET,returned,2026-04-25
OI2001505,2026-04-25 09:07:00,C01612,P00365,S025,5,16567.6,0.05,74554.2,UPI,delivered,2026-04-25
OI2001506,2026-04-25 18:34:00,C02196,P00606,S036,3,34480.9,0.2,93098.43,NETBANKING,delivered,2026-04-25
OI2001507,2026-04-25 20:57:00,C00135,P00425,S072,2,65862.3,0.1,125138.37,NETBANKING,delivered,2026-04-25
OI2001508,2026-04-25 10:17:00,C01174,P00427,S071,3,87547.32,0.2,262641.96,COD,delivered,2026-04-25
OI2001509,2026-04-25 03:20:00,C01741,P00638,S073,6,53850.56,0.2,323103.36,CARD,shipped,2026-04-25
OI2001510,2026-04-25 05:06:00,C02099,P00683,S073,3,30669.06,0.2,82806.46,UPI,cancelled,2026-04-25
OI2001511,2026-04-25 20:31:00,C00099,P00633,S075,5,26973.68,0.05,134868.4,UPI,cancelled,2026-04-25
OI2001512,2026-04-25 23:01:00,C00963,P00771,S007,2,8054.87,0.1,15304.25,WALLET,cancelled,2026-04-25
OI2001513,2026-04-07 20:00:00,C00030,P00545,S019,6,77517.8,0.0,418596.12,COD,cancelled,2026-04-25
OI2001514,2026-04-25 11:43:00,C01389,P00592,S021,2,20679.65,0.2,41359.3,COD,delivered,2026-04-25
OI2001515,2026-04-25 13:53:00,C01775,P00527,S050,4,62863.63,0.0,226309.07,NETBANKING,shipped,2026-04-25
OI2001516,2026-04-25 19:35:00,C00256,P00616,S070,2,19744.95,0.2,39489.9,NETBANKING,shipped,2026-04-25
OI2001517,2026-04-25 17:54:00,C02089,P00454,S044,1,35110.72,0.0,35110.72,COD,cancelled,2026-04-25
OI2001518,2026-04-25 09:33:00,C00590,P00190,S010,1,41382.21,0.1,33105.77,WALLET,shipped,2026-04-25
OI2001519,2026-04-25 14:53:00,C00367,P00637,S030,5,76462.55,0.1,363197.11,CARD,shipped,2026-04-25
OI2001520,2026-04-25 19:14:00,C02057,P00517,S010,4,1030.32,0.2,4121.28,COD,shipped,2026-04-25
OI2001521,2026-04-25 14:58:00,C00288,P00078,S044,5,584.86,0.1,2339.44,NETBANKING,delivered,2026-04-25
OI2001522,2026-04-25 19:59:00,C01229,P00421,S048,5,5130.48,0.2,25652.4,WALLET,delivered,2026-04-25
OI2001523,2026-04-25 12:53:00,C02184,P00739,S052,3,67197.88,0.05,191513.96,CARD,shipped,2026-04-25
OI2001524,2026-04-25 18:45:00,C01815,P00189,S017,1,20249.95,0.1,20249.95,COD,cancelled,2026-04-25
OI2001525,2026-04-25 10:37:00,C01375,P00034,S052,4,26173.66,0.0,94225.18,COD,cancelled,2026-04-25
OI2001526,2026-04-25 20:30:00,C00601,P00026,S005,4,61875.0,0.1,198000.0,COD,cancelled,2026-04-25
OI2001527,2026-04-25 03:23:00,C02137,P00073,S066,3,79505.04,0.2,238515.12,UPI,delivered,2026-04-25
OI2001528,2026-04-25 05:33:00,C01971,P00454,S066,4,35110.72,0.05,140442.88,NETBANKING,cancelled,2026-04-25
OI2001529,2026-04-25 02:49:00,C00881,P00356,S001,2,80320.66,0.05,160641.32,COD,delivered,2026-04-25
OI2001530,2026-04-25 00:43:00,C01081,P00058,S028,1,72269.01,0.0,72269.01,CARD,delivered,2026-04-25
OI2001531,2026-04-15 08:00:00,C00554,P00260,S016,6,41841.84,0.1,238498.49,UPI,shipped,2026-04-25
OI2001532,2026-04-25 15:21:00,C01155,P00153,S039,3,7551.63,0.0,20389.4,CARD,delivered,2026-04-25
OI2001533,2026-04-25 10:12:00,C00345,P00129,S066,5,54358.95,0.0,258205.01,COD,shipped,2026-04-25
OI2001534,2026-04-25 09:25:00,C00899,P00355,S006,2,45826.4,0.0,91652.8,WALLET,returned,2026-04-25
OI2001535,2026-04-25 06:44:00,C01341,P00168,S039,2,unknown,0.2,bad_amount,NETBANKING,returned,2026-04-25
OI2001536,2026-04-25 04:55:00,C00477,P00420,S022,6,86910.74,0.0,495391.22,UPI,shipped,2026-04-25
OI2001537,2026-04-25 00:33:00,C00908,P00759,S056,5,8490.8,0.05,40331.3,WALLET,returned,2026-04-25
OI2001538,2026-04-25 05:01:00,C01330,P00382,S061,1,43163.29,0.0,34530.63,COD,cancelled,2026-04-25
OI2001539,2026-04-25 12:17:00,C00012,P00641,S053,6,3019.0,0.2,14491.2,NETBANKING,returned,2026-04-25
OI2001540,2026-04-25 05:37:00,C02491,P00400,S070,5,27347.38,0.1,129900.05,CARD,shipped,2026-04-25
OI2001541,2026-04-25 18:26:00,C01192,P00090,S015,3,50485.5,0.1,121165.2,COD,delivered,2026-04-25
OI2001542,2026-04-25 14:35:00,C00442,P00777,S068,1,72195.28,0.2,72195.28,WALLET,delivered,2026-04-25
OI2001543,2026-04-25 04:13:00,C01740,P00726,S012,5,51078.66,0.1,229853.97,CARD,cancelled,2026-04-25
OI2001544,2026-04-25 06:39:00,C00936,P00201,S057,2,44375.05,0.05,88750.1,NETBANKING,shipped,2026-04-25
OI2001545,2026-04-12 13:00:00,C01218,P00457,S053,1,74186.35,0.2,74186.35,UPI,shipped,2026-04-25
OI2001546,2026-04-25 22:30:00,C01028,P00399,S012,1,52543.69,0.0,47289.32,WALLET,returned,2026-04-25
OI2001547,2026-04-19 07:00:00,C00388,P00044,S019,5,34466.16,0.05,155097.72,CARD,delivered,2026-04-25
OI2001548,2026-04-25 08:42:00,C02308,P00306,S040,2,77109.64,0.2,146508.32,COD,shipped,2026-04-25
OI2001549,2026-04-25 19:22:00,C01164,P00791,S005,3,54939.76,0.2,148337.35,CARD,cancelled,2026-04-25
OI2001550,2026-04-25 09:05:00,C01719,P00154,S056,5,60731.16,0.05,273290.22,COD,returned,2026-04-25
OI2001551,2026-04-25 03:11:00,C01831,P00756,S050,4,66406.1,0.05,212499.52,CARD,cancelled,2026-04-25
OI2001552,2026-04-25 11:34:00,C01744,P00128,S072,3,38067.34,0.2,108491.92,NETBANKING,shipped,2026-04-25
OI2001553,2026-04-16 02:00:00,C00146,P00330,S024,2,47717.1,0.0,95434.2,NETBANKING,shipped,2026-04-25
OI2001554,2026-04-25 12:02:00,C00306,P00452,S035,2,80158.89,0.05,152301.89,COD,delivered,2026-04-25
OI2001555,2026-04-25 08:20:00,C00631,P00584,S062,4,unknown,0.0,bad_amount,NETBANKING,delivered,2026-04-25
OI2001556,2026-04-25 04:26:00,C02047,P00215,S003,4,18263.0,0.1,65746.8,NETBANKING,shipped,2026-04-25
OI2001557,2026-04-25 00:09:00,C00437,P00427,S018,5,87547.32,0.1,437736.6,CARD,delivered,2026-04-25
OI2001558,2026-04-25 08:22:00,C00841,P00180,S010,1,53530.98,0.05,42824.78,NETBANKING,cancelled,2026-04-25
OI2001559,2026-04-25 08:04:00,C00798,P00378,S013,6,3535.63,0.1,20153.09,WALLET,returned,2026-04-25
OI2001560,2026-04-25 22:29:00,C01195,P00657,S009,5,12030.66,0.05,57145.64,CARD,delivered,2026-04-25
OI2001561,2026-04-25 20:58:00,C01205,P00765,S071,4,39553.0,0.0,158212.0,WALLET,delivered,2026-04-25
OI2001562,2026-04-25 23:39:00,C02188,P00122,S073,2,45035.48,0.2,81063.86,NETBANKING,shipped,2026-04-25
OI2001563,2026-04-25 17:28:00,C00579,P00012,S074,5,23734.04,0.05,118670.2,COD,shipped,2026-04-25
OI2001564,2026-04-25 19:01:00,C02199,P00567,S003,4,28237.73,0.1,101655.83,UPI,shipped,2026-04-25
OI2001565,2026-04-15 06:00:00,C00324,P00724,S024,5,19761.05,0.0,79044.2,WALLET,returned,2026-04-25
OI2001566,2026-04-25 15:24:00,C01620,P00470,S071,3,44361.62,0.05,119776.37,COD,shipped,2026-04-25
OI2001567,2026-04-25 14:43:00,C00979,P00661,S016,4,3537.34,0.2,11319.49,NETBANKING,cancelled,2026-04-25
OI2001568,2026-04-25 20:59:00,C02138,P00464,S062,4,78106.97,0.1,249942.3,UPI,delivered,2026-04-25
OI2001569,2026-04-25 15:00:00,C02201,P00669,S036,2,20691.54,0.05,39313.93,UPI,shipped,2026-04-25
OI2001570,2026-04-25 00:34:00,C00970,P00441,S050,2,30411.38,0.05,54740.48,UPI,delivered,2026-04-25
OI2001571,2026-04-25 21:45:00,C01784,P00276,S070,5,86969.03,0.0,413102.89,CARD,delivered,2026-04-25
OI2001572,2026-04-25 17:02:00,C02106,P00755,S068,1,20738.03,0.2,20738.03,NETBANKING,delivered,2026-04-25
OI2001573,2026-04-25 17:38:00,C02241,P00712,S008,3,86349.23,0.0,246095.31,WALLET,delivered,2026-04-25
OI2001574,2026-04-25 02:17:00,C00808,P00395,S042,1,28538.84,0.1,22831.07,COD,cancelled,2026-04-25
OI2001575,2026-04-15 21:00:00,C00631,P00634,S039,5,unknown,0.05,bad_amount,CARD,cancelled,2026-04-25
OI2001576,2026-04-25 03:55:00,C01113,P00491,S049,2,6922.87,0.05,13153.45,WALLET,delivered,2026-04-25
OI2001577,2026-04-25 01:08:00,C01725,P00619,S059,2,59995.5,0.1,119991.0,CARD,shipped,2026-04-25
OI2001578,2026-04-25 23:33:00,C01952,P00281,S003,6,81094.02,0.05,486564.12,COD,cancelled,2026-04-25
OI2001579,2026-04-25 21:06:00,C01401,P00012,S030,2,23734.04,0.0,42721.27,NETBANKING,returned,2026-04-25
OI2001580,2026-04-25 07:33:00,C02339,P00106,S043,4,42058.36,0.2,159821.77,CARD,delivered,2026-04-25
OI2001581,2026-04-25 16:53:00,C01778,P00583,S015,2,unknown,0.1,bad_amount,CARD,cancelled,2026-04-25
OI2001582,2026-04-25 03:24:00,C01399,P00186,S044,6,52875.22,0.1,317251.32,UPI,shipped,2026-04-25
OI2001583,2026-04-25 04:43:00,C01672,P00421,S020,5,5130.48,0.1,24369.78,CARD,shipped,2026-04-25
OI2001584,2026-04-25 13:44:00,C00673,P00516,S014,4,6106.6,0.05,23205.08,CARD,returned,2026-04-25
OI2001585,2026-04-25 03:02:00,C00781,P00328,S075,5,51321.57,0.05,205286.28,NETBANKING,cancelled,2026-04-25
OI2001586,2026-04-25 17:35:00,C01092,P00303,S061,3,65636.84,0.1,177219.47,UPI,shipped,2026-04-25
OI2001587,2026-04-25 14:46:00,C02018,P00708,S018,2,63644.84,0.1,120925.2,WALLET,cancelled,2026-04-25
OI2001588,2026-04-25 07:30:00,C02263,P00203,S008,4,24833.93,0.05,99335.72,CARD,delivered,2026-04-25
OI2001589,2026-04-25 12:27:00,C00003,P00367,S036,4,74073.14,0.1,296292.56,WALLET,shipped,2026-04-25
OI2001590,2026-04-25 22:18:00,C02458,P00055,S053,2,56384.75,0.0,90215.6,CARD,cancelled,2026-04-25
OI2001591,2026-04-25 18:21:00,C00842,P00449,S009,3,37576.69,0.1,90184.06,CARD,cancelled,2026-04-25
OI2001592,2026-04-25 09:14:00,C01077,P00344,S061,3,54347.02,0.2,146736.95,CARD,shipped,2026-04-25
OI2001593,2026-04-25 05:31:00,C00814,P00667,S011,5,83084.21,0.1,332336.84,WALLET,shipped,2026-04-25
OI2001594,2026-04-25 07:16:00,C00472,P00268,S040,4,1367.81,0.0,5471.24,CARD,returned,2026-04-25
OI2001595,2026-04-25 22:13:00,C00153,P00242,S006,3,78088.55,0.2,NaN_TEXT,COD,returned,2026-04-25
OI2001596,2026-04-25 04:05:00,C00128,P00694,S030,2,unknown,0.1,bad_amount,UPI,returned,2026-04-25
OI2001597,2026-04-25 13:46:00,C00131,P00540,S072,4,12058.68,0.05,38587.78,CARD,cancelled,2026-04-25
OI2001598,2026-04-25 14:31:00,C00936,P00239,S009,5,78360.4,0.2,391802.0,NETBANKING,delivered,2026-04-25
OI2001599,2026-04-25 08:51:00,C01541,P00735,S018,4,9307.16,0.1,37228.64,CARD,shipped,2026-04-25
OI2001600,2026-04-25 06:14:00,C02032,P00476,S075,4,18858.59,0.0,60347.49,CARD,shipped,2026-04-25
OI2001601,2026-04-25 07:24:00,C00360,P00079,S074,3,45291.18,0.1,135873.54,UPI,returned,2026-04-25
OI2001602,2026-04-25 13:02:00,C00721,,S017,3,61937.51,0.0,167231.28,CARD,cancelled,2026-04-25
OI2001603,2026-04-25 03:56:00,C01132,P00564,S016,4,373.78,0.05,1345.61,WALLET,shipped,2026-04-25
OI2001604,2026-04-25 22:39:00,C00436,P00145,S046,1,54447.66,0.05,51725.28,NETBANKING,shipped,2026-04-25
OI2001605,2026-04-25 16:14:00,C01563,P00763,S046,2,2774.01,0.2,5548.02,WALLET,cancelled,2026-04-25
OI2001606,2026-04-25 11:31:00,C01217,P00308,S030,4,57581.59,0.2,230326.36,CARD,delivered,2026-04-25
OI2001607,2026-04-25 15:26:00,C00864,P00089,S068,2,54798.93,0.05,109597.86,UPI,cancelled,2026-04-25
OI2001608,2026-04-25 20:24:00,C00994,P00626,S012,2,41407.8,0.2,NaN_TEXT,CARD,cancelled,2026-04-25
OI2001609,2026-04-25 12:14:00,C00269,P00502,S007,5,33644.21,0.05,151398.95,COD,cancelled,2026-04-25
OI2001610,2026-04-25 22:19:00,C00709,P00515,S072,3,1538.5,0.1,4615.5,CARD,shipped,2026-04-25
OI2001611,2026-04-25 08:06:00,C00017,P00141,S037,6,7162.54,0.05,40826.48,NETBANKING,delivered,2026-04-25
OI2001612,2026-04-25 16:14:00,C01939,P00667,S049,6,83084.21,0.05,448654.73,COD,cancelled,2026-04-25
OI2001613,2026-04-25 03:38:00,C01040,,S033,5,2194.3,0.0,9874.35,CARD,delivered,2026-04-25
OI2001614,2026-04-25 10:45:00,C02234,P00549,S044,1,67394.88,0.2,53915.9,CARD,cancelled,2026-04-25
OI2001615,2026-04-25 10:55:00,C00107,P00389,S016,3,85324.61,0.05,255973.83,CARD,shipped,2026-04-25
OI2001616,2026-04-25 02:38:00,C00177,P00699,S022,6,67726.99,0.0,365725.75,COD,shipped,2026-04-25
OI2001617,2026-04-25 01:52:00,C00254,P00442,S034,2,74693.65,0.1,119509.84,NETBANKING,shipped,2026-04-25
OI2001618,2026-04-25 22:18:00,C01525,P00607,S051,2,17947.36,0.0,34099.98,NETBANKING,cancelled,2026-04-25
OI2001619,2026-04-25 17:58:00,C01378,P00319,S005,2,38863.82,0.0,77727.64,WALLET,returned,2026-04-25
OI2001620,2026-04-25 04:12:00,C00748,P00297,S057,5,59933.31,0.05,299666.55,WALLET,cancelled,2026-04-25
OI2001621,2026-04-25 16:28:00,C02117,P00017,S041,1,13696.86,0.0,10957.49,NETBANKING,cancelled,2026-04-25
OI2001622,2026-04-25 00:56:00,C01071,P00786,S070,5,68208.61,0.0,272834.44,NETBANKING,returned,2026-04-25
OI2001623,2026-04-25 03:32:00,C00554,P00528,S010,2,3660.3,0.0,6954.57,NETBANKING,cancelled,2026-04-25
OI2001624,2026-04-25 06:51:00,C00894,P00023,S038,2,19766.23,0.05,35579.21,UPI,cancelled,2026-04-25
OI2001625,2026-04-25 17:13:00,C00880,P00161,S059,5,68133.99,0.0,272535.96,UPI,delivered,2026-04-25
OI2001626,2026-04-25 01:30:00,C02365,P00433,S050,3,62850.99,0.0,188552.97,UPI,shipped,2026-04-25
OI2001627,2026-04-25 21:42:00,C01917,P00090,S003,4,50485.5,0.1,181747.8,UPI,delivered,2026-04-25
OI2001628,2026-04-25 03:24:00,C00786,P00187,S012,6,78380.74,0.05,446770.22,UPI,delivered,2026-04-25
OI2001629,2026-04-25 17:48:00,C01138,P00517,S018,2,1030.32,0.0,2060.64,WALLET,cancelled,2026-04-25
OI2001630,2026-04-25 00:34:00,C01993,P00506,S020,3,67853.0,0.05,183203.1,NETBANKING,delivered,2026-04-25
OI2001631,2026-04-25 13:46:00,C00426,P00248,S040,1,86544.26,0.2,69235.41,WALLET,cancelled,2026-04-25
OI2001632,2026-04-25 12:04:00,C00031,P00216,S075,3,38520.65,0.05,92449.56,CARD,shipped,2026-04-25
OI2001633,2026-04-25 07:23:00,C01780,P00320,S040,4,7007.48,0.0,26628.42,UPI,returned,2026-04-25
OI2001634,2026-04-25 03:38:00,C01476,P00743,S033,6,51487.64,0.0,308925.84,CARD,shipped,2026-04-25
OI2001635,2026-04-25 04:07:00,C00056,P00670,S008,2,38746.57,0.1,61994.51,UPI,returned,2026-04-25
OI2001636,2026-04-22 12:00:00,C02209,P00409,S003,1,46246.98,0.2,46246.98,UPI,cancelled,2026-04-25
OI2001637,2026-04-08 21:00:00,C01363,P00788,S009,3,7687.85,0.05,20757.2,CARD,delivered,2026-04-25
OI2001638,2026-04-07 06:00:00,C00195,P00782,S004,4,60281.01,0.0,241124.04,UPI,cancelled,2026-04-25
OI2001639,2026-04-25 12:55:00,C00593,P00130,S009,5,10121.56,0.0,45547.02,NETBANKING,cancelled,2026-04-25
OI2001640,2026-04-25 13:38:00,C00145,P00424,S023,5,42885.89,0.05,192986.51,WALLET,returned,2026-04-25
OI2001641,2026-04-25 18:01:00,C01004,P00318,S040,1,37156.14,0.1,33440.53,COD,shipped,2026-04-25
OI2001642,2026-04-25 16:31:00,C02094,P00602,S028,1,25905.25,0.1,20724.2,CARD,cancelled,2026-04-25
OI2001643,2026-04-25 12:39:00,C00922,P00245,S052,3,66678.53,0.2,180032.03,UPI,shipped,2026-04-25
OI2001644,2026-04-10 11:00:00,C01670,P00103,S014,4,33555.66,0.2,127511.51,UPI,shipped,2026-04-25
OI2001645,2026-04-25 20:59:00,C00312,P00513,S027,5,72010.17,0.05,288040.68,WALLET,cancelled,2026-04-25
OI2001646,2026-04-17 15:00:00,C00536,P00021,S035,2,85893.82,0.0,154608.88,COD,cancelled,2026-04-25
OI2001647,2026-04-25 00:15:00,C01189,P00056,S031,5,26763.85,0.0,133819.25,CARD,cancelled,2026-04-25
OI2001648,2026-04-25 23:25:00,C02417,P00066,S037,2,19542.42,0.2,35176.36,CARD,cancelled,2026-04-25
OI2001649,2026-04-25 23:33:00,C02171,P00504,S032,2,13355.18,0.05,24039.32,COD,cancelled,2026-04-25
OI2001650,2026-04-25 12:58:00,C01927,P00206,S031,2,17488.11,0.1,34976.22,UPI,returned,2026-04-25
OI2001651,2026-04-25 01:56:00,C01067,P00780,S052,5,36021.81,0.2,NaN_TEXT,WALLET,delivered,2026-04-25
OI2001652,2026-04-25 03:29:00,C02047,P00419,S053,4,1289.17,0.05,4641.01,CARD,cancelled,2026-04-25
OI2001653,2026-04-25 07:30:00,C02385,P00508,S013,6,7430.37,0.05,42353.11,UPI,delivered,2026-04-25
OI2001654,2026-04-25 06:53:00,C01562,P00301,S024,1,84622.51,0.05,80391.38,WALLET,shipped,2026-04-25
OI2001655,2026-04-25 21:51:00,C02426,P00114,S006,4,unknown,0.05,bad_amount,WALLET,delivered,2026-04-25
OI2001656,2026-04-25 04:12:00,C02366,P00620,S005,4,65851.97,0.05,263407.88,WALLET,returned,2026-04-25
OI2001657,2026-04-25 20:04:00,C00700,P00671,S047,6,1549.6,0.1,8367.84,CARD,delivered,2026-04-25
OI2001658,2026-04-25 20:27:00,C01936,P00771,S048,2,8054.87,0.2,16109.74,WALLET,delivered,2026-04-25
OI2001659,2026-04-25 08:13:00,C02054,P00314,S004,2,87369.41,0.1,139791.06,UPI,delivered,2026-04-25
OI2001660,2026-04-25 06:25:00,C01659,P00621,S038,3,55549.34,0.1,166648.02,UPI,cancelled,2026-04-25
OI2001661,2026-04-25 17:18:00,C00589,P00249,S057,3,39118.67,0.2,93884.81,UPI,delivered,2026-04-25
OI2001662,2026-04-25 00:23:00,C01992,P00230,S042,4,57122.9,0.2,182793.28,UPI,shipped,2026-04-25
OI2001663,2026-04-25 06:05:00,C00360,P00691,S004,2,26467.14,0.2,52934.28,WALLET,shipped,2026-04-25
OI2001664,2026-04-25 17:55:00,C00837,P00316,S050,1,22142.03,0.0,22142.03,COD,cancelled,2026-04-25
OI2001665,2026-04-25 11:59:00,C00846,P00314,S072,3,87369.41,0.05,235897.41,WALLET,cancelled,2026-04-25
OI2001666,2026-04-25 01:37:00,C00256,P00060,S033,3,28646.51,0.0,68751.62,UPI,shipped,2026-04-25
OI2001667,2026-04-25 08:36:00,C00246,P00146,S051,5,18705.7,0.1,93528.5,CARD,returned,2026-04-25
OI2001668,2026-04-25 16:54:00,C02152,P00661,S052,1,3537.34,0.0,3360.47,CARD,returned,2026-04-25
OI2001669,2026-04-25 22:14:00,C01974,P00722,S030,3,75564.96,0.2,226694.88,WALLET,cancelled,2026-04-25
OI2001670,2026-04-25 01:13:00,C01043,P00184,S036,3,57337.67,0.05,172013.01,NETBANKING,cancelled,2026-04-25
OI2001671,2026-04-25 19:13:00,C02449,P00630,S033,6,27086.8,0.05,130016.64,WALLET,shipped,2026-04-25
OI2001672,2026-04-25 16:12:00,C01038,P00333,S017,4,12534.77,0.2,40111.26,WALLET,delivered,2026-04-25
OI2001673,2026-04-25 08:19:00,C01768,P00567,S019,4,28237.73,0.0,107303.37,CARD,cancelled,2026-04-25
OI2001674,2026-04-25 11:39:00,C00599,P00131,S040,3,13602.82,0.1,36727.61,NETBANKING,shipped,2026-04-25
OI2001675,2026-04-25 23:23:00,C00336,P00410,S048,3,58474.51,0.2,175423.53,CARD,delivered,2026-04-25
OI2001676,2026-04-25 18:11:00,C00283,P00347,S025,4,5351.49,0.1,19265.36,CARD,returned,2026-04-25
OI2001677,2026-04-25 17:18:00,C01110,P00589,S024,2,4394.23,0.05,8349.04,WALLET,cancelled,2026-04-25
OI2001678,2026-04-25 10:36:00,C01708,P00135,S039,4,48883.94,0.0,195535.76,CARD,cancelled,2026-04-25
OI2001679,2026-04-25 09:51:00,C01701,P00285,S048,1,35238.69,0.05,33476.76,NETBANKING,delivered,2026-04-25
OI2001680,2026-04-25 04:37:00,C01034,P00303,S022,4,65636.84,0.05,210037.89,WALLET,delivered,2026-04-25
OI2001681,2026-04-25 20:27:00,C00680,P00749,S030,6,19123.72,0.1,109005.2,UPI,returned,2026-04-25
OI2001682,2026-04-25 19:53:00,C01971,P00776,S040,2,85783.24,0.1,171566.48,NETBANKING,delivered,2026-04-25
OI2001683,2026-04-25 10:41:00,C02086,P00025,S073,1,31334.27,0.2,28200.84,COD,cancelled,2026-04-25
OI2001684,2026-04-25 03:25:00,C00817,P00245,S047,2,66678.53,0.05,106685.65,NETBANKING,shipped,2026-04-25
OI2001685,2026-04-25 15:09:00,C01511,P00398,S067,5,86219.46,0.0,387987.57,WALLET,returned,2026-04-25
OI2001686,2026-04-25 13:56:00,C01585,P00374,S054,3,45543.07,0.1,136629.21,CARD,cancelled,2026-04-25
OI2001687,2026-04-25 05:57:00,C02074,P00033,S031,6,32639.83,0.1,156671.18,COD,shipped,2026-04-25
OI2001688,2026-04-25 22:03:00,C01550,P00640,S017,3,84098.93,0.1,201837.43,CARD,delivered,2026-04-25
OI2001689,2026-04-25 13:42:00,C02423,P00468,S067,5,12660.84,0.05,60138.99,UPI,delivered,2026-04-25
OI2001690,2026-04-25 21:59:00,C01622,P00105,S046,2,30353.53,0.1,60707.06,WALLET,delivered,2026-04-25
OI2001691,2026-04-25 01:55:00,C00567,P00443,S020,2,39002.43,0.05,70204.37,COD,shipped,2026-04-25
OI2001692,2026-04-25 10:40:00,C00798,P00666,S008,2,36707.68,0.1,69744.59,NETBANKING,cancelled,2026-04-25
OI2001693,2026-04-25 02:34:00,C01597,P00028,S071,2,37057.72,0.05,59292.35,CARD,returned,2026-04-25
OI2001694,2026-04-25 07:45:00,C01518,P00092,S039,5,65681.17,0.05,328405.85,COD,shipped,2026-04-25
OI2001695,2026-04-25 01:55:00,C02025,P00016,S068,6,12387.77,0.1,66893.96,CARD,delivered,2026-04-25
OI2001696,2026-04-25 17:33:00,C01349,P00482,S067,3,34919.69,0.0,NaN_TEXT,NETBANKING,returned,2026-04-25
OI2001697,2026-04-25 08:03:00,C02465,P00015,S031,4,83918.53,0.2,268539.3,WALLET,returned,2026-04-25
OI2001698,2026-04-25 10:45:00,C00011,P00342,S005,5,2808.32,0.0,12637.44,COD,returned,2026-04-25
OI2001699,2026-04-25 04:04:00,C02342,P00097,S007,2,23401.12,0.05,46802.24,COD,returned,2026-04-25
OI2001700,2026-04-25 01:48:00,C00571,P00364,S054,2,6421.55,0.2,11558.79,UPI,cancelled,2026-04-25
OI2001701,2026-04-18 11:00:00,C01661,P00050,S038,1,75102.36,0.2,60081.89,UPI,cancelled,2026-04-25
OI2001702,2026-04-25 16:30:00,C00444,P00644,S047,5,74191.25,0.1,333860.62,UPI,returned,2026-04-25
OI2001703,2026-04-25 12:38:00,C00828,P00455,S013,5,42679.32,0.0,213396.6,WALLET,shipped,2026-04-25
OI2001704,2026-04-25 05:33:00,C00997,P00019,S047,3,44202.95,0.2,119347.96,CARD,delivered,2026-04-25
OI2001705,2026-04-25 12:54:00,C01354,P00324,S006,3,2068.6,0.0,5895.51,UPI,delivered,2026-04-25
OI2001706,2026-04-25 06:23:00,C00270,P00526,S055,3,24784.72,0.05,70636.45,UPI,shipped,2026-04-25
OI2001707,2026-04-25 11:09:00,C00031,P00656,S072,4,35109.15,0.05,126392.94,UPI,delivered,2026-04-25
OI2001708,2026-04-25 20:34:00,C01045,P00139,S054,1,87469.0,0.2,69975.2,CARD,delivered,2026-04-25
OI2001709,2026-04-25 10:23:00,C01140,P00754,S011,4,26654.44,0.05,95955.98,NETBANKING,returned,2026-04-25
OI2001710,2026-04-25 14:52:00,C01148,P00775,S026,5,21695.86,0.0,103055.33,UPI,cancelled,2026-04-25
OI2001711,2026-04-25 03:09:00,C00744,P00010,S011,2,25422.83,0.1,48303.38,UPI,delivered,2026-04-25
OI2001712,2026-04-25 14:57:00,C00326,P00164,S064,4,55729.33,0.05,222917.32,CARD,shipped,2026-04-25
OI2001713,2026-04-25 19:15:00,C00102,P00235,S021,3,20332.68,0.2,48798.43,WALLET,returned,2026-04-25
OI2001714,2026-04-25 13:33:00,C01870,P00130,S013,5,10121.56,0.2,45547.02,NETBANKING,delivered,2026-04-25
OI2001715,2026-04-25 05:03:00,C00074,P00400,S035,4,27347.38,0.0,103920.04,WALLET,returned,2026-04-25
OI2001716,2026-04-25 00:21:00,C00135,P00290,S021,2,48750.05,0.2,97500.1,WALLET,cancelled,2026-04-25
OI2001717,2026-04-25 11:12:00,C00658,P00678,S073,6,85826.41,0.05,411966.77,NETBANKING,shipped,2026-04-25
OI2001718,2026-04-25 15:44:00,C01226,P00418,S064,2,5921.13,0.05,9473.81,NETBANKING,shipped,2026-04-25
OI2001719,2026-04-25 07:55:00,C02179,P00398,S003,1,86219.46,0.2,86219.46,NETBANKING,shipped,2026-04-25
OI2001720,2026-04-25 15:36:00,C01739,P00209,S065,1,70740.14,0.0,63666.13,CARD,shipped,2026-04-25
OI2001721,2026-04-25 00:17:00,C00787,P00687,S043,2,32039.5,0.2,64079.0,UPI,delivered,2026-04-25
OI2001722,2026-04-25 21:47:00,C01192,P00189,S016,2,20249.95,0.0,40499.9,COD,shipped,2026-04-25
OI2001723,2026-04-25 08:19:00,C01218,P00055,S049,6,56384.75,0.1,270646.8,COD,returned,2026-04-25
OI2001724,2026-04-25 00:42:00,C01216,P00597,S028,5,22168.54,0.1,88674.16,UPI,returned,2026-04-25
OI2001725,2026-04-25 03:10:00,C00679,P00302,S023,3,2251.07,0.05,5402.57,UPI,shipped,2026-04-25
OI2001726,2026-04-25 13:29:00,C01729,P00301,S033,5,84622.51,0.2,338490.04,WALLET,returned,2026-04-25
OI2001727,2026-04-25 16:41:00,C01339,P00695,S038,4,78265.88,0.2,250450.82,COD,returned,2026-04-25
OI2001728,2026-04-25 09:58:00,C01436,,S041,4,unknown,0.05,bad_amount,WALLET,cancelled,2026-04-25
OI2001729,2026-04-25 21:39:00,C01682,P00300,S070,6,73390.3,0.1,418324.71,NETBANKING,shipped,2026-04-25
OI2001730,2026-04-25 14:47:00,C02443,P00027,S052,4,80091.77,0.0,320367.08,CARD,cancelled,2026-04-25
OI2001731,2026-04-25 18:26:00,C01021,P00392,S003,6,49688.24,0.1,238503.55,COD,delivered,2026-04-25
OI2001732,2026-04-25 23:28:00,C00828,P00254,S061,6,66797.64,0.0,360707.26,WALLET,returned,2026-04-25
OI2001733,2026-04-25 11:05:00,C01388,P00654,S047,5,52923.36,0.05,251385.96,COD,delivered,2026-04-25
OI2001734,2026-04-25 00:49:00,C01421,P00536,S023,2,36167.32,0.2,57867.71,WALLET,cancelled,2026-04-25
OI2001735,2026-04-25 02:49:00,C01024,P00765,S005,4,39553.0,0.2,158212.0,NETBANKING,shipped,2026-04-25
OI2001736,2026-04-25 23:40:00,C01000,P00606,S052,1,34480.9,0.0,32756.85,UPI,cancelled,2026-04-25
OI2001737,2026-04-25 09:15:00,C02378,P00704,S064,6,15309.71,0.05,91858.26,COD,returned,2026-04-25
OI2001738,2026-04-25 07:19:00,C01796,P00343,S068,4,31466.94,0.2,125867.76,CARD,returned,2026-04-25
OI2001739,2026-04-25 20:27:00,C00269,P00289,S030,5,69467.49,0.1,347337.45,WALLET,cancelled,2026-04-25
OI2001740,2026-04-25 08:29:00,C01831,P00323,S072,2,41464.68,0.05,78782.89,CARD,returned,2026-04-25
OI2001741,2026-04-25 23:26:00,C02002,P00291,S027,5,85457.95,0.1,341831.8,CARD,shipped,2026-04-25
OI2001742,2026-04-25 19:21:00,C00827,P00589,S032,3,4394.23,0.05,11864.42,CARD,cancelled,2026-04-25
OI2001743,2026-04-25 07:07:00,C01764,P00426,S006,2,7233.88,0.0,13020.98,UPI,returned,2026-04-25
OI2001744,2026-04-25 16:57:00,C00475,P00192,S019,2,49831.34,0.1,79730.14,NETBANKING,returned,2026-04-25
OI2001745,2026-04-25 04:55:00,C02233,P00410,S042,3,58474.51,0.05,175423.53,UPI,delivered,2026-04-25
OI2001746,2026-04-25 16:15:00,C01413,P00502,S046,2,33644.21,0.05,60559.58,WALLET,delivered,2026-04-25
OI2001747,2026-04-25 13:59:00,C00276,P00211,S049,1,84094.95,0.1,84094.95,COD,returned,2026-04-25
OI2001748,2026-04-25 20:54:00,C00486,P00268,S072,4,1367.81,0.1,5471.24,COD,delivered,2026-04-25
OI2001749,2026-04-25 22:08:00,C00373,P00065,S030,5,84092.97,0.05,336371.88,COD,shipped,2026-04-25
OI2001750,2026-04-25 18:06:00,C00666,P00530,S012,3,69539.84,0.05,166895.62,UPI,cancelled,2026-04-25
OI2001751,2026-04-25 19:07:00,C00365,P00038,S029,2,73184.59,0.05,139050.72,CARD,cancelled,2026-04-25
OI2001752,2026-04-25 15:34:00,C01696,P00282,S057,5,64961.56,0.0,292327.02,NETBANKING,shipped,2026-04-25
OI2001753,2026-04-25 22:29:00,C01592,P00371,S021,6,59685.88,0.2,340209.52,COD,delivered,2026-04-25
OI2001754,2026-04-25 07:54:00,C01504,P00215,S001,4,18263.0,0.1,69399.4,COD,cancelled,2026-04-25
OI2001755,2026-04-25 17:52:00,C01959,P00058,S006,2,72269.01,0.2,137311.12,COD,returned,2026-04-25
OI2001756,2026-04-25 05:42:00,C01884,P00509,S031,3,46799.63,0.0,112319.11,NETBANKING,returned,2026-04-25
OI2001757,2026-04-25 20:21:00,C00468,P00419,S057,3,1289.17,0.1,3867.51,UPI,returned,2026-04-25
OI2001758,2026-04-25 23:30:00,C02474,P00671,S039,5,1549.6,0.1,7360.6,NETBANKING,delivered,2026-04-25
OI2001759,2026-04-25 12:24:00,C01450,P00257,S012,5,66166.78,0.0,297750.51,COD,cancelled,2026-04-25
OI2001760,2026-04-25 05:46:00,C00078,P00609,S006,4,1552.71,0.05,6210.84,UPI,shipped,2026-04-25
OI2001761,2026-04-25 06:39:00,C02023,P00737,S075,6,10895.35,0.1,NaN_TEXT,UPI,returned,2026-04-25
OI2001762,2026-04-25 10:55:00,C00986,P00636,S019,4,21272.55,0.05,68072.16,COD,delivered,2026-04-25
OI2001763,2026-04-25 20:50:00,C00567,P00325,S031,5,5814.81,0.0,26166.65,COD,shipped,2026-04-25
OI2001764,2026-04-25 18:00:00,C00827,P00277,S009,4,75613.95,0.0,302455.8,COD,shipped,2026-04-25
OI2001765,2026-04-25 14:14:00,C01436,P00393,S073,4,84892.48,0.1,339569.92,UPI,shipped,2026-04-25
OI2001766,2026-04-25 07:02:00,C01782,P00475,S071,4,2194.3,0.0,8338.34,WALLET,cancelled,2026-04-25
OI2001767,2026-04-25 09:30:00,C01335,P00666,S019,2,36707.68,0.1,73415.36,NETBANKING,returned,2026-04-25
OI2001768,2026-04-25 12:22:00,C02454,P00084,S023,3,75079.07,0.2,225237.21,WALLET,returned,2026-04-25
OI2001769,2026-04-25 17:58:00,C01861,P00301,S056,1,84622.51,0.05,67698.01,UPI,returned,2026-04-25
OI2001770,2026-04-11 04:00:00,C01709,P00427,S026,4,87547.32,0.1,280151.42,COD,cancelled,2026-04-25
OI2001771,2026-04-25 20:47:00,C00545,P00115,S038,2,65194.16,0.1,104310.66,NETBANKING,shipped,2026-04-25
OI2001772,2026-04-25 13:50:00,C01565,P00470,S066,1,44361.62,0.2,35489.3,NETBANKING,cancelled,2026-04-25
OI2001773,2026-04-25 03:57:00,C01554,P00137,S024,5,47851.67,0.05,227295.43,CARD,delivered,2026-04-25
OI2001774,2026-04-25 00:31:00,C02011,P00208,S062,6,51425.08,0.1,293122.96,COD,delivered,2026-04-25
OI2001775,2026-04-25 19:55:00,C01363,P00423,S047,3,4575.88,0.0,12354.88,COD,returned,2026-04-25
OI2001776,2026-04-25 14:51:00,C01530,P00341,S006,5,51692.73,0.1,206770.92,WALLET,returned,2026-04-25
OI2001777,2026-04-25 23:00:00,C01234,P00112,S002,6,87331.64,0.0,419191.87,WALLET,shipped,2026-04-25
OI2001778,2026-04-25 01:11:00,C01392,P00368,S071,1,46678.84,0.05,37343.07,COD,shipped,2026-04-25
OI2001779,2026-04-25 20:01:00,C01764,P00643,S047,5,7484.53,0.1,37422.65,CARD,shipped,2026-04-25
OI2001780,2026-04-25 01:05:00,C01437,P00418,S004,3,5921.13,0.1,16875.22,CARD,shipped,2026-04-25
OI2001781,2026-04-25 08:31:00,C01909,P00767,S039,6,7726.84,0.0,41724.94,NETBANKING,cancelled,2026-04-25
OI2001782,2026-04-25 06:13:00,C00394,P00672,S004,2,48105.37,0.1,86589.67,UPI,returned,2026-04-25
OI2001783,2026-04-17 10:00:00,C00019,P00593,S054,2,78473.17,0.0,149099.02,WALLET,returned,2026-04-25
OI2001784,2026-04-25 11:41:00,C01935,P00690,S036,5,10848.19,0.2,43392.76,CARD,delivered,2026-04-25
OI2001785,2026-04-25 11:49:00,C01658,P00299,S040,2,85870.11,0.1,163153.21,COD,cancelled,2026-04-25
OI2001786,2026-04-25 20:44:00,C01229,P00210,S011,5,58841.88,0.1,264788.46,NETBANKING,returned,2026-04-25
OI2001787,2026-04-25 16:14:00,C00018,P00574,S045,2,85906.24,0.1,137449.98,COD,cancelled,2026-04-25
OI2001788,2026-04-19 23:00:00,C00242,P00190,S071,4,41382.21,0.1,165528.84,COD,shipped,2026-04-25
OI2001789,2026-04-25 18:52:00,C02392,P00138,S069,6,8583.97,0.05,48928.63,COD,shipped,2026-04-25
OI2001790,2026-04-25 21:07:00,C01083,P00727,S023,3,68215.7,0.0,194414.74,UPI,delivered,2026-04-25
OI2001791,2026-04-25 04:51:00,C01634,P00554,S067,1,68187.0,0.0,61368.3,COD,cancelled,2026-04-25
OI2001792,2026-04-25 05:13:00,C00089,P00162,S047,3,26013.63,0.2,62432.71,CARD,cancelled,2026-04-25
OI2001793,2026-04-25 12:23:00,C00563,P00700,S012,3,30047.33,0.05,85634.89,COD,delivered,2026-04-25
OI2001794,2026-04-25 04:08:00,C00426,P00098,S018,1,52116.36,0.2,49510.54,UPI,returned,2026-04-25
OI2001795,2026-04-25 20:25:00,C00877,P00159,S020,2,31734.05,0.05,63468.1,COD,delivered,2026-04-25
OI2001796,2026-04-25 06:58:00,C00387,P00049,S040,1,5379.25,0.2,5110.29,UPI,shipped,2026-04-25
OI2001797,2026-04-25 05:35:00,C00440,P00171,S053,3,698.95,0.05,2096.85,WALLET,returned,2026-04-25
OI2001798,2026-04-25 04:40:00,C02071,P00479,S058,1,14454.91,0.0,13009.42,CARD,delivered,2026-04-25
OI2001799,2026-04-25 11:44:00,C00618,P00074,S004,6,50478.89,0.0,272586.01,COD,shipped,2026-04-25
OI2001800,2026-04-25 00:47:00,C00255,P00229,S064,5,78587.43,0.1,392937.15,WALLET,returned,2026-04-25
OI2001801,2026-04-25 00:42:00,C01712,P00542,S001,4,79244.19,0.0,285279.08,COD,shipped,2026-04-25
OI2001802,2026-04-25 00:32:00,C00956,P00103,S006,4,33555.66,0.2,134222.64,UPI,cancelled,2026-04-25
OI2001803,2026-04-25 10:47:00,C02078,P00605,S075,3,54013.86,0.05,162041.58,UPI,returned,2026-04-25
OI2001804,2026-04-25 03:16:00,C00649,P00549,S005,1,67394.88,0.2,60655.39,COD,cancelled,2026-04-25
OI2001805,2026-04-25 11:32:00,C00562,P00039,S050,6,6961.32,0.0,33414.34,COD,shipped,2026-04-25
OI2001806,2026-04-20 05:00:00,C00883,P00228,S061,1,5500.95,0.05,5500.95,COD,delivered,2026-04-25
OI2001807,2026-04-25 20:09:00,C00732,P00434,S069,4,66817.96,0.05,267271.84,CARD,delivered,2026-04-25
OI2001808,2026-04-25 16:11:00,C01680,P00633,S037,5,26973.68,0.0,107894.72,WALLET,delivered,2026-04-25
OI2001809,2026-04-25 16:03:00,C01851,P00145,S063,5,54447.66,0.05,272238.3,NETBANKING,delivered,2026-04-25
OI2001810,2026-04-25 11:49:00,C02443,P00345,S018,2,60209.96,0.1,96335.94,COD,returned,2026-04-25
OI2001811,2026-04-25 22:35:00,C00994,P00667,S002,6,83084.21,0.1,448654.73,NETBANKING,shipped,2026-04-25
OI2001812,2026-04-25 21:28:00,C02048,P00527,S029,5,62863.63,0.1,NaN_TEXT,CARD,returned,2026-04-25
OI2001813,2026-04-25 05:50:00,C00186,P00628,S037,4,20419.8,0.0,77595.24,UPI,delivered,2026-04-25
OI2001814,2026-04-25 08:49:00,C01076,P00387,S020,6,85717.48,0.05,514304.88,COD,delivered,2026-04-25
OI2001815,2026-04-25 21:20:00,C00439,P00224,S036,4,78375.62,0.2,297827.36,NETBANKING,cancelled,2026-04-25
OI2001816,2026-04-25 04:33:00,C00631,P00690,S068,5,10848.19,0.05,54240.95,WALLET,delivered,2026-04-25
OI2001817,2026-04-25 23:17:00,C01189,P00221,S013,5,12154.88,0.1,48619.52,WALLET,returned,2026-04-25
OI2001818,2026-04-25 03:33:00,C01012,P00691,S050,2,26467.14,0.0,42347.42,CARD,shipped,2026-04-25
OI2001819,2026-04-25 14:03:00,C01049,P00562,S042,6,35295.39,0.2,201183.72,WALLET,shipped,2026-04-25
OI2001820,2026-04-25 11:47:00,C00600,P00556,S058,6,78737.66,0.0,425183.36,WALLET,shipped,2026-04-25
OI2001821,2026-04-25 04:28:00,C02263,P00269,S003,4,1133.19,0.0,4306.12,CARD,returned,2026-04-25
OI2001822,2026-04-25 12:09:00,C02227,P00374,S065,5,45543.07,0.2,204943.82,CARD,delivered,2026-04-25
OI2001823,2026-04-25 04:39:00,C01715,P00390,S037,5,19279.15,0.0,86756.18,WALLET,returned,2026-04-25
OI2001824,2026-04-25 08:45:00,C01310,P00347,S040,3,5351.49,0.1,14449.02,NETBANKING,returned,2026-04-25
OI2001825,2026-04-25 19:19:00,C00444,P00210,S025,6,58841.88,0.05,353051.28,UPI,returned,2026-04-25
OI2001826,2026-04-25 13:45:00,C02434,P00055,S043,2,56384.75,0.05,107131.02,NETBANKING,delivered,2026-04-25
OI2001827,2026-04-25 17:38:00,C01855,P00744,S034,3,66393.75,0.2,199181.25,COD,shipped,2026-04-25
OI2001828,2026-04-25 05:50:00,C01573,P00515,S035,6,1538.5,0.2,7384.8,UPI,returned,2026-04-25
OI2001829,2026-04-25 08:18:00,C00794,P00410,S030,5,58474.51,0.2,277753.92,UPI,cancelled,2026-04-25
OI2001830,2026-04-25 02:15:00,C01157,P00240,S048,3,38231.58,0.05,91755.79,COD,cancelled,2026-04-25
OI2001831,2026-04-25 20:59:00,C01298,P00213,S028,1,68661.56,0.1,54929.25,NETBANKING,cancelled,2026-04-25
OI2001832,2026-04-25 09:49:00,C00886,P00283,S039,6,18851.23,0.1,107452.01,CARD,shipped,2026-04-25
OI2001833,2026-04-25 20:22:00,C00268,P00222,S067,5,53115.56,0.2,239020.02,CARD,cancelled,2026-04-25
OI2001834,2026-04-25 08:36:00,C02189,P00381,S025,6,40514.44,0.2,243086.64,COD,cancelled,2026-04-25
OI2001835,2026-04-25 00:10:00,C00143,P00265,S025,3,22620.31,0.2,54288.74,NETBANKING,returned,2026-04-25
OI2001836,2026-04-25 09:39:00,C02274,P00295,S066,5,37814.51,0.05,189072.55,CARD,returned,2026-04-25
OI2001837,2026-04-25 22:49:00,C00249,P00497,S034,5,74754.17,0.0,336393.77,UPI,delivered,2026-04-25
OI2001838,2026-04-25 12:24:00,C01660,P00759,S014,2,8490.8,0.0,13585.28,UPI,cancelled,2026-04-25
OI2001839,2026-04-25 16:25:00,C01021,P00165,S074,2,54914.34,0.1,98845.81,NETBANKING,cancelled,2026-04-25
OI2001840,2026-04-25 15:23:00,C01073,P00043,S020,5,8448.17,0.2,42240.85,COD,cancelled,2026-04-25
OI2001841,2026-04-25 17:02:00,C02046,P00511,S074,2,73756.93,0.1,132762.47,NETBANKING,delivered,2026-04-25
OI2001842,2026-04-25 05:57:00,C01394,P00271,S018,3,10674.3,0.0,30421.75,NETBANKING,cancelled,2026-04-25
OI2001843,2026-04-25 08:51:00,C01129,P00063,S024,1,57300.01,0.2,45840.01,COD,delivered,2026-04-25
OI2001844,2026-04-25 09:18:00,C02133,P00267,S002,5,59535.27,0.1,297676.35,COD,delivered,2026-04-25
OI2001845,2026-04-25 02:36:00,C01850,P00368,S019,1,46678.84,0.0,46678.84,WALLET,delivered,2026-04-25
OI2001846,2026-04-25 21:39:00,C00633,P00064,S073,5,25634.15,0.05,115353.68,COD,returned,2026-04-25
OI2001847,2026-04-25 18:18:00,C00842,P00515,S015,2,1538.5,0.05,2461.6,NETBANKING,cancelled,2026-04-25
OI2001848,2026-04-25 08:31:00,C00288,P00663,S030,2,13370.7,0.0,25404.33,UPI,delivered,2026-04-25
OI2001849,2026-04-25 15:34:00,C01944,P00550,S029,2,21781.35,0.2,39206.43,COD,returned,2026-04-25
OI2001850,2026-04-25 22:31:00,C00610,P00222,S044,4,53115.56,0.0,212462.24,COD,returned,2026-04-25
OI2001851,2026-04-25 07:57:00,C02183,P00690,S013,1,10848.19,0.1,10848.19,COD,returned,2026-04-25
OI2001852,2026-04-25 07:57:00,C00256,P00722,S016,4,75564.96,0.0,302259.84,CARD,cancelled,2026-04-25
OI2001853,2026-04-25 12:57:00,C01543,P00590,S013,4,62602.53,0.05,250410.12,CARD,delivered,2026-04-25
OI2001854,2026-04-25 06:51:00,C01250,P00704,S056,4,15309.71,0.0,NaN_TEXT,NETBANKING,returned,2026-04-25
OI2001855,2026-04-25 21:41:00,C01611,P00405,S006,6,87329.08,0.05,523974.48,CARD,returned,2026-04-25
OI2001856,2026-04-25 13:00:00,C01204,P00342,S024,1,2808.32,0.1,2808.32,CARD,shipped,2026-04-25
OI2001857,2026-04-25 06:37:00,C00965,P00206,S036,6,17488.11,0.0,94435.79,WALLET,delivered,2026-04-25
OI2001858,2026-04-25 09:00:00,C00911,P00282,S046,4,64961.56,0.1,233861.62,COD,cancelled,2026-04-25
OI2001859,2026-04-25 07:55:00,C01403,P00168,S046,6,unknown,0.2,bad_amount,WALLET,cancelled,2026-04-25
OI2001860,2026-04-25 01:28:00,C00670,P00708,S004,3,63644.84,0.2,190934.52,WALLET,returned,2026-04-25
OI2001861,2026-04-25 09:34:00,C00287,,S044,3,87763.65,0.0,210632.76,CARD,shipped,2026-04-25
OI2001862,2026-04-25 12:08:00,C00207,P00538,S020,1,50198.57,0.0,50198.57,UPI,cancelled,2026-04-25
OI2001863,2026-04-21 14:00:00,C01859,P00664,S047,4,83397.91,0.1,316912.06,NETBANKING,returned,2026-04-25
OI2001864,2026-04-25 16:23:00,C01139,P00488,S010,5,9724.96,0.0,43762.32,WALLET,delivered,2026-04-25
OI2001865,2026-04-25 13:31:00,C02011,P00573,S014,4,52604.07,0.05,168333.02,NETBANKING,delivered,2026-04-25
OI2001866,2026-04-25 03:47:00,C01562,P00363,S070,2,56418.22,0.2,90269.15,WALLET,returned,2026-04-25
OI2001867,2026-04-25 12:23:00,C01786,P00437,S074,3,78191.92,0.2,222846.97,NETBANKING,delivered,2026-04-25
OI2001868,2026-04-25 01:09:00,C00707,P00073,S057,5,79505.04,0.0,318020.16,COD,delivered,2026-04-25
OI2001869,2026-04-25 01:15:00,C00087,P00220,S067,5,30894.86,0.2,146750.58,CARD,delivered,2026-04-25
OI2001870,2026-04-25 17:26:00,C00922,P00260,S019,3,41841.84,0.1,125525.52,CARD,shipped,2026-04-25
OI2001871,2026-04-25 22:29:00,C00884,P00763,S042,3,2774.01,0.2,6657.62,CARD,delivered,2026-04-25
OI2001872,2026-04-25 21:47:00,C01962,P00685,S024,3,50206.6,0.05,150619.8,COD,delivered,2026-04-25
OI2001873,2026-04-25 23:30:00,C00059,P00494,S008,4,7821.69,0.0,25029.41,UPI,cancelled,2026-04-25
OI2001874,2026-04-25 03:31:00,C00693,P00233,S058,6,6646.48,0.1,31903.1,UPI,shipped,2026-04-25
OI2001875,2026-04-25 10:04:00,C01763,P00455,S069,1,42679.32,0.0,34143.46,UPI,returned,2026-04-25
OI2001876,2026-04-25 22:15:00,C00345,P00101,S056,2,19705.48,0.0,37440.41,NETBANKING,shipped,2026-04-25
OI2001877,2026-04-25 04:24:00,C00399,P00695,S062,2,78265.88,0.0,156531.76,COD,delivered,2026-04-25
OI2001878,2026-04-25 08:02:00,C00694,P00369,S010,1,20639.77,0.1,16511.82,UPI,delivered,2026-04-25
OI2001879,2026-04-25 12:40:00,C01287,P00258,S042,5,68644.21,0.1,326060.0,CARD,cancelled,2026-04-25
OI2001880,2026-04-25 18:51:00,C01469,P00393,S069,6,84892.48,0.1,483887.14,CARD,shipped,2026-04-25
OI2001881,2026-04-25 12:53:00,C00978,P00114,S071,5,unknown,0.2,bad_amount,COD,shipped,2026-04-25
OI2001882,2026-04-25 04:16:00,C01212,P00586,S056,4,1922.83,0.2,7691.32,NETBANKING,shipped,2026-04-25
OI2001883,2026-04-25 19:47:00,C00891,P00675,S010,1,15278.52,0.0,14514.59,CARD,delivered,2026-04-25
OI2001884,2026-04-25 12:07:00,C01836,P00709,S013,5,53199.1,0.1,252695.72,CARD,cancelled,2026-04-25
OI2001885,2026-04-14 13:00:00,C00981,P00713,S051,3,9697.27,0.0,23273.45,COD,shipped,2026-04-25
OI2001886,2026-04-25 10:28:00,C01764,P00609,S027,3,1552.71,0.0,3726.5,COD,cancelled,2026-04-25
OI2001887,2026-04-25 04:16:00,C02158,P00289,S040,3,69467.49,0.2,166721.98,WALLET,cancelled,2026-04-25
OI2001888,2026-04-25 07:53:00,C01438,P00504,S020,3,13355.18,0.2,38062.26,COD,shipped,2026-04-25
OI2001889,2026-04-25 00:24:00,C00012,P00044,S005,3,34466.16,0.0,93058.63,COD,shipped,2026-04-25
OI2001890,2026-04-25 23:36:00,C01382,P00259,S072,6,80755.21,0.2,387625.01,UPI,delivered,2026-04-25
OI2001891,2026-04-25 02:48:00,C01033,P00170,S055,1,72347.53,0.0,72347.53,WALLET,shipped,2026-04-25
OI2001892,2026-04-25 01:22:00,C01848,P00199,S009,4,27052.49,0.2,97388.96,CARD,delivered,2026-04-25
OI2001893,2026-04-25 06:17:00,C01095,P00431,S040,6,5620.83,0.2,32038.73,WALLET,returned,2026-04-25
OI2001894,2026-04-19 00:00:00,C01277,P00617,S031,5,71882.12,0.0,287528.48,NETBANKING,cancelled,2026-04-25
OI2001895,2026-04-25 16:32:00,C01211,P00672,S063,4,48105.37,0.05,192421.48,NETBANKING,shipped,2026-04-25
OI2001896,2026-04-25 23:54:00,C00268,P00777,S039,4,72195.28,0.0,259903.01,CARD,delivered,2026-04-25
OI2001897,2026-04-25 23:37:00,C00632,P00284,S072,3,43325.42,0.0,129976.26,NETBANKING,delivered,2026-04-25
OI2001898,2026-04-25 11:06:00,C00091,P00062,S035,1,29846.68,0.05,26862.01,NETBANKING,delivered,2026-04-25
OI2001899,2026-04-25 10:05:00,C00803,P00028,S043,1,37057.72,0.1,35204.83,NETBANKING,shipped,2026-04-25
OI2001900,2026-04-25 05:39:00,C01894,P00432,S016,6,7269.25,0.05,34892.4,COD,cancelled,2026-04-25
OI2001901,2026-04-25 08:05:00,C02174,P00291,S014,1,85457.95,0.2,85457.95,NETBANKING,cancelled,2026-04-25
OI2001902,2026-04-25 18:29:00,C01146,P00598,S058,5,45122.1,0.1,225610.5,NETBANKING,shipped,2026-04-25
OI2001903,2026-04-25 13:50:00,C01737,P00733,S027,4,86178.56,0.1,275771.39,UPI,shipped,2026-04-25
OI2001904,2026-04-25 18:19:00,C01314,P00545,S007,1,77517.8,0.2,73641.91,WALLET,shipped,2026-04-25
OI2001905,2026-04-25 07:51:00,C00339,P00008,S065,6,8710.16,0.2,47034.86,COD,returned,2026-04-25
OI2001906,2026-04-25 02:53:00,C01964,P00792,S039,1,89381.89,0.0,80443.7,WALLET,cancelled,2026-04-25
OI2001907,2026-04-25 23:23:00,C01328,P00590,S061,3,62602.53,0.0,187807.59,UPI,cancelled,2026-04-25
OI2001908,2026-04-25 19:04:00,C01199,P00749,S027,5,19123.72,0.1,76494.88,COD,delivered,2026-04-25
OI2001909,2026-04-25 14:10:00,C01731,P00036,S061,3,9298.66,0.1,22316.78,UPI,returned,2026-04-25
OI2001910,2026-04-25 00:49:00,C01577,P00544,S032,5,15583.82,0.0,74023.15,WALLET,returned,2026-04-25
OI2001911,2026-04-25 16:55:00,C00799,P00741,S034,5,9080.41,0.0,43131.95,CARD,returned,2026-04-25
OI2001912,2026-04-25 14:12:00,C00292,P00585,S006,5,64199.22,0.1,256796.88,COD,shipped,2026-04-25
OI2001913,2026-04-19 00:00:00,C00358,P00709,S030,5,53199.1,0.2,239395.95,UPI,shipped,2026-04-25
OI2001914,2026-04-25 13:11:00,C01721,P00350,S067,5,33985.86,0.0,169929.3,WALLET,shipped,2026-04-25
OI2001915,2026-04-15 16:00:00,C01755,P00138,S005,5,8583.97,0.0,42919.85,UPI,shipped,2026-04-25
OI2001916,2026-04-25 19:33:00,C00873,P00654,S069,4,52923.36,0.0,201108.77,COD,returned,2026-04-25
OI2001917,2026-04-25 08:15:00,C00686,P00487,S012,1,82880.04,0.1,78736.04,CARD,returned,2026-04-25
OI2001918,2026-04-25 07:45:00,C02460,P00345,S040,1,60209.96,0.2,57199.46,UPI,returned,2026-04-25
OI2001919,2026-04-25 18:31:00,C00450,P00306,S019,3,77109.64,0.1,185063.14,UPI,delivered,2026-04-25
OI2001920,2026-04-25 21:15:00,C02402,P00526,S005,2,24784.72,0.05,49569.44,UPI,returned,2026-04-25
OI2001921,2026-04-25 06:30:00,C02454,P00173,S032,6,69911.56,0.2,377522.42,UPI,returned,2026-04-25
OI2001922,2026-04-25 13:12:00,C02267,P00235,S031,2,20332.68,0.1,32532.29,CARD,delivered,2026-04-25
OI2001923,2026-04-25 16:01:00,C02364,P00261,S066,3,unknown,0.05,bad_amount,COD,cancelled,2026-04-25
OI2001924,2026-04-25 23:25:00,C01033,P00358,S033,1,83194.16,0.1,79034.45,UPI,delivered,2026-04-25
OI2001925,2026-04-25 14:51:00,C01669,P00305,S029,6,18907.54,0.05,113445.24,WALLET,returned,2026-04-25
OI2001926,2026-04-25 14:56:00,C01276,P00065,S013,1,84092.97,0.05,84092.97,CARD,delivered,2026-04-25
OI2001927,2026-04-25 10:54:00,C02310,P00293,S018,2,8044.48,0.2,15284.51,WALLET,cancelled,2026-04-25
OI2001928,2026-04-07 12:00:00,C00322,P00393,S043,5,84892.48,0.0,382016.16,NETBANKING,cancelled,2026-04-25
OI2001929,2026-04-25 18:26:00,C01153,P00351,S016,3,50547.87,0.0,144061.43,NETBANKING,cancelled,2026-04-25
OI2001930,2026-04-25 09:19:00,C01867,P00482,S001,4,34919.69,0.0,111743.01,NETBANKING,delivered,2026-04-25
OI2001931,2026-04-15 01:00:00,C01478,P00246,S014,5,88664.88,0.1,398991.96,UPI,shipped,2026-04-25
OI2001932,2026-04-25 22:58:00,C00572,P00526,S024,1,24784.72,0.2,19827.78,WALLET,cancelled,2026-04-25
OI2001933,2026-04-25 21:26:00,C00914,P00454,S045,4,35110.72,0.1,126398.59,WALLET,delivered,2026-04-25
OI2001934,2026-04-25 06:44:00,C01739,P00278,S029,6,50694.44,0.1,304166.64,COD,returned,2026-04-25
OI2001935,2026-04-25 08:22:00,C02428,P00687,S018,6,32039.5,0.2,182625.15,UPI,shipped,2026-04-25
OI2001936,2026-04-25 15:07:00,C00642,P00533,S038,4,71506.81,0.2,257424.52,COD,delivered,2026-04-25
OI2001937,2026-04-25 06:17:00,C01432,P00335,S014,4,23504.66,0.2,94018.64,UPI,returned,2026-04-25
OI2001938,2026-04-25 07:32:00,C00249,P00243,S020,5,35974.1,0.1,161883.45,WALLET,shipped,2026-04-25
OI2001939,2026-04-25 00:41:00,C01650,P00584,S057,5,unknown,0.1,bad_amount,CARD,returned,2026-04-25
OI2001940,2026-04-25 20:56:00,C00259,P00511,S056,6,73756.93,0.1,442541.58,NETBANKING,cancelled,2026-04-25
OI2001941,2026-04-25 03:19:00,C01216,P00169,S045,6,41370.63,0.2,223401.4,WALLET,delivered,2026-04-25
OI2001942,2026-04-25 17:10:00,C01064,P00746,S062,5,2911.66,0.05,14558.3,COD,delivered,2026-04-25
OI2001943,2026-04-25 01:40:00,C00738,P00251,S015,3,16028.07,0.0,45680.0,UPI,delivered,2026-04-25
OI2001944,2026-04-25 09:48:00,C01790,P00473,S021,2,3872.45,0.05,7357.65,WALLET,cancelled,2026-04-25
OI2001945,2026-04-25 04:49:00,C02338,P00130,S001,5,10121.56,0.1,45547.02,NETBANKING,returned,2026-04-25
OI2001946,2026-04-25 04:36:00,C02067,P00071,S035,6,45073.73,0.1,243398.14,CARD,cancelled,2026-04-25
OI2001947,2026-04-25 05:11:00,C02240,P00699,S012,1,67726.99,0.0,60954.29,COD,delivered,2026-04-25
OI2001948,2026-04-25 14:25:00,C02231,P00453,S069,5,7391.19,0.05,29564.76,WALLET,cancelled,2026-04-25
OI2001949,2026-04-25 09:36:00,C01079,P00764,S039,6,29078.9,0.1,174473.4,CARD,cancelled,2026-04-25
OI2001950,2026-04-25 02:30:00,C00318,P00280,S054,5,77257.9,0.2,366975.02,UPI,returned,2026-04-25
OI2001951,2026-04-25 17:04:00,C00413,P00374,S004,6,45543.07,0.1,259595.5,NETBANKING,shipped,2026-04-25
OI2001952,2026-04-25 05:55:00,C02095,P00171,S012,5,698.95,0.0,3145.28,WALLET,delivered,2026-04-25
OI2001953,2026-04-25 12:55:00,C00068,P00185,S004,5,23407.15,0.05,117035.75,NETBANKING,cancelled,2026-04-25
OI2001954,2026-04-25 20:28:00,C01806,P00452,S038,4,80158.89,0.0,320635.56,COD,returned,2026-04-25
OI2001955,2026-04-25 02:22:00,C02374,P00428,S047,6,68085.26,0.2,326809.25,WALLET,returned,2026-04-25
OI2001956,2026-04-25 04:03:00,C01225,P00058,S028,4,72269.01,0.0,289076.04,WALLET,cancelled,2026-04-25
OI2001957,2026-04-25 11:38:00,C01921,P00797,S020,1,19573.06,0.05,17615.75,WALLET,returned,2026-04-25
OI2001958,2026-04-09 13:00:00,C01569,P00122,S065,4,45035.48,0.05,180141.92,CARD,shipped,2026-04-25
OI2001959,2026-04-25 20:04:00,C01338,P00333,S039,3,12534.77,0.2,30083.45,CARD,returned,2026-04-25
OI2001960,2026-04-25 01:34:00,C02375,P00443,S021,2,39002.43,0.1,78004.86,NETBANKING,delivered,2026-04-25
OI2001961,2026-04-25 01:51:00,C00302,P00376,S011,5,25959.56,0.0,129797.8,NETBANKING,delivered,2026-04-25
OI2001962,2026-04-25 20:37:00,C00955,P00066,S057,3,19542.42,0.05,52764.53,CARD,delivered,2026-04-25
OI2001963,2026-04-25 15:11:00,C00361,P00399,S068,4,52543.69,0.2,210174.76,UPI,returned,2026-04-25
OI2001964,2026-04-25 21:36:00,C02085,P00689,S022,1,50562.19,0.0,40449.75,CARD,returned,2026-04-25
OI2001965,2026-04-25 03:22:00,C00162,P00488,S056,3,9724.96,0.05,26257.39,UPI,shipped,2026-04-25
OI2001966,2026-04-20 00:00:00,C02494,P00659,S012,3,78806.84,0.2,236420.52,COD,returned,2026-04-25
OI2001967,2026-04-19 12:00:00,C01475,P00142,S049,3,85536.27,0.2,243778.37,NETBANKING,cancelled,2026-04-25
OI2001968,2026-04-25 10:51:00,C02282,P00273,S057,5,5755.55,0.0,28777.75,WALLET,delivered,2026-04-25
OI2001969,2026-04-25 03:39:00,C01663,P00665,S065,1,48528.2,0.05,48528.2,WALLET,cancelled,2026-04-25
OI2001970,2026-04-25 13:03:00,C01392,P00280,S069,5,77257.9,0.0,386289.5,CARD,delivered,2026-04-25
OI2001971,2026-04-25 10:02:00,C02158,P00789,S053,4,46207.17,0.0,147862.94,NETBANKING,returned,2026-04-25
OI2001972,2026-04-25 10:11:00,C00727,P00674,S003,1,58244.12,0.0,52419.71,COD,cancelled,2026-04-25
OI2001973,2026-04-25 16:13:00,C01417,P00185,S058,5,23407.15,0.2,111183.96,CARD,returned,2026-04-25
OI2001974,2026-04-25 15:16:00,C00587,P00569,S064,2,24215.81,0.2,43588.46,UPI,delivered,2026-04-25
OI2001975,2026-04-25 12:21:00,C00179,P00786,S067,4,68208.61,0.1,259192.72,NETBANKING,cancelled,2026-04-25
OI2001976,2026-04-25 11:57:00,C00384,P00172,S032,5,6407.28,0.0,25629.12,WALLET,shipped,2026-04-25
OI2001977,2026-04-25 18:14:00,C00675,P00745,S027,5,26606.4,0.05,106425.6,COD,returned,2026-04-25
OI2001978,2026-04-25 04:01:00,C01575,P00333,S057,5,12534.77,0.0,56406.47,WALLET,delivered,2026-04-25
OI2001979,2026-04-25 23:50:00,C00648,P00457,S070,1,74186.35,0.05,70477.03,UPI,delivered,2026-04-25
OI2001980,2026-04-25 12:29:00,C01394,P00758,S040,3,79607.14,0.0,191057.14,NETBANKING,shipped,2026-04-25
OI2001981,2026-04-25 19:14:00,C00057,P00745,S012,1,26606.4,0.1,21285.12,NETBANKING,returned,2026-04-25
OI2001982,2026-04-25 05:22:00,C00018,P00310,S041,1,1512.19,0.2,1209.75,NETBANKING,returned,2026-04-25
OI2001983,2026-04-25 23:21:00,C02358,P00613,S043,6,53873.42,0.05,307078.49,UPI,shipped,2026-04-25
OI2001984,2026-04-25 17:40:00,C00646,,S059,6,81415.77,0.2,439645.16,UPI,returned,2026-04-25
OI2001985,2026-04-15 03:00:00,C00305,P00146,S015,3,18705.7,0.2,50505.39,CARD,cancelled,2026-04-25
OI2001986,2026-04-25 16:19:00,C01898,P00063,S030,5,57300.01,0.0,257850.04,UPI,delivered,2026-04-25
OI2001987,2026-04-25 15:08:00,C00130,P00534,S009,5,37722.72,0.2,150890.88,UPI,delivered,2026-04-25
OI2001988,2026-04-25 07:48:00,C00530,P00050,S071,4,75102.36,0.1,240327.55,NETBANKING,returned,2026-04-25
OI2001989,2026-04-25 12:18:00,C00526,P00339,S046,2,2566.61,0.05,4106.58,WALLET,delivered,2026-04-25
OI2001990,2026-04-05 13:00:00,C00142,P00606,S016,3,34480.9,0.1,103442.7,WALLET,returned,2026-04-25
OI2001991,2026-04-25 13:09:00,C00402,P00101,S067,2,19705.48,0.2,31528.77,UPI,delivered,2026-04-25
OI2001992,2026-04-25 09:50:00,C01454,P00284,S029,1,43325.42,0.1,34660.34,WALLET,shipped,2026-04-25
OI2001993,2026-04-25 20:13:00,C00156,P00053,S059,1,33861.69,0.1,30475.52,NETBANKING,cancelled,2026-04-25
OI2001994,2026-04-25 18:54:00,C01141,P00383,S054,1,13065.11,0.05,12411.85,NETBANKING,shipped,2026-04-25
OI2001995,2026-04-25 16:29:00,C00971,P00651,S024,4,5362.63,0.0,20377.99,WALLET,delivered,2026-04-25
OI2001996,2026-04-25 10:12:00,C00355,P00322,S046,2,64831.95,0.0,129663.9,NETBANKING,returned,2026-04-25
OI2001997,2026-04-25 08:00:00,C01283,P00462,S072,6,84326.32,0.1,455362.13,CARD,shipped,2026-04-25
OI2001998,2026-04-25 09:03:00,C01399,P00041,S003,5,70646.68,0.0,317910.06,NETBANKING,cancelled,2026-04-25
OI2001999,2026-04-25 16:36:00,C01951,P00143,S001,4,51414.89,0.1,185093.6,UPI,delivered,2026-04-25
OI2002000,2026-04-25 05:06:00,C00671,P00416,S036,3,82209.09,0.2,221964.54,UPI,cancelled,2026-04-25
OI2000279,2026-04-25 05:04:00,C01723,P00294,S020,2,5174.19,0.2,8278.7,WALLET,delivered,2026-04-25
OI2000493,2026-04-25 14:24:00,C01255,P00291,S034,1,85457.95,0.0,76912.15,NETBANKING,cancelled,2026-04-25
OI2001267,2026-04-25 08:42:00,C00953,P00164,S004,3,55729.33,0.1,158828.59,UPI,delivered,2026-04-25
OI2000558,2026-04-25 14:12:00,C02118,P00137,S064,4,47851.67,0.05,191406.68,NETBANKING,cancelled,2026-04-25
OI2000872,2026-04-25 22:09:00,C00061,P00789,S022,5,46207.17,0.05,231035.85,NETBANKING,cancelled,2026-04-25
OI2001623,2026-04-25 03:32:00,C00554,P00528,S010,2,3660.3,0.0,6954.57,NETBANKING,cancelled,2026-04-25
OI2000892,2026-04-25 18:26:00,C00727,P00151,S054,4,76903.69,0.0,292234.02,WALLET,returned,2026-04-25
OI2001750,2026-04-25 18:06:00,C00666,P00530,S012,3,69539.84,0.05,166895.62,UPI,cancelled,2026-04-25
OI2001868,2026-04-25 01:09:00,C00707,P00073,S057,5,79505.04,0.0,318020.16,COD,delivered,2026-04-25
OI2001799,2026-04-25 11:44:00,C00618,P00074,S004,6,50478.89,0.0,272586.01,COD,shipped,2026-04-25
OI2000548,2026-04-25 18:14:00,C00396,P00545,S038,1,77517.8,0.0,77517.8,NETBANKING,cancelled,2026-04-25
OI2001897,2026-04-25 23:37:00,C00632,P00284,S072,3,43325.42,0.0,129976.26,NETBANKING,delivered,2026-04-25
OI2000841,2026-04-25 15:07:00,C01069,P00025,S047,3,31334.27,0.2,94002.81,WALLET,shipped,2026-04-25
OI2001921,2026-04-25 06:30:00,C02454,P00173,S032,6,69911.56,0.2,377522.42,UPI,returned,2026-04-25
OI2001438,2026-04-25 23:06:00,C02449,P00032,S009,3,30049.26,0.0,90147.78,WALLET,returned,2026-04-25
OI2001318,2026-04-25 07:57:00,C01839,P00229,S023,6,78587.43,0.2,471524.58,CARD,shipped,2026-04-25
OI2001144,2026-04-25 07:37:00,C01553,P00554,S020,1,68187.0,0.2,54549.6,WALLET,returned,2026-04-25
OI2001307,2026-04-25 11:34:00,C01915,P00162,S018,3,26013.63,0.2,62432.71,WALLET,delivered,2026-04-25
OI2001149,2026-04-10 20:00:00,C02477,P00614,S033,2,31775.22,0.1,57195.4,COD,returned,2026-04-25
OI2000582,2026-04-25 20:53:00,C00343,P00462,S031,2,84326.32,0.1,151787.38,COD,cancelled,2026-04-25
OI2000181,2026-04-25 13:10:00,C01493,P00190,S067,1,41382.21,0.1,37243.99,NETBANKING,shipped,2026-04-25
OI2000449,2026-04-25 14:15:00,C01249,P00071,S032,4,45073.73,0.0,162265.43,WALLET,delivered,2026-04-25
OI2001117,2026-04-25 11:55:00,C00067,P00731,S045,3,56245.76,0.1,134989.82,NETBANKING,shipped,2026-04-25
OI2001551,2026-04-25 03:11:00,C01831,P00756,S050,4,66406.1,0.05,212499.52,CARD,cancelled,2026-04-25
OI2001603,2026-04-25 03:56:00,C01132,P00564,S016,4,373.78,0.05,1345.61,WALLET,shipped,2026-04-25
OI2001538,2026-04-25 05:01:00,C01330,P00382,S061,1,43163.29,0.0,34530.63,COD,cancelled,2026-04-25
OI2000485,2026-04-25 04:55:00,C01467,P00284,S024,1,43325.42,0.05,38992.88,WALLET,returned,2026-04-25
OI2000653,2026-04-25 08:14:00,C00271,P00315,S004,6,49355.01,0.0,236904.05,WALLET,cancelled,2026-04-25
OI2001706,2026-04-25 06:23:00,C00270,P00526,S055,3,24784.72,0.05,70636.45,UPI,shipped,2026-04-25
OI2001690,2026-04-25 21:59:00,C01622,P00105,S046,2,30353.53,0.1,60707.06,WALLET,delivered,2026-04-25
OI2001946,2026-04-25 04:36:00,C02067,P00071,S035,6,45073.73,0.1,243398.14,CARD,cancelled,2026-04-25
OI2000539,2026-04-25 02:42:00,C02002,P00670,S008,3,38746.57,0.1,92991.77,NETBANKING,returned,2026-04-25
OI2001743,2026-04-25 07:07:00,C01764,P00426,S006,2,7233.88,0.0,13020.98,UPI,returned,2026-04-25
OI2000777,2026-04-25 00:06:00,C02345,P00139,S023,2,87469.0,0.05,166191.1,WALLET,delivered,2026-04-25
OI2001749,2026-04-25 22:08:00,C00373,P00065,S030,5,84092.97,0.05,336371.88,COD,shipped,2026-04-25
OI2001763,2026-04-25 20:50:00,C00567,P00325,S031,5,5814.81,0.0,26166.65,COD,shipped,2026-04-25
OI2000138,2026-04-25 07:45:00,C02258,P00170,S061,2,72347.53,0.2,144695.06,CARD,delivered,2026-04-25
OI2000504,2026-04-25 12:53:00,C01730,P00172,S026,2,6407.28,0.0,11533.1,COD,delivered,2026-04-25
OI2001850,2026-04-25 22:31:00,C00610,P00222,S044,4,53115.56,0.0,212462.24,COD,returned,2026-04-25
OI2000607,2026-04-25 13:46:00,C02361,P00231,S019,4,71889.3,0.2,287557.2,CARD,delivered,2026-04-25
OI2001778,2026-04-25 01:11:00,C01392,P00368,S071,1,46678.84,0.05,37343.07,COD,shipped,2026-04-25
OI2001550,2026-04-25 09:05:00,C01719,P00154,S056,5,60731.16,0.05,273290.22,COD,returned,2026-04-25
OI2000124,2026-04-25 08:37:00,C01425,P00635,S025,2,37326.92,0.0,67188.46,WALLET,returned,2026-04-25
OI2001557,2026-04-25 00:09:00,C00437,P00427,S018,5,87547.32,0.1,437736.6,CARD,delivered,2026-04-25
OI2001765,2026-04-25 14:14:00,C01436,P00393,S073,4,84892.48,0.1,339569.92,UPI,shipped,2026-04-25
