item_id,order_id,product_id,quantity,unit_price,discount_percent
ITEM00001,ORD01022,PROD0185,2,60956.5,10.0
ITEM00002,ORD00225,PROD0453,2,1365.19,10.0
ITEM00003,ORD00839,PROD0159,2,10613.06,25.0
ITEM00004,ORD00472,PROD0106,4,11146.49,20.0
ITEM00005,ORD01406,PROD0235,5,49382.46,20.0
ITEM00006,ORD00141,PROD0472,5,16438.17,10.0
ITEM00007,ORD00775,PROD0408,2,9770.38,0.0
ITEM00008,ORD00883,PROD0055,1,1487.73,15.0
ITEM00009,ORD01245,PROD0439,-3,40418.34,30.0
ITEM00010,ORD00868,PROD0156,5,3258.17,40.0
ITEM00011,ORD00399,PROD0050,2,42537.87,15.0
ITEM00012,ORD00434,PROD0498,3,47334.8,0.0
ITEM00013,ORD00684,PROD0214,3,17256.6,20.0
ITEM00014,ORD00655,PROD0461,2,34868.65,0.0
ITEM00015,ORD00105,PROD0477,2,8062.0,0.0
ITEM00016,ORD00283,PROD0326,1,44311.83,30.0
ITEM00017,ORD01036,PROD0478,1,14575.01,0.0
ITEM00018,ORD01228,PROD0372,5,27807.38,15.0
ITEM00019,ORD00261,PROD0140,5,31830.76,10.0
ITEM00020,ORD00167,PROD0375,2,45866.77,0.0
ITEM00021,ORD00872,PROD0348,1,10571.36,10.0
ITEM00022,ORD01049,PROD0426,2,3413.76,40.0
ITEM00023,ORD01054,PROD0296,1,78983.13,40.0
ITEM00024,ORD00529,PROD0449,3,7288.56,20.0
ITEM00025,ORD01179,PROD0104,1,65440.26,15.0
ITEM00026,ORD00839,PROD0494,2,27557.38,15.0
ITEM00027,ORD01001,PROD0415,1,49370.29,25.0
ITEM00028,ORD00085,PROD0428,5,216.76,40.0
ITEM00029,ORD00054,PROD0251,1,64748.0,0.0
ITEM00030,ORD01319,PROD0046,4,34458.7,25.0
ITEM00031,ORD00870,PROD0279,3,43847.42,20.0
ITEM00032,ORD00353,PROD0277,3,26540.48,10.0
ITEM00033,ORD00754,PROD0298,4,3348.32,50.0
ITEM00034,ORD00307,PROD0393,4,39322.31,15.0
ITEM00035,ORD00163,PROD0209,4,19573.65,0.0
ITEM00036,ORD00424,PROD0130,3,67434.13,30.0
ITEM00037,ORD00286,PROD0331,5,32976.91,25.0
ITEM00038,ORD01213,PROD0085,3,39874.41,10.0
ITEM00039,ORD01286,PROD0441,2,33035.86,10.0
ITEM00040,ORD01485,PROD0277,2,36070.82,25.0
ITEM00041,ORD01477,PROD0294,2,29133.02,25.0
ITEM00042,ORD01123,PROD0203,4,4122.41,30.0
ITEM00043,ORD01047,PROD0257,5,34151.6,0.0
ITEM00044,ORD01269,PROD0003,-5,46676.14,15.0
ITEM00045,ORD00257,PROD0085,3,37026.04,10.0
ITEM00046,ORD00191,PROD0167,3,50084.47,10.0
ITEM00047,ORD00779,PROD0203,4,5530.43,0.0
ITEM00048,ORD00695,PROD0180,1,22048.2,0.0
ITEM00049,ORD00001,PROD0330,-2,56580.66,20.0
ITEM00050,ORD00994,PROD0458,5,50306.67,20.0
ITEM00051,ORD00957,PROD0254,1,54100.72,15.0
ITEM00052,ORD00181,PROD0157,4,60899.59,5.0
ITEM00053,ORD00217,PROD0108,1,38074.83,40.0
ITEM00054,ORD00136,PROD0098,1,44565.25,0.0
ITEM00055,ORD00825,PROD0107,1,37726.04,0.0
ITEM00056,ORD00316,PROD0232,4,40846.34,40.0
ITEM00057,ORD00278,PROD0339,5,40543.38,5.0
ITEM00058,ORD01071,PROD0199,3,5615.8,10.0
ITEM00059,ORD00488,PROD0302,5,51282.28,10.0
ITEM00060,ORD01471,PROD0348,1,11329.67,10.0
ITEM00061,ORD00535,PROD0180,-4,13963.97,25.0
ITEM00062,ORD00983,PROD0197,1,51630.95,10.0
ITEM00063,ORD00036,PROD0301,3,23634.4,40.0
ITEM00064,ORD01433,PROD0351,1,6465.42,5.0
ITEM00065,ORD00557,PROD0493,1,29584.68,10.0
ITEM00066,ORD01183,PROD0279,2,41555.36,20.0
ITEM00067,ORD01020,PROD0367,1,73398.64,10.0
ITEM00068,ORD00536,PROD0384,5,56210.63,50.0
ITEM00069,ORD00609,PROD0018,5,41858.64,20.0
ITEM00070,ORD01458,PROD0438,5,26191.0,10.0
ITEM00071,ORD00281,PROD0006,5,1384.66,25.0
ITEM00072,ORD00943,PROD0400,5,44603.96,10.0
ITEM00073,ORD00983,PROD0258,3,16310.1,15.0
ITEM00074,ORD00065,PROD0199,5,7126.12,15.0
ITEM00075,ORD00268,PROD0025,1,35461.0,15.0
ITEM00076,ORD00433,PROD0252,4,38264.74,0.0
ITEM00077,ORD00176,PROD0084,5,8396.32,5.0
ITEM00078,ORD00739,PROD0057,1,42739.66,0.0
ITEM00079,ORD00913,PROD0249,4,42539.4,20.0
ITEM00080,ORD00006,PROD0414,2,78032.24,20.0
ITEM00081,ORD01218,PROD0023,2,24734.84,5.0
ITEM00082,ORD00395,PROD0350,4,34185.9,0.0
ITEM00083,ORD01386,PROD0228,1,68799.01,0.0
ITEM00084,ORD01151,PROD0072,5,42760.23,10.0
ITEM00085,ORD00529,PROD0225,4,11964.81,0.0
ITEM00086,ORD01258,PROD0269,3,19874.35,15.0
ITEM00087,ORD00613,PROD0055,1,1156.95,0.0
ITEM00088,ORD01298,PROD0286,1,68281.15,0.0
ITEM00089,ORD01084,PROD0135,3,57298.29,10.0
ITEM00090,ORD00463,PROD0260,2,67110.95,0.0
ITEM00091,ORD01219,PROD0083,2,20578.8,15.0
ITEM00092,ORD00832,PROD0229,5,77330.79,5.0
ITEM00093,ORD00541,PROD0135,2,46325.93,10.0
ITEM00094,ORD01439,PROD0060,2,48733.26,0.0
ITEM00095,ORD01150,PROD0154,4,42955.36,0.0
ITEM00096,ORD00545,PROD0031,1,14875.15,0.0
ITEM00097,ORD00395,PROD0341,5,24296.24,0.0
ITEM00098,ORD00387,PROD0451,3,74430.15,30.0
ITEM00099,ORD01069,PROD0441,2,25469.55,0.0
ITEM00100,ORD01370,PROD0244,2,47402.89,0.0
ITEM00101,ORD00570,PROD0199,5,6246.71,25.0
ITEM00102,ORD00648,PROD0037,2,33945.16,25.0
ITEM00103,ORD00997,PROD0075,1,53238.64,10.0
ITEM00104,ORD00445,PROD0038,2,35881.55,15.0
ITEM00105,ORD00079,PROD0212,3,43794.5,30.0
ITEM00106,ORD00630,PROD0424,-1,16991.78,20.0
ITEM00107,ORD01486,PROD0022,4,88915.45,0.0
ITEM00108,ORD01206,PROD0344,3,52564.1,5.0
ITEM00109,ORD00243,PROD0311,2,46769.55,20.0
ITEM00110,ORD00651,PROD0066,5,61627.12,30.0
ITEM00111,ORD00003,PROD0331,2,40946.75,0.0
ITEM00112,ORD00751,PROD0267,1,19728.67,10.0
ITEM00113,ORD00155,PROD0016,5,5609.38,0.0
ITEM00114,ORD01131,PROD0457,1,82790.13,5.0
ITEM00115,ORD00989,PROD0202,3,51325.54,5.0
ITEM00116,ORD01233,PROD0275,3,55690.83,25.0
ITEM00117,ORD00486,PROD0241,-4,42271.78,20.0
ITEM00118,ORD00927,PROD0430,5,7708.31,30.0
ITEM00119,ORD00195,PROD0310,5,42777.01,0.0
ITEM00120,ORD00521,PROD0173,4,47234.7,40.0
ITEM00121,ORD01150,PROD0273,1,4684.11,0.0
ITEM00122,ORD00681,PROD0138,3,86780.98,10.0
ITEM00123,ORD00925,PROD0117,3,21551.35,30.0
ITEM00124,ORD00529,PROD0290,3,36891.31,0.0
ITEM00125,ORD00663,PROD0172,4,26925.23,0.0
ITEM00126,ORD01223,PROD0307,2,60765.93,20.0
ITEM00127,ORD00955,PROD0456,3,23802.57,0.0
ITEM00128,ORD00755,PROD0352,5,7048.79,10.0
ITEM00129,ORD00209,PROD0105,5,39919.53,10.0
ITEM00130,ORD01376,PROD0061,3,70116.36,15.0
ITEM00131,ORD00802,PROD0106,3,11788.76,0.0
ITEM00132,ORD00688,PROD0332,3,59121.96,0.0
ITEM00133,ORD00113,PROD0248,5,8388.48,10.0
ITEM00134,ORD00914,PROD0175,5,55080.03,0.0
ITEM00135,ORD00485,PROD0064,5,25715.27,50.0
ITEM00136,ORD00541,PROD0002,-3,46747.88,30.0
ITEM00137,ORD01156,PROD0233,5,63376.66,10.0
ITEM00138,ORD01181,PROD0142,4,61784.68,0.0
ITEM00139,ORD00178,PROD0027,4,59719.57,10.0
ITEM00140,ORD01289,PROD0244,3,46249.16,0.0
ITEM00141,ORD00162,PROD0093,1,22696.02,0.0
ITEM00142,ORD01205,PROD0036,5,34182.15,10.0
ITEM00143,ORD01429,PROD0066,4,72731.82,0.0
ITEM00144,ORD00698,PROD0457,1,77927.0,0.0
ITEM00145,ORD01486,PROD0173,3,79384.02,0.0
ITEM00146,ORD00652,PROD0124,5,21123.96,15.0
ITEM00147,ORD00513,PROD0385,5,32640.89,5.0
ITEM00148,ORD00327,PROD0122,5,39058.58,10.0
ITEM00149,ORD00472,PROD0391,4,22437.02,0.0
ITEM00150,ORD01307,PROD0316,2,15562.07,0.0
ITEM00151,ORD00785,PROD0380,3,9176.46,25.0
ITEM00152,ORD00405,PROD0064,4,15429.0,0.0
ITEM00153,ORD00786,PROD0236,-2,70985.19,30.0
ITEM00154,ORD00310,PROD0144,2,25329.79,15.0
ITEM00155,ORD01482,PROD0223,5,3108.83,25.0
ITEM00156,ORD00681,PROD0229,1,58871.41,25.0
ITEM00157,ORD00110,PROD0210,4,79144.17,0.0
ITEM00158,ORD01387,PROD0455,5,28951.92,20.0
ITEM00159,ORD00399,PROD0012,3,12569.9,0.0
ITEM00160,ORD00469,PROD0345,5,25973.03,5.0
ITEM00161,ORD00898,PROD0011,5,31789.75,5.0
ITEM00162,ORD01089,PROD0227,3,28701.32,0.0
ITEM00163,ORD00590,PROD0040,4,9157.08,0.0
ITEM00164,ORD00919,PROD0207,3,19413.33,5.0
ITEM00165,ORD00648,PROD0141,3,23458.16,30.0
ITEM00166,ORD00316,PROD0195,4,26878.64,40.0
ITEM00167,ORD00494,PROD0352,2,9621.57,15.0
ITEM00168,ORD00537,PROD0034,1,53638.81,5.0
ITEM00169,ORD00824,PROD0177,1,38572.19,10.0
ITEM00170,ORD00357,PROD0371,4,46668.23,0.0
ITEM00171,ORD00925,PROD0131,3,20703.77,5.0
ITEM00172,ORD00578,PROD0134,2,57882.18,0.0
ITEM00173,ORD01202,PROD0300,5,29950.31,10.0
ITEM00174,ORD00271,PROD0101,4,46720.07,5.0
ITEM00175,ORD00792,PROD0390,2,46311.51,0.0
ITEM00176,ORD00432,PROD0357,3,11115.49,0.0
ITEM00177,ORD00337,PROD0478,2,12662.59,0.0
ITEM00178,ORD00543,PROD0440,2,37398.28,0.0
ITEM00179,ORD00898,PROD0160,1,54957.67,0.0
ITEM00180,ORD00125,PROD0048,5,31256.27,15.0
ITEM00181,ORD00980,PROD0402,2,36514.9,0.0
ITEM00182,ORD00958,PROD0241,2,52841.8,0.0
ITEM00183,ORD01275,PROD0414,5,90901.07,20.0
ITEM00184,ORD01002,PROD0035,3,7793.8,25.0
ITEM00185,ORD00640,PROD0092,4,39780.1,10.0
ITEM00186,ORD01188,PROD0189,2,25669.7,10.0
ITEM00187,ORD00980,PROD0096,1,25279.67,5.0
ITEM00188,ORD01449,PROD0088,5,3981.71,25.0
ITEM00189,ORD01333,PROD0257,1,33382.99,5.0
ITEM00190,ORD01459,PROD0086,2,22346.06,25.0
ITEM00191,ORD00291,PROD0124,3,30376.78,10.0
ITEM00192,ORD01274,PROD0143,4,2861.63,0.0
ITEM00193,ORD00961,PROD0057,2,43339.36,15.0
ITEM00194,ORD01119,PROD0387,4,10059.83,0.0
ITEM00195,ORD00338,PROD0148,4,8033.52,15.0
ITEM00196,ORD01455,PROD0203,4,5617.18,30.0
ITEM00197,ORD00306,PROD0239,5,65519.91,5.0
ITEM00198,ORD00204,PROD0311,4,40853.94,20.0
ITEM00199,ORD00153,PROD0269,2,20243.71,10.0
ITEM00200,ORD01303,PROD0256,1,17123.43,0.0
ITEM00201,ORD00866,PROD0308,3,20100.09,0.0
ITEM00202,ORD00641,PROD0463,4,34503.57,0.0
ITEM00203,ORD00425,PROD0013,2,21226.5,20.0
ITEM00204,ORD00773,PROD0111,2,40889.84,10.0
ITEM00205,ORD01055,PROD0303,2,20890.45,15.0
ITEM00206,ORD00540,PROD0155,2,16656.69,0.0
ITEM00207,ORD00826,PROD0117,3,29905.69,10.0
ITEM00208,ORD01205,PROD0239,3,58004.36,30.0
ITEM00209,ORD00320,PROD0238,1,32037.46,0.0
ITEM00210,ORD00243,PROD0075,1,54160.0,0.0
ITEM00211,ORD00822,PROD0028,4,60301.21,30.0
ITEM00212,ORD00413,PROD0447,5,36446.15,0.0
ITEM00213,ORD01279,PROD0421,-4,24196.87,0.0
ITEM00214,ORD00840,PROD0445,1,21914.58,5.0
ITEM00215,ORD01031,PROD0100,5,14495.95,0.0
ITEM00216,ORD01047,PROD0052,5,19122.03,0.0
ITEM00217,ORD00537,PROD0013,5,23940.05,5.0
ITEM00218,ORD01303,PROD0230,5,11866.37,10.0
ITEM00219,ORD00468,PROD0319,3,11151.77,0.0
ITEM00220,ORD00437,PROD0265,4,23280.3,20.0
ITEM00221,ORD00293,PROD0222,1,16919.78,15.0
ITEM00222,ORD00819,PROD0281,5,81753.23,10.0
ITEM00223,ORD00914,PROD0496,4,48755.48,5.0
ITEM00224,ORD00218,PROD0366,3,26610.49,0.0
ITEM00225,ORD01178,PROD0391,1,33340.6,15.0
ITEM00226,ORD01387,PROD0142,1,57595.99,0.0
ITEM00227,ORD00674,PROD0007,2,7074.86,10.0
ITEM00228,ORD00596,PROD0100,2,15518.17,10.0
ITEM00229,ORD00844,PROD0291,2,4320.18,0.0
ITEM00230,ORD00427,PROD0034,1,44320.75,0.0
ITEM00231,ORD01386,PROD0248,2,8692.98,10.0
ITEM00232,ORD01426,PROD0085,4,40540.43,0.0
ITEM00233,ORD01474,PROD0343,3,24401.4,15.0
ITEM00234,ORD00116,PROD0191,3,56654.33,10.0
ITEM00235,ORD01224,PROD0281,3,88519.9,15.0
ITEM00236,ORD00020,PROD0168,5,7738.11,10.0
ITEM00237,ORD00395,PROD0143,2,3449.69,0.0
ITEM00238,ORD01449,PROD0012,3,11799.32,5.0
ITEM00239,ORD00620,PROD0261,4,39511.93,0.0
ITEM00240,ORD00524,PROD0303,3,15773.08,0.0
ITEM00241,ORD01394,PROD0076,2,11791.97,30.0
ITEM00242,ORD00194,PROD0128,2,11723.67,30.0
ITEM00243,ORD01315,PROD0358,3,31630.08,10.0
ITEM00244,ORD00603,PROD0205,3,42317.6,0.0
ITEM00245,ORD00908,PROD0125,4,58693.17,40.0
ITEM00246,ORD00152,PROD0340,-3,8948.66,30.0
ITEM00247,ORD00282,PROD0030,4,64024.45,0.0
ITEM00248,ORD00791,PROD0243,3,27033.46,30.0
ITEM00249,ORD00116,PROD0061,4,55021.97,25.0
ITEM00250,ORD01097,PROD0252,4,59102.28,10.0
ITEM00251,ORD00226,PROD0208,2,31601.95,0.0
ITEM00252,ORD00712,PROD0313,3,69187.74,0.0
ITEM00253,ORD01247,PROD0168,1,8035.37,0.0
ITEM00254,ORD01234,PROD0043,1,31924.01,0.0
ITEM00255,ORD00269,PROD0220,1,9480.86,30.0
ITEM00256,ORD01286,PROD0407,2,65622.3,50.0
ITEM00257,ORD01354,PROD0002,1,61560.72,0.0
ITEM00258,ORD00128,PROD0432,3,42228.93,15.0
ITEM00259,ORD01175,PROD0045,3,1841.58,5.0
ITEM00260,ORD01191,PROD0020,1,7123.65,50.0
ITEM00261,ORD00174,PROD0315,2,38390.38,20.0
ITEM00262,ORD01414,PROD0460,4,6013.29,0.0
ITEM00263,ORD00619,PROD0304,5,59223.7,0.0
ITEM00264,ORD01402,PROD0314,1,23763.26,10.0
ITEM00265,ORD01389,PROD0437,5,24150.35,0.0
ITEM00266,ORD00144,PROD0311,3,32772.71,0.0
ITEM00267,ORD00205,PROD0437,2,25442.44,15.0
ITEM00268,ORD00911,PROD0415,5,67716.46,5.0
ITEM00269,ORD01489,PROD0335,4,69269.27,10.0
ITEM00270,ORD01437,PROD0477,3,5439.14,15.0
ITEM00271,ORD00655,PROD0108,2,31529.07,20.0
ITEM00272,ORD00602,PROD0019,5,49581.68,25.0
ITEM00273,ORD00608,PROD0076,-4,8804.21,0.0
ITEM00274,ORD00375,PROD0371,3,36187.09,15.0
ITEM00275,ORD01103,PROD0297,4,17133.38,10.0
ITEM00276,ORD01245,PROD0063,5,29584.17,20.0
ITEM00277,ORD00507,PROD0155,2,22265.37,30.0
ITEM00278,ORD00539,PROD0336,2,12295.61,5.0
ITEM00279,ORD00804,PROD0177,1,31362.47,25.0
ITEM00280,ORD00744,PROD0412,2,38571.08,25.0
ITEM00281,ORD01447,PROD0238,4,44650.3,20.0
ITEM00282,ORD00900,PROD0442,2,40448.89,25.0
ITEM00283,ORD00206,PROD0382,4,44406.12,15.0
ITEM00284,ORD00966,PROD0491,5,85766.3,25.0
ITEM00285,ORD01344,PROD0095,2,29895.26,40.0
ITEM00286,ORD01325,PROD0213,3,5109.05,0.0
ITEM00287,ORD00220,PROD0453,5,897.81,15.0
ITEM00288,ORD01171,PROD0491,2,60043.47,20.0
ITEM00289,ORD00610,PROD0214,1,11561.86,15.0
ITEM00290,ORD00777,PROD0365,5,48835.54,5.0
ITEM00291,ORD01424,PROD0002,5,48140.75,0.0
ITEM00292,ORD00558,PROD0076,5,10305.92,0.0
ITEM00293,ORD01364,PROD0201,5,57687.48,15.0
ITEM00294,ORD01219,PROD0314,1,22367.9,10.0
ITEM00295,ORD01284,PROD0369,3,61460.8,10.0
ITEM00296,ORD01166,PROD0387,3,13385.5,5.0
ITEM00297,ORD01124,PROD0209,1,22427.0,10.0
ITEM00298,ORD00660,PROD0450,4,68676.04,30.0
ITEM00299,ORD00020,PROD0312,3,27491.18,25.0
ITEM00300,ORD00149,PROD0115,3,25901.12,30.0
ITEM00301,ORD01115,PROD0437,2,20516.37,15.0
ITEM00302,ORD00166,PROD0297,3,17309.32,0.0
ITEM00303,ORD00339,PROD0118,4,38733.91,0.0
ITEM00304,ORD00849,PROD0002,1,60052.67,25.0
ITEM00305,ORD00538,PROD0141,5,28063.52,30.0
ITEM00306,ORD00549,PROD0009,3,45930.2,20.0
ITEM00307,ORD01044,PROD0340,5,8842.66,0.0
ITEM00308,ORD00996,PROD0339,1,44296.34,25.0
ITEM00309,ORD01239,PROD0474,5,47295.98,20.0
ITEM00310,ORD00479,PROD0091,2,56098.24,0.0
ITEM00311,ORD00766,PROD0220,2,7182.02,40.0
ITEM00312,ORD01203,PROD0011,3,24359.59,0.0
ITEM00313,ORD00234,PROD0150,4,49528.79,0.0
ITEM00314,ORD00978,PROD0219,2,4546.44,5.0
ITEM00315,ORD01282,PROD0392,3,24146.92,50.0
ITEM00316,ORD00726,PROD0355,1,43072.14,0.0
ITEM00317,ORD00795,PROD0080,1,31372.01,40.0
ITEM00318,ORD00372,PROD0034,3,64168.65,40.0
ITEM00319,ORD00147,PROD0059,3,79848.06,0.0
ITEM00320,ORD01045,PROD0393,5,53522.05,10.0
ITEM00321,ORD00255,PROD0063,5,23383.28,0.0
ITEM00322,ORD00012,PROD0043,1,24925.28,5.0
ITEM00323,ORD00695,PROD0199,5,7144.88,40.0
ITEM00324,ORD01074,PROD0372,5,23640.58,25.0
ITEM00325,ORD01062,PROD0407,-1,64269.48,0.0
ITEM00326,ORD01018,PROD0176,5,55610.68,0.0
ITEM00327,ORD00853,PROD0474,3,42308.76,0.0
ITEM00328,ORD00270,PROD0437,-4,26273.79,0.0
ITEM00329,ORD00568,PROD0263,4,40623.39,0.0
ITEM00330,ORD00255,PROD0098,4,66145.59,20.0
ITEM00331,ORD01332,PROD0383,2,5614.12,25.0
ITEM00332,ORD00406,PROD0479,4,33532.26,10.0
ITEM00333,ORD00234,PROD0235,3,35950.88,0.0
ITEM00334,ORD00553,PROD0022,2,53271.89,0.0
ITEM00335,ORD00982,PROD0182,3,6518.1,15.0
ITEM00336,ORD00788,PROD0213,1,7681.78,40.0
ITEM00337,ORD00008,PROD0442,2,44137.59,25.0
ITEM00338,ORD00928,PROD0305,1,3938.6,10.0
ITEM00339,ORD00131,PROD0243,5,21055.73,20.0
ITEM00340,ORD00683,PROD0175,1,54000.77,20.0
ITEM00341,ORD00866,PROD0327,3,32854.81,10.0
ITEM00342,ORD01375,PROD0218,1,25823.93,0.0
ITEM00343,ORD00666,PROD0154,2,59949.29,15.0
ITEM00344,ORD00162,PROD0418,2,33333.69,0.0
ITEM00345,ORD00013,PROD0436,1,48178.68,40.0
ITEM00346,ORD00037,PROD0187,3,43460.2,20.0
ITEM00347,ORD01438,PROD0209,3,15367.02,5.0
ITEM00348,ORD01028,PROD0365,2,40980.09,30.0
ITEM00349,ORD00079,PROD0309,-1,70771.77,5.0
ITEM00350,ORD01476,PROD0049,3,8714.6,5.0
ITEM00351,ORD00682,PROD0064,2,16455.88,10.0
ITEM00352,ORD00238,PROD0041,3,61396.84,5.0
ITEM00353,ORD00905,PROD0390,5,56661.74,30.0
ITEM00354,ORD00026,PROD0041,5,86093.49,30.0
ITEM00355,ORD00237,PROD0446,3,63337.33,30.0
ITEM00356,ORD01389,PROD0337,4,59589.32,20.0
ITEM00357,ORD01166,PROD0021,4,44963.77,0.0
ITEM00358,ORD00181,PROD0171,1,17447.7,0.0
ITEM00359,ORD00315,PROD0049,5,8612.28,0.0
ITEM00360,ORD01396,PROD0457,4,70291.02,25.0
ITEM00361,ORD00977,PROD0208,3,33756.58,0.0
ITEM00362,ORD00301,PROD0482,2,57514.44,0.0
ITEM00363,ORD00459,PROD0087,5,25710.95,20.0
ITEM00364,ORD00881,PROD0054,1,62885.9,10.0
ITEM00365,ORD01472,PROD0374,2,63106.31,20.0
ITEM00366,ORD01372,PROD0421,5,29129.58,0.0
ITEM00367,ORD00113,PROD0209,5,15149.64,25.0
ITEM00368,ORD00591,PROD0296,2,75133.25,10.0
ITEM00369,ORD00623,PROD0122,2,36411.21,15.0
ITEM00370,ORD00190,PROD0199,5,4969.56,0.0
ITEM00371,ORD00914,PROD0070,5,47458.8,10.0
ITEM00372,ORD00184,PROD0297,2,17705.47,15.0
ITEM00373,ORD01266,PROD0456,4,15910.82,0.0
ITEM00374,ORD00630,PROD0310,-1,40374.13,10.0
ITEM00375,ORD00717,PROD0098,2,70685.44,10.0
ITEM00376,ORD00941,PROD0417,1,19866.29,40.0
ITEM00377,ORD00915,PROD0128,1,9400.47,0.0
ITEM00378,ORD00592,PROD0128,1,13687.32,15.0
ITEM00379,ORD01320,PROD0069,3,29182.48,40.0
ITEM00380,ORD01161,PROD0295,2,29992.85,20.0
ITEM00381,ORD00349,PROD0425,4,46211.14,0.0
ITEM00382,ORD00767,PROD0106,2,10804.18,20.0
ITEM00383,ORD01422,PROD0403,-3,27916.83,5.0
ITEM00384,ORD00302,PROD0211,5,12995.28,15.0
ITEM00385,ORD01435,PROD0228,2,63847.71,0.0
ITEM00386,ORD00941,PROD0181,2,59570.1,10.0
ITEM00387,ORD00142,PROD0486,1,29154.43,0.0
ITEM00388,ORD00257,PROD0222,1,14348.11,20.0
ITEM00389,ORD00806,PROD0427,4,50472.75,10.0
ITEM00390,ORD01001,PROD0105,3,32275.19,0.0
ITEM00391,ORD00367,PROD0144,1,26668.88,10.0
ITEM00392,ORD00132,PROD0391,5,27295.24,10.0
ITEM00393,ORD00564,PROD0156,4,3650.17,0.0
ITEM00394,ORD00511,PROD0443,4,56974.54,40.0
ITEM00395,ORD01025,PROD0139,2,54541.83,10.0
ITEM00396,ORD00025,PROD0069,2,16466.31,15.0
ITEM00397,ORD00973,PROD0197,5,37587.64,10.0
ITEM00398,ORD00092,PROD0479,3,21401.21,20.0
ITEM00399,ORD01019,PROD0268,1,40051.14,0.0
ITEM00400,ORD00005,PROD0338,3,68579.74,20.0
ITEM00401,ORD00986,PROD0011,1,23681.0,0.0
ITEM00402,ORD01080,PROD0145,2,16084.92,20.0
ITEM00403,ORD00451,PROD0343,5,31294.11,10.0
ITEM00404,ORD00813,PROD0474,2,37419.75,15.0
ITEM00405,ORD00560,PROD0271,1,39324.42,5.0
ITEM00406,ORD00105,PROD0354,4,24812.64,10.0
ITEM00407,ORD01120,PROD0001,2,62900.77,0.0
ITEM00408,ORD00740,PROD0157,4,80986.76,0.0
ITEM00409,ORD00454,PROD0412,2,39092.14,15.0
ITEM00410,ORD01146,PROD0343,5,29987.04,10.0
ITEM00411,ORD00776,PROD0183,4,50208.33,15.0
ITEM00412,ORD00468,PROD0456,1,17343.63,25.0
ITEM00413,ORD00124,PROD0183,2,64629.46,10.0
ITEM00414,ORD00756,PROD0253,5,56153.89,0.0
ITEM00415,ORD00723,PROD0040,2,6640.88,0.0
ITEM00416,ORD00744,PROD0444,4,18913.18,10.0
ITEM00417,ORD00650,PROD0379,5,26532.28,10.0
ITEM00418,ORD01291,PROD0070,2,42058.1,0.0
ITEM00419,ORD01379,PROD0050,1,41968.42,30.0
ITEM00420,ORD00783,PROD0210,3,54772.77,15.0
ITEM00421,ORD00145,PROD0456,2,19785.98,0.0
ITEM00422,ORD00686,PROD0473,1,16862.71,0.0
ITEM00423,ORD01458,PROD0129,5,35246.59,20.0
ITEM00424,ORD00152,PROD0481,-1,45709.54,10.0
ITEM00425,ORD00688,PROD0142,1,62859.74,30.0
ITEM00426,ORD00165,PROD0251,2,65559.63,20.0
ITEM00427,ORD00274,PROD0455,1,27976.6,10.0
ITEM00428,ORD01385,PROD0118,3,66111.36,0.0
ITEM00429,ORD01222,PROD0357,3,9830.4,20.0
ITEM00430,ORD01333,PROD0285,1,14664.89,20.0
ITEM00431,ORD00207,PROD0322,3,31499.9,0.0
ITEM00432,ORD00604,PROD0422,1,37150.6,20.0
ITEM00433,ORD00439,PROD0101,2,46296.93,0.0
ITEM00434,ORD00187,PROD0236,4,49600.24,0.0
ITEM00435,ORD01150,PROD0069,2,16658.72,5.0
ITEM00436,ORD00360,PROD0388,3,65947.38,25.0
ITEM00437,ORD01267,PROD0222,-1,11694.2,25.0
ITEM00438,ORD00856,PROD0082,1,27166.58,0.0
ITEM00439,ORD00429,PROD0018,4,47595.5,0.0
ITEM00440,ORD00605,PROD0392,1,15420.32,0.0
ITEM00441,ORD01103,PROD0056,2,12357.97,0.0
ITEM00442,ORD00074,PROD0267,5,25339.76,40.0
ITEM00443,ORD01146,PROD0478,5,15570.08,50.0
ITEM00444,ORD00667,PROD0454,5,67474.82,10.0
ITEM00445,ORD00091,PROD0291,4,4203.58,10.0
ITEM00446,ORD00177,PROD0313,4,70291.98,0.0
ITEM00447,ORD00804,PROD0134,1,62260.06,0.0
ITEM00448,ORD00387,PROD0152,5,64649.95,10.0
ITEM00449,ORD00529,PROD0047,1,87447.31,20.0
ITEM00450,ORD00130,PROD0065,2,41040.26,20.0
ITEM00451,ORD01467,PROD0274,1,30409.92,10.0
ITEM00452,ORD00854,PROD0203,5,6762.46,20.0
ITEM00453,ORD00690,PROD0419,5,26059.39,0.0
ITEM00454,ORD00894,PROD0449,2,7048.98,0.0
ITEM00455,ORD01344,PROD0026,5,57034.45,10.0
ITEM00456,ORD00418,PROD0038,5,29324.73,0.0
ITEM00457,ORD00419,PROD0269,3,16479.44,0.0
ITEM00458,ORD00298,PROD0282,2,23599.66,0.0
ITEM00459,ORD00075,PROD0252,2,56957.75,0.0
ITEM00460,ORD00910,PROD0405,1,10380.94,10.0
ITEM00461,ORD00554,PROD0320,4,50932.74,20.0
ITEM00462,ORD00254,PROD0280,3,19074.27,10.0
ITEM00463,ORD00878,PROD0349,3,22999.17,0.0
ITEM00464,ORD00021,PROD0392,1,13774.6,20.0
ITEM00465,ORD00561,PROD0354,1,15471.57,0.0
ITEM00466,ORD00778,PROD0085,5,37364.87,0.0
ITEM00467,ORD01105,PROD0353,1,35793.05,10.0
ITEM00468,ORD00272,PROD0458,3,43916.73,0.0
ITEM00469,ORD01483,PROD0323,5,913.09,0.0
ITEM00470,ORD01372,PROD0077,3,33020.8,5.0
ITEM00471,ORD00829,PROD0059,5,81052.16,15.0
ITEM00472,ORD01181,PROD0386,2,61575.32,0.0
ITEM00473,ORD00986,PROD0417,5,14577.37,10.0
ITEM00474,ORD00150,PROD0148,1,8179.49,0.0
ITEM00475,ORD00856,PROD0423,5,18497.39,15.0
ITEM00476,ORD01009,PROD0022,4,65137.6,0.0
ITEM00477,ORD00352,PROD0223,1,2913.77,10.0
ITEM00478,ORD00016,PROD0002,2,68546.11,5.0
ITEM00479,ORD00222,PROD0326,3,35181.66,20.0
ITEM00480,ORD01297,PROD0141,4,27979.57,5.0
ITEM00481,ORD00231,PROD0063,2,19990.85,20.0
ITEM00482,ORD01193,PROD0262,3,5433.37,5.0
ITEM00483,ORD01015,PROD0026,2,52316.08,20.0
ITEM00484,ORD01143,PROD0193,5,41781.02,20.0
ITEM00485,ORD00174,PROD0321,4,37697.1,0.0
ITEM00486,ORD00716,PROD0211,5,14821.83,10.0
ITEM00487,ORD00489,PROD0317,1,25496.29,20.0
ITEM00488,ORD00750,PROD0399,5,38728.61,0.0
ITEM00489,ORD00103,PROD0034,1,41008.44,30.0
ITEM00490,ORD01195,PROD0444,5,24157.1,0.0
ITEM00491,ORD01042,PROD0285,1,16351.76,0.0
ITEM00492,ORD00173,PROD0376,2,6753.97,10.0
ITEM00493,ORD01110,PROD0243,2,21106.39,10.0
ITEM00494,ORD00169,PROD0194,2,25177.75,10.0
ITEM00495,ORD00134,PROD0033,2,55385.36,0.0
ITEM00496,ORD00792,PROD0034,4,43614.6,15.0
ITEM00497,ORD00062,PROD0152,5,78935.38,10.0
ITEM00498,ORD00711,PROD0343,3,27431.21,10.0
ITEM00499,ORD01089,PROD0082,4,19859.48,20.0
ITEM00500,ORD01491,PROD0067,5,59953.33,10.0
ITEM00501,ORD00236,PROD0054,-3,51914.51,0.0
ITEM00502,ORD01225,PROD0448,4,34599.4,0.0
ITEM00503,ORD01070,PROD0324,3,42317.17,40.0
ITEM00504,ORD01459,PROD0192,1,10928.44,0.0
ITEM00505,ORD00654,PROD0404,3,18053.58,5.0
ITEM00506,ORD00437,PROD0350,2,26628.54,40.0
ITEM00507,ORD00601,PROD0467,1,42428.85,10.0
ITEM00508,ORD01382,PROD0158,3,4490.14,25.0
ITEM00509,ORD00378,PROD0263,5,36530.09,10.0
ITEM00510,ORD01029,PROD0471,2,48514.03,20.0
ITEM00511,ORD00942,PROD0189,5,19274.42,10.0
ITEM00512,ORD00899,PROD0426,3,4465.85,20.0
ITEM00513,ORD01407,PROD0069,1,22482.37,15.0
ITEM00514,ORD01133,PROD0175,1,50663.49,50.0
ITEM00515,ORD00078,PROD0150,2,38135.69,0.0
ITEM00516,ORD00573,PROD0392,2,22931.79,25.0
ITEM00517,ORD00187,PROD0132,1,52171.45,5.0
ITEM00518,ORD00443,PROD0114,1,3522.79,0.0
ITEM00519,ORD01483,PROD0365,5,56911.21,10.0
ITEM00520,ORD00383,PROD0450,5,84291.82,0.0
ITEM00521,ORD00595,PROD0500,5,27891.54,0.0
ITEM00522,ORD01395,PROD0348,2,9376.82,0.0
ITEM00523,ORD00249,PROD0330,2,52139.22,0.0
ITEM00524,ORD00110,PROD0209,1,25735.18,40.0
ITEM00525,ORD00941,PROD0471,5,77140.05,10.0
ITEM00526,ORD00614,PROD0493,4,26796.79,0.0
ITEM00527,ORD01494,PROD0492,4,7845.63,20.0
ITEM00528,ORD00147,PROD0369,1,70775.97,0.0
ITEM00529,ORD01320,PROD0095,1,34835.36,50.0
ITEM00530,ORD01232,PROD0016,3,6190.96,20.0
ITEM00531,ORD01486,PROD0058,5,58576.58,10.0
ITEM00532,ORD00420,PROD0007,4,4756.42,5.0
ITEM00533,ORD01204,PROD0327,3,41151.82,20.0
ITEM00534,ORD01010,PROD0422,1,59483.32,40.0
ITEM00535,ORD00931,PROD0465,1,23369.84,30.0
ITEM00536,ORD00273,PROD0349,3,22030.7,15.0
ITEM00537,ORD01372,PROD0178,1,37369.54,0.0
ITEM00538,ORD00355,PROD0310,1,30287.36,25.0
ITEM00539,ORD00514,PROD0328,3,77814.53,0.0
ITEM00540,ORD00821,PROD0150,4,37794.33,10.0
ITEM00541,ORD00417,PROD0176,5,83103.35,0.0
ITEM00542,ORD01385,PROD0209,2,17509.9,40.0
ITEM00543,ORD01144,PROD0311,2,41413.57,0.0
ITEM00544,ORD00376,PROD0232,3,28072.18,10.0
ITEM00545,ORD00101,PROD0048,1,25013.49,15.0
ITEM00546,ORD01456,PROD0439,2,64221.81,10.0
ITEM00547,ORD00277,PROD0209,1,26804.96,25.0
ITEM00548,ORD01313,PROD0323,3,574.13,0.0
ITEM00549,ORD01080,PROD0480,4,10441.19,40.0
ITEM00550,ORD00553,PROD0381,1,18496.36,0.0
ITEM00551,ORD00430,PROD0066,1,59699.79,30.0
ITEM00552,ORD00631,PROD0484,1,57673.44,10.0
ITEM00553,ORD00628,PROD0105,4,31240.07,30.0
ITEM00554,ORD00310,PROD0046,1,38652.7,5.0
ITEM00555,ORD00020,PROD0351,3,6333.59,40.0
ITEM00556,ORD01023,PROD0109,2,2202.71,20.0
ITEM00557,ORD00969,PROD0131,3,27999.22,0.0
ITEM00558,ORD01458,PROD0221,2,58462.07,10.0
ITEM00559,ORD00508,PROD0056,4,12739.33,10.0
ITEM00560,ORD00620,PROD0288,2,19730.66,15.0
ITEM00561,ORD01394,PROD0269,3,19249.36,20.0
ITEM00562,ORD00729,PROD0021,3,39173.14,30.0
ITEM00563,ORD00802,PROD0003,4,63849.28,20.0
ITEM00564,ORD01257,PROD0176,4,61212.88,25.0
ITEM00565,ORD01162,PROD0468,5,27762.24,0.0
ITEM00566,ORD00356,PROD0024,3,1439.92,15.0
ITEM00567,ORD01022,PROD0064,3,14929.54,10.0
ITEM00568,ORD01491,PROD0356,1,7372.55,10.0
ITEM00569,ORD01174,PROD0290,1,47143.9,25.0
ITEM00570,ORD01048,PROD0147,1,3772.07,20.0
ITEM00571,ORD01440,PROD0232,5,41618.87,25.0
ITEM00572,ORD01331,PROD0207,5,26932.52,15.0
ITEM00573,ORD00502,PROD0321,5,36597.09,10.0
ITEM00574,ORD00687,PROD0193,3,44795.52,25.0
ITEM00575,ORD00507,PROD0329,5,48146.97,20.0
ITEM00576,ORD00647,PROD0347,4,64469.11,0.0
ITEM00577,ORD00526,PROD0268,5,41164.56,20.0
ITEM00578,ORD01388,PROD0297,5,18845.14,0.0
ITEM00579,ORD01247,PROD0170,3,26776.36,0.0
ITEM00580,ORD00121,PROD0257,5,40834.71,15.0
ITEM00581,ORD00010,PROD0500,2,40919.75,30.0
ITEM00582,ORD00642,PROD0056,2,10482.55,0.0
ITEM00583,ORD00017,PROD0073,4,49874.14,10.0
ITEM00584,ORD01494,PROD0287,1,62566.0,10.0
ITEM00585,ORD01114,PROD0359,5,13342.67,10.0
ITEM00586,ORD00477,PROD0204,4,32966.29,20.0
ITEM00587,ORD00531,PROD0498,4,60907.49,0.0
ITEM00588,ORD01443,PROD0111,2,37758.99,10.0
ITEM00589,ORD01354,PROD0113,5,29653.17,30.0
ITEM00590,ORD00114,PROD0333,5,25265.69,0.0
ITEM00591,ORD01017,PROD0460,-1,6652.74,25.0
ITEM00592,ORD00404,PROD0146,3,67676.24,40.0
ITEM00593,ORD01152,PROD0455,2,34018.17,30.0
ITEM00594,ORD01376,PROD0290,3,47911.4,0.0
ITEM00595,ORD00628,PROD0412,2,54308.21,10.0
ITEM00596,ORD00052,PROD0391,2,24615.0,10.0
ITEM00597,ORD00635,PROD0137,5,50477.5,5.0
ITEM00598,ORD00920,PROD0194,1,20302.47,30.0
ITEM00599,ORD00874,PROD0111,4,30441.61,25.0
ITEM00600,ORD00656,PROD0051,2,5654.9,20.0
ITEM00601,ORD00913,PROD0414,5,72785.15,5.0
ITEM00602,ORD01291,PROD0473,3,22848.31,25.0
ITEM00603,ORD00611,PROD0398,5,26786.57,0.0
ITEM00604,ORD00618,PROD0301,3,25907.16,25.0
ITEM00605,ORD01075,PROD0140,1,39483.73,25.0
ITEM00606,ORD00277,PROD0427,4,86222.81,20.0
ITEM00607,ORD01142,PROD0001,5,45256.09,10.0
ITEM00608,ORD00836,PROD0201,4,58175.13,0.0
ITEM00609,ORD01222,PROD0029,4,1990.69,10.0
ITEM00610,ORD00911,PROD0039,2,35124.0,25.0
ITEM00611,ORD00558,PROD0172,1,31690.96,0.0
ITEM00612,ORD00175,PROD0034,1,51153.14,15.0
ITEM00613,ORD01409,PROD0143,5,2207.69,0.0
ITEM00614,ORD00058,PROD0378,4,25686.09,10.0
ITEM00615,ORD00485,PROD0091,5,66254.38,0.0
ITEM00616,ORD00493,PROD0299,4,64345.48,15.0
ITEM00617,ORD00589,PROD0026,2,64385.81,15.0
ITEM00618,ORD00992,PROD0139,4,48827.39,10.0
ITEM00619,ORD01329,PROD0307,2,55473.47,0.0
ITEM00620,ORD01192,PROD0483,2,14657.93,20.0
ITEM00621,ORD01095,PROD0391,2,32525.28,10.0
ITEM00622,ORD01453,PROD0177,1,30217.8,20.0
ITEM00623,ORD00963,PROD0252,4,53495.77,30.0
ITEM00624,ORD01427,PROD0473,2,14660.37,10.0
ITEM00625,ORD00896,PROD0478,3,15657.47,0.0
ITEM00626,ORD00954,PROD0480,5,11276.5,0.0
ITEM00627,ORD00809,PROD0497,2,42769.8,10.0
ITEM00628,ORD00450,PROD0046,3,40921.32,5.0
ITEM00629,ORD00382,PROD0477,3,5198.81,30.0
ITEM00630,ORD00546,PROD0206,5,55011.13,30.0
ITEM00631,ORD01270,PROD0238,2,29175.88,15.0
ITEM00632,ORD00942,PROD0041,1,77209.97,5.0
ITEM00633,ORD00533,PROD0113,2,37847.86,25.0
ITEM00634,ORD01314,PROD0343,4,22328.9,10.0
ITEM00635,ORD00303,PROD0294,4,47192.94,0.0
ITEM00636,ORD00854,PROD0112,5,22875.36,0.0
ITEM00637,ORD00876,PROD0136,2,22071.12,25.0
ITEM00638,ORD01018,PROD0166,4,43115.04,0.0
ITEM00639,ORD00297,PROD0023,1,35702.67,10.0
ITEM00640,ORD01101,PROD0146,2,73217.55,10.0
ITEM00641,ORD00347,PROD0350,1,27832.24,5.0
ITEM00642,ORD00487,PROD0274,2,18566.31,30.0
ITEM00643,ORD01369,PROD0380,5,10065.64,0.0
ITEM00644,ORD00286,PROD0096,2,22320.28,15.0
ITEM00645,ORD01268,PROD0450,5,71812.05,10.0
ITEM00646,ORD01174,PROD0094,2,25857.59,0.0
ITEM00647,ORD01095,PROD0477,2,8217.89,10.0
ITEM00648,ORD00068,PROD0175,4,78957.48,20.0
ITEM00649,ORD01278,PROD0352,2,8147.38,20.0
ITEM00650,ORD01221,PROD0444,5,30710.62,0.0
ITEM00651,ORD00675,PROD0059,2,83210.08,10.0
ITEM00652,ORD01026,PROD0164,3,51476.04,0.0
ITEM00653,ORD00743,PROD0385,1,36682.32,10.0
ITEM00654,ORD00441,PROD0360,4,35289.7,10.0
ITEM00655,ORD01485,PROD0475,4,75852.49,10.0
ITEM00656,ORD00918,PROD0032,4,17812.71,0.0
ITEM00657,ORD00055,PROD0208,-2,33300.32,25.0
ITEM00658,ORD00009,PROD0008,1,43813.26,5.0
ITEM00659,ORD00282,PROD0074,2,19637.42,0.0
ITEM00660,ORD00088,PROD0323,2,727.03,0.0
ITEM00661,ORD01360,PROD0202,3,65019.84,0.0
ITEM00662,ORD00634,PROD0172,4,27258.68,30.0
ITEM00663,ORD00116,PROD0352,5,6615.74,0.0
ITEM00664,ORD00795,PROD0038,-2,35006.67,0.0
ITEM00665,ORD01020,PROD0293,5,13595.51,5.0
ITEM00666,ORD00775,PROD0234,1,59346.47,10.0
ITEM00667,ORD00626,PROD0274,3,27918.22,0.0
ITEM00668,ORD00274,PROD0320,3,56066.88,20.0
ITEM00669,ORD00499,PROD0445,2,13064.32,0.0
ITEM00670,ORD01341,PROD0471,3,49115.87,20.0
ITEM00671,ORD00560,PROD0488,2,33841.72,15.0
ITEM00672,ORD00480,PROD0278,5,50857.43,20.0
ITEM00673,ORD00271,PROD0129,3,30250.25,15.0
ITEM00674,ORD01246,PROD0153,3,4047.46,25.0
ITEM00675,ORD00242,PROD0313,1,59150.68,15.0
ITEM00676,ORD01029,PROD0146,5,51700.04,10.0
ITEM00677,ORD01050,PROD0493,1,35209.19,15.0
ITEM00678,ORD00745,PROD0226,2,39483.45,0.0
ITEM00679,ORD01430,PROD0279,4,51432.5,10.0
ITEM00680,ORD01407,PROD0277,2,38740.28,0.0
ITEM00681,ORD00439,PROD0316,4,21069.34,20.0
ITEM00682,ORD00362,PROD0494,4,24143.77,10.0
ITEM00683,ORD00177,PROD0273,5,4617.61,0.0
ITEM00684,ORD01331,PROD0320,4,55007.83,10.0
ITEM00685,ORD00636,PROD0368,2,83772.27,5.0
ITEM00686,ORD01051,PROD0296,1,52707.51,20.0
ITEM00687,ORD00025,PROD0273,5,4145.23,0.0
ITEM00688,ORD01026,PROD0330,2,47488.72,5.0
ITEM00689,ORD00185,PROD0357,1,9328.44,15.0
ITEM00690,ORD00111,PROD0445,4,16729.96,5.0
ITEM00691,ORD00501,PROD0318,4,17054.61,10.0
ITEM00692,ORD01315,PROD0016,2,6490.48,0.0
ITEM00693,ORD01233,PROD0278,3,42897.99,25.0
ITEM00694,ORD00161,PROD0138,5,59146.41,5.0
ITEM00695,ORD00798,PROD0304,-2,63270.85,5.0
ITEM00696,ORD01240,PROD0418,2,38193.08,15.0
ITEM00697,ORD00723,PROD0325,5,774.44,20.0
ITEM00698,ORD00403,PROD0434,4,5034.15,25.0
ITEM00699,ORD01390,PROD0114,2,3626.85,10.0
ITEM00700,ORD00679,PROD0462,1,11040.96,5.0
ITEM00701,ORD01191,PROD0085,3,27932.36,0.0
ITEM00702,ORD00753,PROD0390,4,49829.11,0.0
ITEM00703,ORD00424,PROD0484,2,63854.41,40.0
ITEM00704,ORD00668,PROD0088,5,3251.18,0.0
ITEM00705,ORD00079,PROD0356,5,8598.02,15.0
ITEM00706,ORD01224,PROD0352,2,7087.19,25.0
ITEM00707,ORD01313,PROD0482,5,55673.51,20.0
ITEM00708,ORD00933,PROD0190,4,55504.47,10.0
ITEM00709,ORD00532,PROD0490,-5,21794.47,5.0
ITEM00710,ORD01128,PROD0313,4,52566.38,20.0
ITEM00711,ORD00191,PROD0148,2,9783.61,0.0
ITEM00712,ORD00853,PROD0157,1,77097.49,25.0
ITEM00713,ORD00384,PROD0458,5,43245.99,0.0
ITEM00714,ORD00419,PROD0427,4,52602.93,10.0
ITEM00715,ORD01475,PROD0085,5,23872.55,25.0
ITEM00716,ORD00986,PROD0171,3,21137.88,20.0
ITEM00717,ORD01023,PROD0045,2,3016.54,5.0
ITEM00718,ORD01220,PROD0046,4,29261.0,0.0
ITEM00719,ORD00539,PROD0424,1,17745.03,0.0
ITEM00720,ORD00842,PROD0089,2,13873.7,25.0
ITEM00721,ORD00187,PROD0244,5,54407.95,0.0
ITEM00722,ORD00097,PROD0409,3,31537.21,0.0
ITEM00723,ORD00223,PROD0492,2,8396.21,15.0
ITEM00724,ORD00577,PROD0330,3,68437.12,40.0
ITEM00725,ORD01012,PROD0406,3,31813.52,0.0
ITEM00726,ORD01337,PROD0197,1,48023.15,15.0
ITEM00727,ORD00294,PROD0269,1,15869.71,15.0
ITEM00728,ORD00647,PROD0428,4,140.71,0.0
ITEM00729,ORD01391,PROD0185,5,48796.41,10.0
ITEM00730,ORD00093,PROD0439,4,65421.34,0.0
ITEM00731,ORD00643,PROD0071,5,76324.77,25.0
ITEM00732,ORD00711,PROD0415,4,80882.85,0.0
ITEM00733,ORD01241,PROD0167,5,53492.74,10.0
ITEM00734,ORD01462,PROD0406,5,48169.44,10.0
ITEM00735,ORD01080,PROD0153,2,4008.98,10.0
ITEM00736,ORD01332,PROD0173,3,62449.11,10.0
ITEM00737,ORD00691,PROD0174,4,5723.58,40.0
ITEM00738,ORD01107,PROD0408,5,9236.85,0.0
ITEM00739,ORD00432,PROD0258,5,15696.76,30.0
ITEM00740,ORD00707,PROD0496,4,46240.52,50.0
ITEM00741,ORD01056,PROD0014,1,21643.34,30.0
ITEM00742,ORD00565,PROD0022,3,58380.04,5.0
ITEM00743,ORD00948,PROD0118,2,55631.82,0.0
ITEM00744,ORD00222,PROD0122,1,38468.65,20.0
ITEM00745,ORD00735,PROD0445,2,16272.22,0.0
ITEM00746,ORD00233,PROD0175,5,68645.96,0.0
ITEM00747,ORD00396,PROD0325,2,586.05,15.0
ITEM00748,ORD01215,PROD0146,5,50255.34,10.0
ITEM00749,ORD00421,PROD0197,5,41977.85,50.0
ITEM00750,ORD00471,PROD0252,2,37439.81,10.0
ITEM00751,ORD01367,PROD0461,4,48423.14,20.0
ITEM00752,ORD01115,PROD0150,2,48774.53,20.0
ITEM00753,ORD00308,PROD0067,5,59878.81,50.0
ITEM00754,ORD01280,PROD0361,3,55909.62,0.0
ITEM00755,ORD00022,PROD0487,5,59151.41,0.0
ITEM00756,ORD00377,PROD0417,5,14844.89,25.0
ITEM00757,ORD01368,PROD0055,2,1383.08,25.0
ITEM00758,ORD01422,PROD0065,2,27421.13,25.0
ITEM00759,ORD00433,PROD0331,3,23942.21,15.0
ITEM00760,ORD00179,PROD0031,1,13725.06,30.0
ITEM00761,ORD01461,PROD0267,3,19164.01,10.0
ITEM00762,ORD00967,PROD0105,4,38319.89,5.0
ITEM00763,ORD00684,PROD0273,4,3729.85,10.0
ITEM00764,ORD00452,PROD0362,4,24475.76,0.0
ITEM00765,ORD00501,PROD0093,4,35919.94,10.0
ITEM00766,ORD00369,PROD0134,3,67076.39,10.0
ITEM00767,ORD00657,PROD0137,4,65587.02,0.0
ITEM00768,ORD00771,PROD0293,3,21690.66,0.0
ITEM00769,ORD01271,PROD0047,4,72191.1,5.0
ITEM00770,ORD00032,PROD0337,1,69714.82,5.0
ITEM00771,ORD00368,PROD0282,4,36442.12,40.0
ITEM00772,ORD01439,PROD0331,-1,33020.51,10.0
ITEM00773,ORD00289,PROD0111,2,34997.15,30.0
ITEM00774,ORD00273,PROD0336,2,17717.53,40.0
ITEM00775,ORD01017,PROD0475,-2,42649.27,0.0
ITEM00776,ORD00099,PROD0296,5,81148.29,0.0
ITEM00777,ORD01481,PROD0211,1,17106.94,20.0
ITEM00778,ORD00244,PROD0410,5,56888.96,0.0
ITEM00779,ORD00993,PROD0156,5,2847.27,0.0
ITEM00780,ORD01294,PROD0460,3,5171.04,20.0
ITEM00781,ORD01347,PROD0126,5,72217.86,0.0
ITEM00782,ORD00325,PROD0285,3,16539.92,10.0
ITEM00783,ORD00703,PROD0251,4,62575.9,20.0
ITEM00784,ORD01086,PROD0452,2,55580.13,25.0
ITEM00785,ORD00864,PROD0149,1,44807.29,10.0
ITEM00786,ORD01397,PROD0134,5,71140.91,25.0
ITEM00787,ORD00561,PROD0397,1,37376.47,0.0
ITEM00788,ORD01045,PROD0229,5,75004.96,10.0
ITEM00789,ORD00639,PROD0096,4,30928.67,0.0
ITEM00790,ORD00287,PROD0029,5,2312.14,10.0
ITEM00791,ORD00076,PROD0270,1,41345.72,0.0
ITEM00792,ORD00559,PROD0363,3,28977.45,0.0
ITEM00793,ORD01218,PROD0488,5,32968.42,0.0
ITEM00794,ORD00540,PROD0077,1,18599.83,0.0
ITEM00795,ORD01323,PROD0187,1,54345.89,10.0
ITEM00796,ORD01148,PROD0089,1,10983.46,0.0
ITEM00797,ORD01077,PROD0284,4,27372.2,10.0
ITEM00798,ORD01196,PROD0260,4,65357.35,5.0
ITEM00799,ORD00581,PROD0108,3,41363.13,15.0
ITEM00800,ORD01473,PROD0183,-5,53611.6,5.0
ITEM00801,ORD00091,PROD0032,1,22185.68,0.0
ITEM00802,ORD00060,PROD0143,2,3743.57,30.0
ITEM00803,ORD00577,PROD0331,5,25415.49,25.0
ITEM00804,ORD00491,PROD0294,4,33043.45,0.0
ITEM00805,ORD00896,PROD0428,2,218.32,25.0
ITEM00806,ORD01446,PROD0293,1,21251.36,0.0
ITEM00807,ORD00240,PROD0077,2,27832.64,20.0
ITEM00808,ORD00701,PROD0374,3,70791.67,15.0
ITEM00809,ORD00471,PROD0048,4,25826.58,0.0
ITEM00810,ORD00336,PROD0445,2,20719.09,0.0
ITEM00811,ORD00854,PROD0422,1,38220.4,10.0
ITEM00812,ORD00879,PROD0241,5,31745.55,10.0
ITEM00813,ORD00229,PROD0312,2,33591.42,5.0
ITEM00814,ORD00742,PROD0325,2,487.64,0.0
ITEM00815,ORD00454,PROD0081,4,4046.26,10.0
ITEM00816,ORD00565,PROD0386,1,76656.86,0.0
ITEM00817,ORD00023,PROD0395,1,56265.65,0.0
ITEM00818,ORD00865,PROD0196,2,13636.55,30.0
ITEM00819,ORD00548,PROD0022,1,56885.31,10.0
ITEM00820,ORD00791,PROD0371,5,43782.53,20.0
ITEM00821,ORD01493,PROD0478,5,12606.68,20.0
ITEM00822,ORD00870,PROD0110,5,34415.52,0.0
ITEM00823,ORD01019,PROD0195,5,22973.33,0.0
ITEM00824,ORD00893,PROD0092,3,37987.52,20.0
ITEM00825,ORD01353,PROD0054,3,46451.82,0.0
ITEM00826,ORD00642,PROD0047,5,62693.5,15.0
ITEM00827,ORD00670,PROD0321,3,38932.07,25.0
ITEM00828,ORD00600,PROD0296,2,70272.06,0.0
ITEM00829,ORD01218,PROD0147,1,3352.49,25.0
ITEM00830,ORD00349,PROD0303,3,14659.28,50.0
ITEM00831,ORD00101,PROD0180,1,21730.45,25.0
ITEM00832,ORD00542,PROD0377,2,40799.87,20.0
ITEM00833,ORD01352,PROD0292,2,19006.4,20.0
ITEM00834,ORD00757,PROD0299,1,50854.49,20.0
ITEM00835,ORD00067,PROD0118,1,67475.93,0.0
ITEM00836,ORD00497,PROD0098,3,59023.53,10.0
ITEM00837,ORD00567,PROD0277,3,30865.22,20.0
ITEM00838,ORD00597,PROD0067,1,54020.06,0.0
ITEM00839,ORD01408,PROD0039,2,57064.28,0.0
ITEM00840,ORD00799,PROD0247,4,61353.85,0.0
ITEM00841,ORD01467,PROD0315,2,43518.89,10.0
ITEM00842,ORD00200,PROD0143,5,2173.83,15.0
ITEM00843,ORD01043,PROD0227,1,30474.93,10.0
ITEM00844,ORD00888,PROD0442,4,47494.87,0.0
ITEM00845,ORD00976,PROD0065,5,40246.8,15.0
ITEM00846,ORD00066,PROD0462,3,6815.92,0.0
ITEM00847,ORD01216,PROD0443,1,52488.43,0.0
ITEM00848,ORD00244,PROD0364,1,15902.39,0.0
ITEM00849,ORD01444,PROD0064,3,14497.93,30.0
ITEM00850,ORD00390,PROD0208,5,41743.1,30.0
ITEM00851,ORD00401,PROD0328,4,65238.17,30.0
ITEM00852,ORD01356,PROD0158,3,5076.33,10.0
ITEM00853,ORD01361,PROD0347,3,67885.78,5.0
ITEM00854,ORD00970,PROD0218,2,35268.59,0.0
ITEM00855,ORD00474,PROD0431,3,20997.55,10.0
ITEM00856,ORD01195,PROD0002,5,48359.03,0.0
ITEM00857,ORD00281,PROD0061,5,72749.33,0.0
ITEM00858,ORD00257,PROD0107,4,33428.04,10.0
ITEM00859,ORD00350,PROD0052,3,23398.86,20.0
ITEM00860,ORD01055,PROD0047,4,71270.85,10.0
ITEM00861,ORD00033,PROD0279,1,39037.62,25.0
ITEM00862,ORD00583,PROD0344,1,42788.12,0.0
ITEM00863,ORD00045,PROD0016,1,7163.88,40.0
ITEM00864,ORD01398,PROD0361,1,51572.84,0.0
ITEM00865,ORD00392,PROD0022,1,69173.8,0.0
ITEM00866,ORD01019,PROD0237,3,50214.17,0.0
ITEM00867,ORD01422,PROD0025,-3,49022.8,5.0
ITEM00868,ORD00265,PROD0272,4,48702.5,5.0
ITEM00869,ORD00113,PROD0411,-1,55861.46,20.0
ITEM00870,ORD01448,PROD0013,4,17091.14,0.0
ITEM00871,ORD00993,PROD0273,-3,5612.54,10.0
ITEM00872,ORD00684,PROD0361,3,66528.85,10.0
ITEM00873,ORD00867,PROD0105,1,26453.72,5.0
ITEM00874,ORD01485,PROD0344,2,54657.91,15.0
ITEM00875,ORD00453,PROD0081,4,6191.82,30.0
ITEM00876,ORD01305,PROD0430,4,6689.55,10.0
ITEM00877,ORD00551,PROD0077,5,19363.51,0.0
ITEM00878,ORD01482,PROD0124,4,29922.42,0.0
ITEM00879,ORD00380,PROD0030,4,85190.25,10.0
ITEM00880,ORD00631,PROD0052,3,21443.27,15.0
ITEM00881,ORD00457,PROD0013,1,27358.25,0.0
ITEM00882,ORD00248,PROD0302,4,40835.98,0.0
ITEM00883,ORD00387,PROD0130,3,40161.1,10.0
ITEM00884,ORD00826,PROD0279,5,63128.56,0.0
ITEM00885,ORD00711,PROD0367,3,70673.71,10.0
ITEM00886,ORD01089,PROD0162,1,53818.92,5.0
ITEM00887,ORD00232,PROD0089,5,11024.29,15.0
ITEM00888,ORD00113,PROD0020,3,6515.23,15.0
ITEM00889,ORD00794,PROD0307,4,75558.47,20.0
ITEM00890,ORD00854,PROD0271,2,71276.66,15.0
ITEM00891,ORD00482,PROD0102,4,52081.45,15.0
ITEM00892,ORD01363,PROD0417,5,17438.53,10.0
ITEM00893,ORD01486,PROD0150,4,34537.16,40.0
ITEM00894,ORD01433,PROD0077,3,21426.07,40.0
ITEM00895,ORD00404,PROD0249,3,49267.55,0.0
ITEM00896,ORD00919,PROD0426,3,2820.09,10.0
ITEM00897,ORD00037,PROD0108,5,42311.44,15.0
ITEM00898,ORD00970,PROD0305,5,3412.08,30.0
ITEM00899,ORD01184,PROD0313,1,56879.82,0.0
ITEM00900,ORD01462,PROD0422,2,57637.83,30.0
ITEM00901,ORD00335,PROD0435,2,923.54,0.0
ITEM00902,ORD00058,PROD0240,4,18873.19,25.0
ITEM00903,ORD00569,PROD0277,1,40210.8,0.0
ITEM00904,ORD00089,PROD0029,1,3076.91,15.0
ITEM00905,ORD00695,PROD0339,1,46191.2,25.0
ITEM00906,ORD00480,PROD0462,1,11106.87,0.0
ITEM00907,ORD00843,PROD0351,5,7269.43,10.0
ITEM00908,ORD00517,PROD0305,5,3902.06,10.0
ITEM00909,ORD00123,PROD0076,1,14079.06,40.0
ITEM00910,ORD01258,PROD0493,5,21482.14,10.0
ITEM00911,ORD00112,PROD0301,5,28079.84,0.0
ITEM00912,ORD00268,PROD0421,5,28955.1,30.0
ITEM00913,ORD00584,PROD0458,5,36913.49,0.0
ITEM00914,ORD00768,PROD0389,3,22182.82,10.0
ITEM00915,ORD01499,PROD0378,5,35842.18,50.0
ITEM00916,ORD00314,PROD0498,4,49759.42,30.0
ITEM00917,ORD01314,PROD0277,1,27066.49,0.0
ITEM00918,ORD00506,PROD0024,3,1649.28,10.0
ITEM00919,ORD00341,PROD0048,2,34803.75,25.0
ITEM00920,ORD01171,PROD0195,3,26329.39,10.0
ITEM00921,ORD01367,PROD0047,1,82829.51,30.0
ITEM00922,ORD01060,PROD0262,5,7938.37,0.0
ITEM00923,ORD00290,PROD0085,4,34371.7,10.0
ITEM00924,ORD00758,PROD0259,4,42565.2,10.0
ITEM00925,ORD00816,PROD0344,-4,58092.36,15.0
ITEM00926,ORD00336,PROD0026,5,49028.73,5.0
ITEM00927,ORD00550,PROD0366,1,21419.48,20.0
ITEM00928,ORD00004,PROD0217,4,41174.58,0.0
ITEM00929,ORD00716,PROD0461,2,46183.29,0.0
ITEM00930,ORD00501,PROD0146,5,62569.62,10.0
ITEM00931,ORD00811,PROD0171,3,22799.29,0.0
ITEM00932,ORD00017,PROD0477,4,6286.12,0.0
ITEM00933,ORD00063,PROD0328,5,49289.52,30.0
ITEM00934,ORD00554,PROD0360,5,36290.89,5.0
ITEM00935,ORD00674,PROD0280,3,21564.4,30.0
ITEM00936,ORD01263,PROD0220,4,6881.12,10.0
ITEM00937,ORD00073,PROD0078,1,31340.34,0.0
ITEM00938,ORD00860,PROD0174,2,3866.16,0.0
ITEM00939,ORD00557,PROD0478,2,13530.21,25.0
ITEM00940,ORD00087,PROD0209,5,18513.11,0.0
ITEM00941,ORD01418,PROD0258,2,25526.28,0.0
ITEM00942,ORD01285,PROD0205,5,45262.3,0.0
ITEM00943,ORD00786,PROD0022,-2,89328.4,50.0
ITEM00944,ORD00713,PROD0203,5,5391.35,10.0
ITEM00945,ORD01287,PROD0295,1,31607.8,15.0
ITEM00946,ORD00632,PROD0033,1,44704.53,0.0
ITEM00947,ORD00710,PROD0425,2,32075.08,5.0
ITEM00948,ORD00974,PROD0387,2,17646.95,50.0
ITEM00949,ORD00971,PROD0448,4,39128.37,0.0
ITEM00950,ORD01041,PROD0110,4,46500.82,30.0
ITEM00951,ORD00769,PROD0175,2,56713.53,0.0
ITEM00952,ORD00458,PROD0131,5,20344.98,0.0
ITEM00953,ORD00449,PROD0171,1,23470.2,30.0
ITEM00954,ORD00837,PROD0185,3,77072.04,20.0
ITEM00955,ORD01411,PROD0254,1,54112.26,15.0
ITEM00956,ORD00981,PROD0220,1,8508.02,25.0
ITEM00957,ORD00724,PROD0357,1,9453.4,20.0
ITEM00958,ORD00285,PROD0214,1,14927.88,10.0
ITEM00959,ORD00030,PROD0380,1,8523.21,20.0
ITEM00960,ORD00424,PROD0065,5,37140.32,10.0
ITEM00961,ORD00844,PROD0386,1,72003.39,10.0
ITEM00962,ORD00140,PROD0490,1,28909.23,25.0
ITEM00963,ORD00296,PROD0237,2,53365.87,0.0
ITEM00964,ORD00271,PROD0041,4,70394.53,10.0
ITEM00965,ORD01111,PROD0054,3,68228.53,15.0
ITEM00966,ORD00280,PROD0471,4,63151.74,40.0
ITEM00967,ORD01094,PROD0280,5,24128.91,15.0
ITEM00968,ORD00904,PROD0469,5,14336.59,5.0
ITEM00969,ORD01132,PROD0317,3,28663.37,30.0
ITEM00970,ORD00900,PROD0196,1,15027.28,5.0
ITEM00971,ORD01102,PROD0302,3,35432.65,25.0
ITEM00972,ORD01295,PROD0026,5,43836.45,0.0
ITEM00973,ORD01096,PROD0307,1,70271.91,25.0
ITEM00974,ORD00346,PROD0400,3,60789.81,0.0
ITEM00975,ORD00924,PROD0476,1,59701.77,5.0
ITEM00976,ORD00196,PROD0037,4,42161.44,15.0
ITEM00977,ORD01208,PROD0032,5,15873.85,10.0
ITEM00978,ORD01494,PROD0395,4,50779.22,0.0
ITEM00979,ORD01306,PROD0161,2,2391.08,0.0
ITEM00980,ORD00207,PROD0297,3,17377.44,10.0
ITEM00981,ORD01397,PROD0195,1,25172.87,0.0
ITEM00982,ORD00904,PROD0336,3,18397.08,25.0
ITEM00983,ORD00265,PROD0153,5,3366.5,0.0
ITEM00984,ORD00685,PROD0025,4,36432.8,50.0
ITEM00985,ORD00637,PROD0350,5,39551.96,15.0
ITEM00986,ORD00251,PROD0221,1,58068.64,5.0
ITEM00987,ORD00614,PROD0224,1,9471.97,25.0
ITEM00988,ORD01127,PROD0477,4,5723.65,25.0
ITEM00989,ORD00993,PROD0251,3,63593.77,10.0
ITEM00990,ORD01221,PROD0015,3,43165.09,20.0
ITEM00991,ORD01369,PROD0494,5,18939.45,25.0
ITEM00992,ORD00748,PROD0015,2,39626.61,25.0
ITEM00993,ORD01069,PROD0190,4,51711.68,25.0
ITEM00994,ORD01121,PROD0402,2,23520.79,20.0
ITEM00995,ORD00234,PROD0173,1,69358.77,0.0
ITEM00996,ORD00847,PROD0324,5,40839.65,5.0
ITEM00997,ORD00833,PROD0474,4,27180.97,0.0
ITEM00998,ORD00097,PROD0096,-2,23070.87,0.0
ITEM00999,ORD01186,PROD0494,-4,26102.37,10.0
ITEM01000,ORD00852,PROD0452,4,55099.35,5.0
ITEM01001,ORD00524,PROD0069,5,26481.03,0.0
ITEM01002,ORD00874,PROD0015,2,31837.93,0.0
ITEM01003,ORD01290,PROD0052,5,18365.89,25.0
ITEM01004,ORD00832,PROD0129,5,30708.92,15.0
ITEM01005,ORD00963,PROD0031,5,10517.55,0.0
ITEM01006,ORD00005,PROD0243,4,22222.4,10.0
ITEM01007,ORD01216,PROD0254,2,87932.84,0.0
ITEM01008,ORD00453,PROD0041,5,58900.58,30.0
ITEM01009,ORD00120,PROD0184,1,47281.26,30.0
ITEM01010,ORD00086,PROD0140,4,35615.56,20.0
ITEM01011,ORD00922,PROD0437,4,22575.82,0.0
ITEM01012,ORD00003,PROD0374,2,43462.43,0.0
ITEM01013,ORD00805,PROD0271,4,47353.81,5.0
ITEM01014,ORD00945,PROD0221,5,52908.37,20.0
ITEM01015,ORD00047,PROD0444,1,29598.28,10.0
ITEM01016,ORD00016,PROD0180,2,24566.16,5.0
ITEM01017,ORD01130,PROD0136,-2,26421.9,5.0
ITEM01018,ORD01025,PROD0064,2,22233.5,10.0
ITEM01019,ORD00585,PROD0450,3,61755.69,0.0
ITEM01020,ORD01327,PROD0347,3,73558.29,5.0
ITEM01021,ORD00508,PROD0189,4,19855.37,5.0
ITEM01022,ORD00209,PROD0075,1,53461.82,0.0
ITEM01023,ORD00110,PROD0484,4,57698.53,0.0
ITEM01024,ORD00171,PROD0276,4,63130.16,15.0
ITEM01025,ORD01252,PROD0318,1,21494.75,10.0
ITEM01026,ORD01433,PROD0462,2,10263.87,0.0
ITEM01027,ORD00948,PROD0151,2,52749.6,10.0
ITEM01028,ORD01083,PROD0016,5,4831.68,10.0
ITEM01029,ORD00497,PROD0351,1,5246.74,30.0
ITEM01030,ORD00752,PROD0182,5,10219.28,0.0
ITEM01031,ORD00981,PROD0434,4,4347.02,40.0
ITEM01032,ORD00760,PROD0424,3,14445.13,20.0
ITEM01033,ORD00366,PROD0100,5,11854.42,50.0
ITEM01034,ORD01431,PROD0118,5,47540.83,10.0
ITEM01035,ORD00108,PROD0075,2,37963.29,5.0
ITEM01036,ORD00733,PROD0118,1,64757.93,0.0
ITEM01037,ORD00124,PROD0472,1,20026.13,10.0
ITEM01038,ORD01420,PROD0367,4,83014.22,10.0
ITEM01039,ORD00732,PROD0147,1,3645.47,25.0
ITEM01040,ORD00782,PROD0177,3,54034.46,0.0
ITEM01041,ORD00256,PROD0470,3,19768.34,0.0
ITEM01042,ORD01368,PROD0219,5,4062.41,0.0
ITEM01043,ORD00626,PROD0274,1,29416.65,10.0
ITEM01044,ORD00599,PROD0318,5,15789.29,0.0
ITEM01045,ORD00138,PROD0329,3,50310.85,0.0
ITEM01046,ORD01494,PROD0306,5,10811.84,10.0
ITEM01047,ORD00338,PROD0258,3,20192.14,25.0
ITEM01048,ORD01162,PROD0377,5,34913.72,10.0
ITEM01049,ORD00976,PROD0218,5,37752.58,10.0
ITEM01050,ORD00788,PROD0080,5,31546.32,0.0
ITEM01051,ORD00649,PROD0162,2,62370.21,25.0
ITEM01052,ORD01349,PROD0054,4,50707.44,15.0
ITEM01053,ORD01130,PROD0130,1,51087.14,25.0
ITEM01054,ORD00992,PROD0442,5,51135.72,10.0
ITEM01055,ORD01247,PROD0494,3,21064.7,0.0
ITEM01056,ORD00428,PROD0068,5,36149.79,15.0
ITEM01057,ORD01007,PROD0304,5,65457.83,0.0
ITEM01058,ORD00049,PROD0291,2,5903.62,40.0
ITEM01059,ORD00272,PROD0331,4,36771.44,0.0
ITEM01060,ORD01296,PROD0472,5,19578.9,0.0
ITEM01061,ORD00905,PROD0089,5,15202.18,30.0
ITEM01062,ORD01090,PROD0365,2,56226.5,0.0
ITEM01063,ORD01082,PROD0063,1,17350.62,0.0
ITEM01064,ORD01287,PROD0118,1,42919.32,0.0
ITEM01065,ORD00600,PROD0355,-4,42419.42,10.0
ITEM01066,ORD01364,PROD0059,1,50761.73,10.0
ITEM01067,ORD01362,PROD0324,5,47790.18,30.0
ITEM01068,ORD00278,PROD0347,4,57730.29,0.0
ITEM01069,ORD01497,PROD0281,3,54558.81,0.0
ITEM01070,ORD00575,PROD0197,3,52786.45,0.0
ITEM01071,ORD00964,PROD0371,5,40746.93,0.0
ITEM01072,ORD00808,PROD0164,1,59153.18,10.0
ITEM01073,ORD01059,PROD0387,4,10100.71,0.0
ITEM01074,ORD00657,PROD0401,5,40715.39,15.0
ITEM01075,ORD01014,PROD0100,4,14539.04,25.0
ITEM01076,ORD01046,PROD0302,1,36760.96,0.0
ITEM01077,ORD01048,PROD0102,1,60485.54,10.0
ITEM01078,ORD00984,PROD0385,2,35679.95,0.0
ITEM01079,ORD00121,PROD0419,3,39234.13,40.0
ITEM01080,ORD00947,PROD0302,1,38272.82,5.0
ITEM01081,ORD00086,PROD0463,4,40384.46,10.0
ITEM01082,ORD00462,PROD0460,4,7055.61,0.0
ITEM01083,ORD00152,PROD0038,4,24710.94,30.0
ITEM01084,ORD01463,PROD0154,-1,66428.36,20.0
ITEM01085,ORD00491,PROD0457,2,91790.26,50.0
ITEM01086,ORD00290,PROD0001,5,75050.86,5.0
ITEM01087,ORD01226,PROD0205,5,47376.21,0.0
ITEM01088,ORD00505,PROD0317,5,27358.62,15.0
ITEM01089,ORD00066,PROD0189,2,26330.74,10.0
ITEM01090,ORD01200,PROD0281,5,59562.62,0.0
ITEM01091,ORD00239,PROD0274,5,27257.18,15.0
ITEM01092,ORD01066,PROD0082,4,25790.46,20.0
ITEM01093,ORD00797,PROD0271,4,46798.28,10.0
ITEM01094,ORD00932,PROD0267,5,27762.58,0.0
ITEM01095,ORD00339,PROD0271,4,71448.63,20.0
ITEM01096,ORD01289,PROD0038,3,31800.53,25.0
ITEM01097,ORD01284,PROD0220,4,7743.87,25.0
ITEM01098,ORD01323,PROD0292,4,17515.41,0.0
ITEM01099,ORD01089,PROD0305,1,3292.95,40.0
ITEM01100,ORD00851,PROD0068,3,28066.48,10.0
ITEM01101,ORD01062,PROD0494,5,24369.19,10.0
ITEM01102,ORD00602,PROD0447,1,30978.7,5.0
ITEM01103,ORD00152,PROD0041,1,75096.86,20.0
ITEM01104,ORD01416,PROD0460,2,6692.12,40.0
ITEM01105,ORD00705,PROD0402,3,29310.62,10.0
ITEM01106,ORD00086,PROD0498,4,62811.94,10.0
ITEM01107,ORD00113,PROD0149,-2,58914.45,10.0
ITEM01108,ORD01101,PROD0198,1,13380.64,0.0
ITEM01109,ORD01306,PROD0345,5,30638.21,0.0
ITEM01110,ORD00063,PROD0048,5,31044.76,10.0
ITEM01111,ORD01411,PROD0071,2,58559.48,0.0
ITEM01112,ORD00642,PROD0309,3,84201.42,10.0
ITEM01113,ORD00732,PROD0039,3,45132.14,20.0
ITEM01114,ORD00768,PROD0188,2,29571.15,0.0
ITEM01115,ORD00903,PROD0284,3,25079.73,5.0
ITEM01116,ORD00363,PROD0427,3,81286.71,10.0
ITEM01117,ORD01386,PROD0259,-5,41814.02,0.0
ITEM01118,ORD01062,PROD0433,4,62624.79,25.0
ITEM01119,ORD01250,PROD0364,1,13667.22,0.0
ITEM01120,ORD00708,PROD0205,3,37131.58,10.0
ITEM01121,ORD00448,PROD0487,2,34450.19,0.0
ITEM01122,ORD00710,PROD0070,4,43754.05,50.0
ITEM01123,ORD01322,PROD0258,5,16095.89,15.0
ITEM01124,ORD01021,PROD0455,3,35062.56,0.0
ITEM01125,ORD00976,PROD0046,5,32313.83,0.0
ITEM01126,ORD01464,PROD0353,4,37617.15,0.0
ITEM01127,ORD01128,PROD0070,1,64771.65,5.0
ITEM01128,ORD00069,PROD0479,3,27679.25,0.0
ITEM01129,ORD01207,PROD0034,3,40950.56,40.0
ITEM01130,ORD00156,PROD0329,1,50623.16,0.0
ITEM01131,ORD00788,PROD0295,1,39113.82,15.0
ITEM01132,ORD00092,PROD0433,1,50407.28,50.0
ITEM01133,ORD00010,PROD0337,2,51237.24,10.0
ITEM01134,ORD00767,PROD0383,3,6151.9,0.0
ITEM01135,ORD00558,PROD0419,4,40136.78,0.0
ITEM01136,ORD01302,PROD0292,1,14166.9,0.0
ITEM01137,ORD00289,PROD0037,5,50548.18,5.0
ITEM01138,ORD00196,PROD0008,4,33789.27,0.0
ITEM01139,ORD01337,PROD0359,1,22072.19,25.0
ITEM01140,ORD00367,PROD0294,5,43066.44,20.0
ITEM01141,ORD00296,PROD0358,2,27133.46,20.0
ITEM01142,ORD00042,PROD0268,-5,45886.98,10.0
ITEM01143,ORD00464,PROD0110,4,57262.15,5.0
ITEM01144,ORD01073,PROD0305,4,3339.24,20.0
ITEM01145,ORD01171,PROD0212,1,43721.06,40.0
ITEM01146,ORD00277,PROD0407,2,62789.26,40.0
ITEM01147,ORD00765,PROD0104,5,65532.36,0.0
ITEM01148,ORD00168,PROD0462,1,10248.13,0.0
ITEM01149,ORD00720,PROD0171,3,14810.4,20.0
ITEM01150,ORD00465,PROD0340,2,12764.41,15.0
ITEM01151,ORD00222,PROD0036,3,38568.19,0.0
ITEM01152,ORD00561,PROD0452,3,65059.84,10.0
ITEM01153,ORD00534,PROD0269,2,18613.49,5.0
ITEM01154,ORD00378,PROD0471,5,53585.38,0.0
ITEM01155,ORD01116,PROD0442,5,39115.51,10.0
ITEM01156,ORD00850,PROD0382,2,33444.83,10.0
ITEM01157,ORD00629,PROD0113,3,42468.45,30.0
ITEM01158,ORD01083,PROD0477,2,6593.52,10.0
ITEM01159,ORD00192,PROD0496,2,49597.24,5.0
ITEM01160,ORD00500,PROD0409,3,40814.77,10.0
ITEM01161,ORD00590,PROD0071,3,62274.86,5.0
ITEM01162,ORD00567,PROD0229,3,83798.87,20.0
ITEM01163,ORD00912,PROD0202,5,54053.72,5.0
ITEM01164,ORD00458,PROD0041,4,67046.81,0.0
ITEM01165,ORD00284,PROD0290,1,36667.76,10.0
ITEM01166,ORD00972,PROD0277,3,42024.23,0.0
ITEM01167,ORD00781,PROD0253,3,71826.11,20.0
ITEM01168,ORD01281,PROD0342,1,5209.88,30.0
ITEM01169,ORD00794,PROD0052,1,30471.53,10.0
ITEM01170,ORD01048,PROD0260,1,67808.26,15.0
ITEM01171,ORD00193,PROD0352,3,5513.54,25.0
ITEM01172,ORD00920,PROD0361,4,87337.0,0.0
ITEM01173,ORD00621,PROD0360,1,27218.92,10.0
ITEM01174,ORD00288,PROD0318,2,17486.63,5.0
ITEM01175,ORD01434,PROD0471,1,84305.9,15.0
ITEM01176,ORD00433,PROD0001,2,78219.28,0.0
ITEM01177,ORD01098,PROD0462,5,7885.24,5.0
ITEM01178,ORD00368,PROD0493,2,22128.69,25.0
ITEM01179,ORD00448,PROD0389,1,33721.45,0.0
ITEM01180,ORD00399,PROD0057,2,34865.71,30.0
ITEM01181,ORD00331,PROD0178,5,60514.35,0.0
ITEM01182,ORD01065,PROD0325,3,752.58,0.0
ITEM01183,ORD01085,PROD0145,4,13794.48,0.0
ITEM01184,ORD01213,PROD0227,2,30243.43,10.0
ITEM01185,ORD00995,PROD0282,3,22080.99,20.0
ITEM01186,ORD00246,PROD0303,1,19674.71,30.0
ITEM01187,ORD00838,PROD0342,1,4643.78,0.0
ITEM01188,ORD01060,PROD0202,5,51566.86,0.0
ITEM01189,ORD00728,PROD0156,1,3903.27,0.0
ITEM01190,ORD00645,PROD0460,1,6719.67,0.0
ITEM01191,ORD00298,PROD0065,2,41756.67,10.0
ITEM01192,ORD00167,PROD0260,3,57415.2,0.0
ITEM01193,ORD00834,PROD0278,5,46734.23,30.0
ITEM01194,ORD01446,PROD0490,3,19543.81,30.0
ITEM01195,ORD00042,PROD0316,-5,26644.22,5.0
ITEM01196,ORD00742,PROD0390,3,63092.56,15.0
ITEM01197,ORD00935,PROD0175,3,55086.85,5.0
ITEM01198,ORD00975,PROD0018,4,34664.33,10.0
ITEM01199,ORD01245,PROD0296,1,45846.66,5.0
ITEM01200,ORD00666,PROD0220,5,11987.25,0.0
ITEM01201,ORD00573,PROD0280,4,23606.82,10.0
ITEM01202,ORD00441,PROD0023,2,32517.88,50.0
ITEM01203,ORD01396,PROD0257,2,28760.98,20.0
ITEM01204,ORD01303,PROD0490,2,19494.98,10.0
ITEM01205,ORD00170,PROD0148,3,7293.2,25.0
ITEM01206,ORD01006,PROD0011,4,22561.78,10.0
ITEM01207,ORD00057,PROD0389,2,34315.04,5.0
ITEM01208,ORD01370,PROD0005,3,53125.06,25.0
ITEM01209,ORD00349,PROD0038,4,34408.73,5.0
ITEM01210,ORD00919,PROD0067,2,80102.06,0.0
ITEM01211,ORD00715,PROD0236,2,68162.82,10.0
ITEM01212,ORD01268,PROD0322,5,24696.41,20.0
ITEM01213,ORD00131,PROD0077,2,21464.38,5.0
ITEM01214,ORD00646,PROD0439,1,43198.5,20.0
ITEM01215,ORD00977,PROD0017,4,69545.49,25.0
ITEM01216,ORD00278,PROD0024,1,1585.89,15.0
ITEM01217,ORD00118,PROD0492,4,8030.54,10.0
ITEM01218,ORD00081,PROD0125,1,52344.91,0.0
ITEM01219,ORD00751,PROD0202,2,56943.43,15.0
ITEM01220,ORD00974,PROD0004,3,31653.23,40.0
ITEM01221,ORD00046,PROD0473,3,24732.07,20.0
ITEM01222,ORD00351,PROD0289,5,14346.73,10.0
ITEM01223,ORD00756,PROD0439,2,58758.75,0.0
ITEM01224,ORD00213,PROD0304,4,76790.96,5.0
ITEM01225,ORD01432,PROD0203,2,4009.74,10.0
ITEM01226,ORD01342,PROD0412,1,55187.21,30.0
ITEM01227,ORD00569,PROD0073,3,41873.98,10.0
ITEM01228,ORD01078,PROD0040,4,7412.49,30.0
ITEM01229,ORD00109,PROD0356,1,10839.75,30.0
ITEM01230,ORD01304,PROD0059,3,52601.86,25.0
ITEM01231,ORD00744,PROD0116,5,63740.79,0.0
ITEM01232,ORD01350,PROD0097,2,58424.56,0.0
ITEM01233,ORD00459,PROD0408,2,8086.09,0.0
ITEM01234,ORD01135,PROD0465,1,30482.31,10.0
ITEM01235,ORD00826,PROD0466,1,19197.86,15.0
ITEM01236,ORD00905,PROD0290,1,34343.72,20.0
ITEM01237,ORD00215,PROD0258,5,19301.94,5.0
ITEM01238,ORD01469,PROD0282,5,30861.97,30.0
ITEM01239,ORD01097,PROD0292,4,20620.37,0.0
ITEM01240,ORD00923,PROD0354,5,16348.55,10.0
ITEM01241,ORD00045,PROD0363,3,17349.66,30.0
ITEM01242,ORD01082,PROD0246,5,8268.69,25.0
ITEM01243,ORD00264,PROD0035,4,6908.28,15.0
ITEM01244,ORD00284,PROD0080,5,25881.23,10.0
ITEM01245,ORD01318,PROD0089,3,17724.35,5.0
ITEM01246,ORD00592,PROD0452,1,49638.87,15.0
ITEM01247,ORD00958,PROD0264,4,22177.73,0.0
ITEM01248,ORD00354,PROD0028,2,53621.58,15.0
ITEM01249,ORD01249,PROD0275,2,41035.75,0.0
ITEM01250,ORD01294,PROD0485,3,2662.91,0.0
ITEM01251,ORD00414,PROD0143,3,2904.18,15.0
ITEM01252,ORD00656,PROD0375,5,32361.74,20.0
ITEM01253,ORD01170,PROD0034,3,52645.71,10.0
ITEM01254,ORD01236,PROD0364,1,10771.23,15.0
ITEM01255,ORD00759,PROD0377,1,40190.75,0.0
ITEM01256,ORD00564,PROD0325,1,508.03,0.0
ITEM01257,ORD00631,PROD0366,2,30738.45,25.0
ITEM01258,ORD00746,PROD0067,4,73194.35,5.0
ITEM01259,ORD00536,PROD0477,1,5033.06,0.0
ITEM01260,ORD00329,PROD0368,2,57225.26,10.0
ITEM01261,ORD00385,PROD0214,1,14311.36,10.0
ITEM01262,ORD01046,PROD0203,1,4490.22,5.0
ITEM01263,ORD01190,PROD0407,4,58690.61,10.0
ITEM01264,ORD01109,PROD0183,5,61805.13,0.0
ITEM01265,ORD00478,PROD0276,1,49623.18,15.0
ITEM01266,ORD00364,PROD0334,-5,37396.65,0.0
ITEM01267,ORD01161,PROD0350,1,39900.21,10.0
ITEM01268,ORD01164,PROD0194,1,27096.82,25.0
ITEM01269,ORD01202,PROD0082,5,28913.59,0.0
ITEM01270,ORD00032,PROD0484,3,82009.88,0.0
ITEM01271,ORD00523,PROD0495,3,13280.38,0.0
ITEM01272,ORD01285,PROD0199,2,5675.9,10.0
ITEM01273,ORD00990,PROD0411,1,72088.52,10.0
ITEM01274,ORD01254,PROD0008,3,47595.05,10.0
ITEM01275,ORD01452,PROD0454,4,64048.28,25.0
ITEM01276,ORD00500,PROD0465,1,23049.99,5.0
ITEM01277,ORD00682,PROD0359,2,17356.23,0.0
ITEM01278,ORD00026,PROD0263,3,41202.55,5.0
ITEM01279,ORD01250,PROD0156,3,3526.11,5.0
ITEM01280,ORD01389,PROD0019,4,63477.15,5.0
ITEM01281,ORD01085,PROD0101,5,43061.29,20.0
ITEM01282,ORD00463,PROD0368,4,58478.41,5.0
ITEM01283,ORD00503,PROD0155,4,19257.08,0.0
ITEM01284,ORD00502,PROD0098,2,48392.2,5.0
ITEM01285,ORD00460,PROD0223,1,3634.03,0.0
ITEM01286,ORD01457,PROD0496,2,48524.12,20.0
ITEM01287,ORD00984,PROD0341,3,22182.56,40.0
ITEM01288,ORD00244,PROD0285,3,14660.95,15.0
ITEM01289,ORD00835,PROD0052,5,26639.07,15.0
ITEM01290,ORD00226,PROD0489,4,14014.85,40.0
ITEM01291,ORD00504,PROD0305,5,4916.64,0.0
ITEM01292,ORD01092,PROD0319,2,15532.18,15.0
ITEM01293,ORD01344,PROD0371,1,42886.17,15.0
ITEM01294,ORD01466,PROD0293,3,19076.5,0.0
ITEM01295,ORD00762,PROD0287,2,44647.85,30.0
ITEM01296,ORD00700,PROD0369,3,74244.86,40.0
ITEM01297,ORD01400,PROD0499,3,88271.37,15.0
ITEM01298,ORD00562,PROD0187,2,58892.48,0.0
ITEM01299,ORD01038,PROD0487,1,38525.9,25.0
ITEM01300,ORD01428,PROD0124,3,18882.0,25.0
ITEM01301,ORD01111,PROD0271,1,55396.88,5.0
ITEM01302,ORD00273,PROD0369,4,50410.52,20.0
ITEM01303,ORD01179,PROD0200,5,56256.98,15.0
ITEM01304,ORD00257,PROD0256,4,19744.08,10.0
ITEM01305,ORD01347,PROD0365,3,66186.7,20.0
ITEM01306,ORD01039,PROD0483,3,18654.29,40.0
ITEM01307,ORD00299,PROD0185,4,79279.22,5.0
ITEM01308,ORD00242,PROD0242,3,89856.08,5.0
ITEM01309,ORD01100,PROD0477,5,7294.05,5.0
ITEM01310,ORD00827,PROD0414,2,53326.35,30.0
ITEM01311,ORD00569,PROD0065,3,25067.15,0.0
ITEM01312,ORD00192,PROD0012,1,12528.43,10.0
ITEM01313,ORD00998,PROD0474,5,44060.11,30.0
ITEM01314,ORD00156,PROD0157,3,72062.26,0.0
ITEM01315,ORD00930,PROD0205,3,46904.33,20.0
ITEM01316,ORD00149,PROD0191,4,49098.74,5.0
ITEM01317,ORD00365,PROD0229,2,57562.28,0.0
ITEM01318,ORD01169,PROD0446,2,73011.32,0.0
ITEM01319,ORD00143,PROD0398,1,34950.98,0.0
ITEM01320,ORD01118,PROD0198,3,9840.45,0.0
ITEM01321,ORD00136,PROD0342,5,5123.57,10.0
ITEM01322,ORD00606,PROD0127,2,75068.97,40.0
ITEM01323,ORD00016,PROD0419,3,25693.91,30.0
ITEM01324,ORD00636,PROD0110,1,53212.17,10.0
ITEM01325,ORD00657,PROD0212,4,30556.38,0.0
ITEM01326,ORD00389,PROD0493,1,36902.77,0.0
ITEM01327,ORD00229,PROD0331,1,37296.99,10.0
ITEM01328,ORD00994,PROD0272,2,45733.75,0.0
ITEM01329,ORD00331,PROD0062,5,39313.13,10.0
ITEM01330,ORD00346,PROD0470,3,22527.8,5.0
ITEM01331,ORD00910,PROD0108,3,34181.1,20.0
ITEM01332,ORD00741,PROD0091,5,52515.63,20.0
ITEM01333,ORD01484,PROD0133,4,49176.51,0.0
ITEM01334,ORD00230,PROD0255,2,11273.63,25.0
ITEM01335,ORD00729,PROD0479,1,32000.22,15.0
ITEM01336,ORD00597,PROD0211,2,16412.5,0.0
ITEM01337,ORD00985,PROD0228,2,57021.44,10.0
ITEM01338,ORD00882,PROD0205,4,49137.91,0.0
ITEM01339,ORD00181,PROD0240,3,18161.42,30.0
ITEM01340,ORD00893,PROD0331,3,40072.59,25.0
ITEM01341,ORD00229,PROD0417,5,17704.14,0.0
ITEM01342,ORD01286,PROD0475,3,73842.94,15.0
ITEM01343,ORD00086,PROD0338,1,87148.33,0.0
ITEM01344,ORD00610,PROD0078,2,41639.41,20.0
ITEM01345,ORD00832,PROD0034,3,49023.98,10.0
ITEM01346,ORD00213,PROD0434,1,7334.25,10.0
ITEM01347,ORD01112,PROD0310,5,35728.5,15.0
ITEM01348,ORD01438,PROD0064,2,23385.06,20.0
ITEM01349,ORD01088,PROD0271,1,65329.72,10.0
ITEM01350,ORD00788,PROD0085,2,40229.29,0.0
ITEM01351,ORD00467,PROD0194,3,23927.85,20.0
ITEM01352,ORD00862,PROD0266,2,58866.19,30.0
ITEM01353,ORD01263,PROD0014,2,29113.72,10.0
ITEM01354,ORD00721,PROD0324,2,54640.61,5.0
ITEM01355,ORD01470,PROD0369,5,54042.31,5.0
ITEM01356,ORD00867,PROD0458,2,51968.72,30.0
ITEM01357,ORD00771,PROD0076,4,9213.63,0.0
ITEM01358,ORD00623,PROD0316,5,17750.24,15.0
ITEM01359,ORD01263,PROD0090,3,15061.96,25.0
ITEM01360,ORD00822,PROD0354,2,23857.91,20.0
ITEM01361,ORD01099,PROD0116,4,44379.21,10.0
ITEM01362,ORD01328,PROD0260,1,49173.12,10.0
ITEM01363,ORD01121,PROD0047,5,88817.5,40.0
ITEM01364,ORD01201,PROD0024,4,1743.08,15.0
ITEM01365,ORD00242,PROD0404,5,27214.9,25.0
ITEM01366,ORD00571,PROD0425,4,50023.78,0.0
ITEM01367,ORD00821,PROD0008,2,47325.46,5.0
ITEM01368,ORD00562,PROD0182,5,9850.75,0.0
ITEM01369,ORD00939,PROD0493,5,30818.75,15.0
ITEM01370,ORD00665,PROD0094,4,37748.76,15.0
ITEM01371,ORD01316,PROD0432,3,49283.62,10.0
ITEM01372,ORD00914,PROD0133,4,66226.42,0.0
ITEM01373,ORD00567,PROD0227,2,31026.36,0.0
ITEM01374,ORD00634,PROD0497,2,66162.88,0.0
ITEM01375,ORD00017,PROD0083,5,33800.76,0.0
ITEM01376,ORD00379,PROD0055,3,1395.39,0.0
ITEM01377,ORD00184,PROD0079,5,2041.6,0.0
ITEM01378,ORD00520,PROD0418,2,39317.05,0.0
ITEM01379,ORD00215,PROD0491,1,63104.43,5.0
ITEM01380,ORD00123,PROD0421,3,29475.06,0.0
ITEM01381,ORD01012,PROD0336,4,12448.5,0.0
ITEM01382,ORD00599,PROD0460,4,6931.66,25.0
ITEM01383,ORD00203,PROD0126,1,46120.97,10.0
ITEM01384,ORD00441,PROD0140,4,34555.77,0.0
ITEM01385,ORD01323,PROD0424,4,16690.09,15.0
ITEM01386,ORD00753,PROD0118,3,64004.82,20.0
ITEM01387,ORD00895,PROD0335,2,64064.72,0.0
ITEM01388,ORD01162,PROD0338,4,50918.9,0.0
ITEM01389,ORD00443,PROD0339,3,31857.7,15.0
ITEM01390,ORD00166,PROD0118,4,55154.38,15.0
ITEM01391,ORD00689,PROD0198,3,9402.83,20.0
ITEM01392,ORD00885,PROD0024,-3,1591.32,10.0
ITEM01393,ORD01287,PROD0410,1,51239.78,5.0
ITEM01394,ORD00460,PROD0220,3,12179.02,0.0
ITEM01395,ORD01227,PROD0290,3,52027.94,5.0
ITEM01396,ORD00924,PROD0140,1,26388.16,10.0
ITEM01397,ORD01175,PROD0193,2,38826.93,10.0
ITEM01398,ORD00624,PROD0231,3,2501.56,25.0
ITEM01399,ORD00482,PROD0031,1,14589.57,25.0
ITEM01400,ORD00751,PROD0010,4,14779.96,40.0
ITEM01401,ORD00889,PROD0342,5,2901.14,25.0
ITEM01402,ORD00083,PROD0255,1,10487.8,0.0
ITEM01403,ORD00165,PROD0038,5,43447.78,0.0
ITEM01404,ORD00890,PROD0367,-5,65376.53,10.0
ITEM01405,ORD00801,PROD0273,4,4818.42,10.0
ITEM01406,ORD01378,PROD0290,4,56987.79,0.0
ITEM01407,ORD00121,PROD0085,4,31076.99,0.0
ITEM01408,ORD00204,PROD0409,2,34922.43,0.0
ITEM01409,ORD01416,PROD0334,1,43595.82,10.0
ITEM01410,ORD01500,PROD0174,5,5613.33,10.0
ITEM01411,ORD01231,PROD0244,4,52187.88,5.0
ITEM01412,ORD00821,PROD0431,2,29463.49,40.0
ITEM01413,ORD01339,PROD0351,3,6774.68,0.0
ITEM01414,ORD01101,PROD0309,4,50915.4,5.0
ITEM01415,ORD01388,PROD0097,5,44171.46,15.0
ITEM01416,ORD00238,PROD0403,3,37439.79,0.0
ITEM01417,ORD00505,PROD0064,2,16008.35,0.0
ITEM01418,ORD00691,PROD0036,1,35896.37,20.0
ITEM01419,ORD00784,PROD0249,3,58817.33,50.0
ITEM01420,ORD01368,PROD0289,3,15025.5,10.0
ITEM01421,ORD00266,PROD0365,2,39624.11,10.0
ITEM01422,ORD01425,PROD0288,3,17817.0,5.0
ITEM01423,ORD00695,PROD0341,4,32468.87,10.0
ITEM01424,ORD01159,PROD0294,4,35786.0,30.0
ITEM01425,ORD01243,PROD0454,4,87265.71,25.0
ITEM01426,ORD01149,PROD0198,4,15509.58,15.0
ITEM01427,ORD00128,PROD0018,3,40058.59,0.0
ITEM01428,ORD00213,PROD0209,3,18127.42,15.0
ITEM01429,ORD00545,PROD0241,5,34606.24,20.0
ITEM01430,ORD01364,PROD0500,4,29351.9,15.0
ITEM01431,ORD00889,PROD0493,1,29183.15,0.0
ITEM01432,ORD00755,PROD0326,3,40258.09,0.0
ITEM01433,ORD00747,PROD0357,3,10027.06,0.0
ITEM01434,ORD00930,PROD0356,4,9490.3,20.0
ITEM01435,ORD00456,PROD0092,1,35995.95,0.0
ITEM01436,ORD01192,PROD0083,2,26549.72,10.0
ITEM01437,ORD00471,PROD0121,3,29204.7,15.0
ITEM01438,ORD00208,PROD0470,5,18238.79,25.0
ITEM01439,ORD01110,PROD0391,4,24249.15,5.0
ITEM01440,ORD00171,PROD0145,4,17864.82,0.0
ITEM01441,ORD00605,PROD0498,3,44647.21,25.0
ITEM01442,ORD01045,PROD0483,2,18847.35,5.0
ITEM01443,ORD01134,PROD0132,3,57930.68,15.0
ITEM01444,ORD00879,PROD0203,5,5678.01,10.0
ITEM01445,ORD00880,PROD0386,3,74496.45,0.0
ITEM01446,ORD01041,PROD0231,5,2128.62,30.0
ITEM01447,ORD01312,PROD0450,1,68366.9,10.0
ITEM01448,ORD00516,PROD0347,5,69878.8,0.0
ITEM01449,ORD00431,PROD0115,3,19635.29,10.0
ITEM01450,ORD00278,PROD0066,4,66224.75,20.0
ITEM01451,ORD00754,PROD0112,5,30337.21,15.0
ITEM01452,ORD01354,PROD0452,3,56535.48,0.0
ITEM01453,ORD01384,PROD0081,1,4002.19,50.0
ITEM01454,ORD00782,PROD0390,2,57331.05,0.0
ITEM01455,ORD01022,PROD0089,4,11665.31,20.0
ITEM01456,ORD01423,PROD0246,5,7282.64,5.0
ITEM01457,ORD00329,PROD0147,-4,3890.88,5.0
ITEM01458,ORD00251,PROD0242,2,82069.97,25.0
ITEM01459,ORD01449,PROD0065,1,24254.92,0.0
ITEM01460,ORD00966,PROD0143,3,3040.01,5.0
ITEM01461,ORD01227,PROD0033,5,46740.76,0.0
ITEM01462,ORD00158,PROD0028,2,78549.21,30.0
ITEM01463,ORD00228,PROD0448,2,43309.16,20.0
ITEM01464,ORD00212,PROD0105,4,38643.74,5.0
ITEM01465,ORD01071,PROD0202,5,71406.35,20.0
ITEM01466,ORD01473,PROD0201,5,38479.36,5.0
ITEM01467,ORD00597,PROD0347,1,69974.75,10.0
ITEM01468,ORD00543,PROD0221,1,74161.29,30.0
ITEM01469,ORD01417,PROD0313,1,49062.78,0.0
ITEM01470,ORD01340,PROD0185,2,64188.37,0.0
ITEM01471,ORD00084,PROD0168,2,7158.34,0.0
ITEM01472,ORD01199,PROD0115,-5,33473.87,5.0
ITEM01473,ORD00873,PROD0454,2,57401.69,0.0
ITEM01474,ORD00956,PROD0209,2,17047.19,0.0
ITEM01475,ORD01284,PROD0128,4,9837.63,0.0
ITEM01476,ORD00232,PROD0136,1,19794.61,0.0
ITEM01477,ORD00524,PROD0119,5,46740.04,10.0
ITEM01478,ORD00782,PROD0380,4,9573.83,20.0
ITEM01479,ORD00084,PROD0277,1,39955.31,10.0
ITEM01480,ORD00558,PROD0462,3,11376.2,20.0
ITEM01481,ORD01342,PROD0460,3,5074.55,5.0
ITEM01482,ORD01475,PROD0299,2,64638.6,30.0
ITEM01483,ORD01409,PROD0335,4,47001.6,10.0
ITEM01484,ORD00315,PROD0147,3,2694.79,0.0
ITEM01485,ORD00931,PROD0020,3,4882.73,0.0
ITEM01486,ORD01149,PROD0117,3,24712.95,40.0
ITEM01487,ORD01372,PROD0084,5,9216.73,15.0
ITEM01488,ORD00118,PROD0144,3,31378.93,0.0
ITEM01489,ORD00612,PROD0385,2,34188.42,0.0
ITEM01490,ORD00898,PROD0069,2,23215.12,15.0
ITEM01491,ORD01285,PROD0120,1,50466.82,0.0
ITEM01492,ORD00476,PROD0206,1,74397.2,0.0
ITEM01493,ORD00965,PROD0450,1,51492.62,0.0
ITEM01494,ORD00784,PROD0130,4,52099.29,0.0
ITEM01495,ORD01495,PROD0355,4,32646.31,20.0
ITEM01496,ORD00211,PROD0187,1,72454.32,10.0
ITEM01497,ORD01074,PROD0219,4,4346.86,15.0
ITEM01498,ORD00781,PROD0178,3,54518.65,0.0
ITEM01499,ORD00870,PROD0384,3,46016.69,15.0
ITEM01500,ORD00241,PROD0108,2,27517.75,30.0
ITEM01501,ORD00187,PROD0377,3,39193.95,25.0
ITEM01502,ORD00326,PROD0088,2,2911.47,0.0
ITEM01503,ORD01179,PROD0470,2,22719.43,0.0
ITEM01504,ORD00565,PROD0277,1,29481.95,40.0
ITEM01505,ORD00251,PROD0410,1,66308.52,0.0
ITEM01506,ORD00292,PROD0368,2,55965.48,15.0
ITEM01507,ORD00084,PROD0068,3,25691.82,0.0
ITEM01508,ORD01402,PROD0417,4,22418.63,30.0
ITEM01509,ORD00036,PROD0133,5,62272.66,10.0
ITEM01510,ORD01377,PROD0398,-4,39320.68,15.0
ITEM01511,ORD00066,PROD0354,3,21373.15,10.0
ITEM01512,ORD01487,PROD0319,5,14490.0,30.0
ITEM01513,ORD00126,PROD0094,1,42073.36,5.0
ITEM01514,ORD00043,PROD0328,5,68776.83,25.0
ITEM01515,ORD01044,PROD0226,4,41376.09,15.0
ITEM01516,ORD00140,PROD0174,1,5054.74,0.0
ITEM01517,ORD00735,PROD0163,5,9748.36,20.0
ITEM01518,ORD00145,PROD0176,5,64735.52,0.0
ITEM01519,ORD00865,PROD0131,2,28229.86,40.0
ITEM01520,ORD01196,PROD0249,2,42541.19,10.0
ITEM01521,ORD01047,PROD0394,2,77775.59,0.0
ITEM01522,ORD01212,PROD0044,1,36332.7,0.0
ITEM01523,ORD00801,PROD0235,1,48972.53,0.0
ITEM01524,ORD00967,PROD0178,5,60956.51,10.0
ITEM01525,ORD00607,PROD0471,1,76853.02,15.0
ITEM01526,ORD01461,PROD0457,1,91077.16,10.0
ITEM01527,ORD00861,PROD0026,4,68798.0,0.0
ITEM01528,ORD00497,PROD0019,2,77197.37,10.0
ITEM01530,ORD00962,PROD0356,5,9394.27,5.0
ITEM01531,ORD00295,PROD0454,1,85497.43,10.0
ITEM01532,ORD01474,PROD0089,4,12196.44,40.0
ITEM01533,ORD00841,PROD0384,2,53201.82,10.0
ITEM01534,ORD00373,PROD0094,3,27063.19,25.0
ITEM01535,ORD00137,PROD0077,4,20345.74,0.0
ITEM01536,ORD01217,PROD0348,3,10192.41,10.0
ITEM01537,ORD01256,PROD0331,2,31324.11,30.0
ITEM01538,ORD01360,PROD0379,5,40248.61,25.0
ITEM01539,ORD00999,PROD0104,3,71105.48,5.0
ITEM01540,ORD01413,PROD0450,1,89247.92,5.0
ITEM01541,ORD00982,PROD0431,5,27568.73,10.0
ITEM01542,ORD01139,PROD0473,3,17956.61,10.0
ITEM01544,ORD00515,PROD0194,3,25801.4,0.0
ITEM01545,ORD00154,PROD0393,2,54562.41,20.0
ITEM01546,ORD00001,PROD0230,5,12553.26,20.0
ITEM01547,ORD01355,PROD0094,2,31666.26,0.0
ITEM01548,ORD01478,PROD0450,3,76290.85,10.0
ITEM01549,ORD01420,PROD0138,4,56466.97,10.0
ITEM01550,ORD00660,PROD0407,3,44894.87,10.0
ITEM01551,ORD00959,PROD0009,4,43693.32,5.0
ITEM01552,ORD00970,PROD0043,5,21512.91,0.0
ITEM01553,ORD00185,PROD0335,2,57095.1,0.0
ITEM01554,ORD00919,PROD0147,3,2806.0,30.0
ITEM01555,ORD01130,PROD0489,4,23990.92,0.0
ITEM01556,ORD00020,PROD0078,3,44282.9,20.0
ITEM01557,ORD00759,PROD0359,2,19385.12,10.0
ITEM01558,ORD00017,PROD0238,2,44890.31,15.0
ITEM01559,ORD00571,PROD0089,3,17926.41,15.0
ITEM01560,ORD00633,PROD0489,4,15591.42,5.0
ITEM01561,ORD01054,PROD0172,5,29193.26,10.0
ITEM01562,ORD00719,PROD0331,3,36954.16,0.0
ITEM01563,ORD01108,PROD0105,2,38445.24,15.0
ITEM01564,ORD01140,PROD0390,1,66352.16,0.0
ITEM01565,ORD01005,PROD0274,2,29031.75,20.0
ITEM01566,ORD00307,PROD0081,1,3882.27,0.0
ITEM01567,ORD00574,PROD0078,2,32067.8,20.0
ITEM01568,ORD00355,PROD0191,5,53866.85,15.0
ITEM01569,ORD00383,PROD0453,3,879.41,10.0
ITEM01570,ORD00337,PROD0446,4,54839.91,10.0
ITEM01571,ORD00413,PROD0206,1,62902.31,0.0
ITEM01572,ORD00185,PROD0299,3,39330.94,0.0
ITEM01573,ORD01449,PROD0276,3,43890.28,50.0
ITEM01574,ORD00592,PROD0385,1,29698.41,0.0
ITEM01575,ORD00269,PROD0199,5,4917.1,30.0
ITEM01576,ORD00927,PROD0255,5,13266.23,10.0
ITEM01577,ORD01088,PROD0426,3,3104.15,20.0
ITEM01578,ORD00582,PROD0492,4,7327.69,0.0
ITEM01579,ORD01061,PROD0446,3,53635.66,20.0
ITEM01580,ORD00567,PROD0061,2,65449.5,0.0
ITEM01581,ORD01034,PROD0338,5,55229.66,0.0
ITEM01582,ORD01092,PROD0477,2,6195.37,0.0
ITEM01583,ORD00023,PROD0099,3,31265.06,15.0
ITEM01584,ORD01482,PROD0024,5,1513.17,0.0
ITEM01585,ORD01484,PROD0112,1,27681.47,0.0
ITEM01586,ORD01153,PROD0249,5,62609.31,20.0
ITEM01587,ORD00282,PROD0359,1,22460.13,10.0
ITEM01588,ORD01231,PROD0315,4,52541.76,10.0
ITEM01589,ORD00330,PROD0305,3,4976.7,10.0
ITEM01590,ORD00584,PROD0270,2,25476.92,10.0
ITEM01591,ORD00082,PROD0102,-5,41117.54,0.0
ITEM01592,ORD00289,PROD0113,4,40257.59,10.0
ITEM01593,ORD01415,PROD0378,2,31836.26,20.0
ITEM01594,ORD00035,PROD0032,2,13426.0,20.0
ITEM01595,ORD01387,PROD0277,5,30277.55,5.0
ITEM01596,ORD00515,PROD0447,3,28974.25,15.0
ITEM01597,ORD01394,PROD0168,3,8998.24,0.0
ITEM01598,ORD00291,PROD0272,5,47470.7,20.0
ITEM01599,ORD00360,PROD0479,2,24726.72,30.0
ITEM01600,ORD01047,PROD0432,2,54104.1,15.0
ITEM01601,ORD00815,PROD0290,1,52051.08,0.0
ITEM01602,ORD01113,PROD0204,4,31073.6,0.0
ITEM01603,ORD01288,PROD0235,2,44253.7,25.0
ITEM01604,ORD00170,PROD0091,2,65645.26,30.0
ITEM01605,ORD00107,PROD0257,4,35424.94,15.0
ITEM01606,ORD00741,PROD0452,2,70803.95,25.0
ITEM01607,ORD00927,PROD0209,1,26299.82,10.0
ITEM01608,ORD00629,PROD0326,5,30025.86,30.0
ITEM01609,ORD00226,PROD0385,4,45023.57,0.0
ITEM01610,ORD00374,PROD0233,-4,38856.57,10.0
ITEM01611,ORD00606,PROD0495,1,13519.11,40.0
ITEM01612,ORD01460,PROD0098,5,49315.87,20.0
ITEM01613,ORD01116,PROD0103,-5,13350.27,0.0
ITEM01615,ORD00228,PROD0115,2,24341.5,10.0
ITEM01616,ORD01480,PROD0308,1,17672.01,10.0
ITEM01617,ORD00679,PROD0167,1,49475.74,10.0
ITEM01618,ORD00194,PROD0459,4,52859.93,0.0
ITEM01619,ORD00259,PROD0023,3,26700.4,25.0
ITEM01620,ORD01113,PROD0086,5,21599.27,10.0
ITEM01621,ORD00622,PROD0439,3,61689.73,0.0
ITEM01622,ORD00613,PROD0039,4,49806.06,15.0
ITEM01623,ORD01444,PROD0490,4,22114.84,30.0
ITEM01624,ORD01242,PROD0356,5,7928.31,10.0
ITEM01625,ORD01305,PROD0437,2,28638.11,10.0
ITEM01626,ORD00130,PROD0154,4,49883.52,0.0
ITEM01627,ORD00498,PROD0346,2,35687.48,20.0
ITEM01628,ORD01064,PROD0193,4,34007.66,10.0
ITEM01629,ORD01346,PROD0392,3,15570.02,10.0
ITEM01630,ORD00702,PROD0049,4,5379.48,0.0
ITEM01631,ORD00467,PROD0316,5,21769.19,30.0
ITEM01632,ORD00293,PROD0084,2,10435.15,15.0
ITEM01633,ORD01359,PROD0344,1,44658.14,20.0
ITEM01634,ORD00935,PROD0378,2,25291.53,10.0
ITEM01635,ORD01032,PROD0312,3,19017.17,15.0
ITEM01636,ORD01242,PROD0074,4,29957.2,10.0
ITEM01637,ORD01280,PROD0156,4,2506.14,10.0
ITEM01638,ORD00754,PROD0203,5,5407.0,0.0
ITEM01639,ORD00573,PROD0401,3,37481.86,15.0
ITEM01640,ORD00959,PROD0255,3,11762.57,15.0
ITEM01641,ORD01485,PROD0436,4,52898.36,0.0
ITEM01642,ORD00691,PROD0489,5,19282.61,25.0
ITEM01643,ORD00765,PROD0434,4,5146.47,10.0
ITEM01644,ORD00141,PROD0148,5,9851.07,40.0
ITEM01645,ORD00125,PROD0176,5,57473.4,10.0
ITEM01646,ORD00054,PROD0274,4,18545.69,0.0
ITEM01647,ORD00689,PROD0300,3,28153.73,0.0
ITEM01648,ORD00282,PROD0006,2,1463.97,15.0
ITEM01649,ORD00171,PROD0264,1,33164.42,5.0
ITEM01650,ORD00546,PROD0088,1,2676.38,0.0
ITEM01651,ORD00539,PROD0072,1,69170.12,5.0
ITEM01652,ORD00220,PROD0149,1,54205.53,0.0
ITEM01653,ORD00929,PROD0279,5,44333.83,25.0
ITEM01654,ORD00440,PROD0184,2,49452.85,0.0
ITEM01655,ORD00931,PROD0450,5,73839.23,0.0
ITEM01656,ORD01019,PROD0341,3,33159.75,10.0
ITEM01657,ORD01428,PROD0342,5,4794.84,0.0
ITEM01658,ORD00667,PROD0305,-3,4430.92,25.0
ITEM01659,ORD00256,PROD0381,5,32454.29,5.0
ITEM01660,ORD01024,PROD0444,2,21818.38,30.0
ITEM01661,ORD01028,PROD0229,1,82641.15,0.0
ITEM01662,ORD00985,PROD0109,3,2111.91,20.0
ITEM01663,ORD01172,PROD0390,1,60800.72,10.0
ITEM01664,ORD00234,PROD0446,3,66271.7,15.0
ITEM01665,ORD01439,PROD0009,-3,56912.19,5.0
ITEM01666,ORD00699,PROD0050,5,59512.45,0.0
ITEM01667,ORD00332,PROD0225,3,15348.15,10.0
ITEM01668,ORD01082,PROD0292,4,13279.26,30.0
ITEM01669,ORD00117,PROD0468,1,19393.55,10.0
ITEM01670,ORD00070,PROD0083,1,25784.47,0.0
ITEM01671,ORD00053,PROD0324,4,51842.44,5.0
ITEM01672,ORD00517,PROD0353,2,34067.29,0.0
ITEM01673,ORD00030,PROD0152,3,61694.33,0.0
ITEM01674,ORD00374,PROD0305,4,4888.82,10.0
ITEM01675,ORD00406,PROD0341,4,25564.3,10.0
ITEM01676,ORD00598,PROD0476,3,60428.51,0.0
ITEM01677,ORD00592,PROD0482,2,40550.45,20.0
ITEM01678,ORD01295,PROD0065,3,25800.94,15.0
ITEM01679,ORD00789,PROD0224,2,13396.14,5.0
ITEM01680,ORD01119,PROD0218,2,33974.17,30.0
ITEM01681,ORD00208,PROD0093,1,22729.51,5.0
ITEM01683,ORD00252,PROD0016,3,5062.53,10.0
ITEM01684,ORD01187,PROD0200,3,40052.74,15.0
ITEM01685,ORD00298,PROD0167,2,40815.01,15.0
ITEM01686,ORD01340,PROD0168,2,6152.45,10.0
ITEM01687,ORD00768,PROD0161,1,1993.77,40.0
ITEM01688,ORD00865,PROD0148,3,7419.43,0.0
ITEM01689,ORD01377,PROD0086,-5,33940.44,0.0
ITEM01690,ORD00270,PROD0380,2,7340.85,15.0
ITEM01691,ORD00574,PROD0485,1,2537.98,30.0
ITEM01692,ORD00961,PROD0399,2,35290.55,15.0
ITEM01693,ORD01288,PROD0238,4,40739.79,20.0
ITEM01694,ORD01059,PROD0275,2,56833.04,15.0
ITEM01695,ORD00966,PROD0285,3,11780.67,10.0
ITEM01696,ORD00853,PROD0088,3,2802.62,0.0
ITEM01697,ORD00256,PROD0431,3,24821.74,0.0
ITEM01698,ORD00947,PROD0060,3,60236.14,10.0
ITEM01699,ORD01456,PROD0315,1,41048.17,0.0
ITEM01700,ORD00674,PROD0470,1,13274.03,5.0
ITEM01702,ORD00489,PROD0138,3,68064.92,15.0
ITEM01703,ORD01496,PROD0183,3,76195.5,10.0
ITEM01704,ORD00703,PROD0271,3,62922.02,0.0
ITEM01705,ORD00525,PROD0405,1,14904.6,5.0
ITEM01706,ORD00464,PROD0154,5,61148.18,10.0
ITEM01707,ORD00512,PROD0134,5,51400.36,0.0
ITEM01708,ORD00216,PROD0171,5,17003.36,10.0
ITEM01709,ORD01429,PROD0114,5,2454.95,0.0
ITEM01710,ORD01019,PROD0043,1,33159.35,15.0
ITEM01711,ORD00828,PROD0123,5,1738.71,30.0
ITEM01712,ORD01469,PROD0094,1,32254.43,10.0
ITEM01713,ORD00195,PROD0260,2,55000.65,25.0
ITEM01714,ORD00468,PROD0286,2,45656.23,10.0
ITEM01715,ORD00169,PROD0244,3,39488.11,25.0
ITEM01716,ORD00147,PROD0223,1,2421.68,5.0
ITEM01717,ORD00304,PROD0063,3,22884.7,10.0
ITEM01718,ORD00293,PROD0426,3,3811.28,20.0
ITEM01719,ORD00704,PROD0248,5,8802.45,0.0
ITEM01720,ORD01226,PROD0263,1,36301.36,5.0
ITEM01721,ORD01055,PROD0352,3,7572.87,0.0
ITEM01722,ORD00450,PROD0196,4,14430.01,10.0
ITEM01723,ORD00258,PROD0194,5,27988.76,25.0
ITEM01724,ORD00402,PROD0302,3,51585.31,0.0
ITEM01725,ORD01170,PROD0417,5,17239.77,15.0
ITEM01726,ORD00284,PROD0132,4,60922.68,0.0
ITEM01727,ORD01105,PROD0464,5,24746.58,10.0
ITEM01728,ORD01010,PROD0300,1,32295.4,0.0
ITEM01729,ORD00873,PROD0273,3,4897.18,10.0
ITEM01730,ORD01171,PROD0296,2,45993.3,25.0
ITEM01731,ORD01468,PROD0351,2,7296.24,0.0
ITEM01732,ORD01236,PROD0044,4,49065.47,15.0
ITEM01733,ORD01351,PROD0149,2,65017.27,15.0
ITEM01734,ORD00720,PROD0200,5,39348.06,20.0
ITEM01735,ORD00378,PROD0153,5,3538.41,20.0
ITEM01736,ORD01345,PROD0299,2,47105.51,10.0
ITEM01737,ORD01153,PROD0449,4,7728.96,5.0
ITEM01738,ORD00858,PROD0364,5,13640.36,0.0
ITEM01739,ORD01458,PROD0266,5,57868.3,0.0
ITEM01740,ORD01402,PROD0074,5,19441.85,10.0
ITEM01741,ORD00976,PROD0276,1,62937.38,25.0
ITEM01742,ORD00022,PROD0154,2,55601.54,15.0
ITEM01743,ORD00912,PROD0465,1,29756.42,10.0
ITEM01744,ORD00910,PROD0475,5,52931.51,10.0
ITEM01745,ORD00410,PROD0469,3,21374.83,25.0
ITEM01746,ORD01236,PROD0405,2,10710.05,10.0
ITEM01747,ORD00719,PROD0390,5,67076.72,50.0
ITEM01748,ORD00379,PROD0268,2,35951.28,20.0
ITEM01749,ORD01200,PROD0327,5,26673.92,10.0
ITEM01750,ORD00134,PROD0386,5,67405.57,0.0
ITEM01751,ORD00402,PROD0042,5,67859.37,50.0
ITEM01752,ORD00975,PROD0252,1,56516.83,0.0
ITEM01753,ORD00032,PROD0470,1,16262.95,30.0
ITEM01754,ORD00136,PROD0012,5,13980.76,15.0
ITEM01755,ORD00860,PROD0444,5,32817.49,15.0
ITEM01756,ORD00194,PROD0086,4,36281.38,10.0
ITEM01757,ORD00529,PROD0025,2,38300.4,10.0
ITEM01758,ORD00715,PROD0218,5,36661.22,0.0
ITEM01759,ORD00031,PROD0422,1,54330.16,15.0
ITEM01760,ORD01043,PROD0337,5,60203.16,10.0
ITEM01761,ORD01055,PROD0011,4,36541.08,40.0
ITEM01762,ORD00001,PROD0007,3,6470.85,0.0
ITEM01763,ORD00536,PROD0345,1,24493.5,0.0
ITEM01764,ORD00213,PROD0124,1,29285.8,0.0
ITEM01765,ORD01226,PROD0491,2,83432.79,25.0
ITEM01766,ORD01358,PROD0243,-3,18746.57,5.0
ITEM01767,ORD00773,PROD0125,1,82677.99,10.0
ITEM01768,ORD01105,PROD0354,5,21823.32,20.0
ITEM01769,ORD01212,PROD0439,1,56664.45,0.0
ITEM01770,ORD00835,PROD0168,2,5663.7,0.0
ITEM01771,ORD00296,PROD0366,4,26951.94,0.0
ITEM01772,ORD01324,PROD0176,5,86940.95,10.0
ITEM01773,ORD01468,PROD0195,2,29210.21,30.0
ITEM01774,ORD00389,PROD0041,-3,60780.06,10.0
ITEM01775,ORD01213,PROD0307,2,59914.33,0.0
ITEM01776,ORD00792,PROD0124,1,29450.19,20.0
ITEM01777,ORD00186,PROD0321,3,34648.08,40.0
ITEM01778,ORD00952,PROD0385,4,45341.8,0.0
ITEM01779,ORD00165,PROD0325,4,775.87,15.0
ITEM01780,ORD00015,PROD0045,4,2739.93,25.0
ITEM01781,ORD01274,PROD0123,5,1533.15,0.0
ITEM01782,ORD01056,PROD0178,1,55601.28,0.0
ITEM01783,ORD01235,PROD0149,5,44775.45,0.0
ITEM01784,ORD00765,PROD0069,2,27480.41,10.0
ITEM01785,ORD01281,PROD0094,2,32841.59,10.0
ITEM01786,ORD00827,PROD0216,4,79966.39,10.0
ITEM01787,ORD00627,PROD0176,3,86188.3,0.0
ITEM01788,ORD00418,PROD0043,3,25266.55,0.0
ITEM01789,ORD01444,PROD0419,4,37088.86,0.0
ITEM01790,ORD00062,PROD0458,4,33017.91,40.0
ITEM01791,ORD00682,PROD0166,2,63221.97,5.0
ITEM01792,ORD00109,PROD0447,3,44976.29,10.0
ITEM01793,ORD00225,PROD0136,3,15342.35,40.0
ITEM01794,ORD00010,PROD0020,5,4517.36,10.0
ITEM01795,ORD01208,PROD0070,2,49982.84,0.0
ITEM01796,ORD01370,PROD0074,2,25737.78,10.0
ITEM01797,ORD00743,PROD0479,1,32653.17,0.0
ITEM01798,ORD01411,PROD0133,4,62801.12,0.0
ITEM01799,ORD00628,PROD0387,5,14369.77,5.0
ITEM01800,ORD00311,PROD0109,5,3592.14,10.0
ITEM01801,ORD00781,PROD0409,4,24189.47,10.0
ITEM01803,ORD00562,PROD0355,5,52160.18,0.0
ITEM01804,ORD00859,PROD0259,3,54642.16,30.0
ITEM01805,ORD00368,PROD0261,3,43532.84,25.0
ITEM01806,ORD01361,PROD0387,1,17436.41,25.0
ITEM01807,ORD00328,PROD0122,3,58540.3,10.0
ITEM01808,ORD01463,PROD0458,4,41774.14,0.0
ITEM01809,ORD00762,PROD0137,1,81242.22,15.0
ITEM01811,ORD01354,PROD0404,4,16505.81,25.0
ITEM01812,ORD01202,PROD0421,1,20804.53,0.0
ITEM01813,ORD01336,PROD0485,5,2765.79,20.0
ITEM01814,ORD00866,PROD0462,4,6598.47,0.0
ITEM01815,ORD00851,PROD0241,3,40596.28,40.0
ITEM01816,ORD01222,PROD0114,2,3392.85,10.0
ITEM01817,ORD00126,PROD0390,1,54238.14,25.0
ITEM01818,ORD00585,PROD0049,1,5755.08,15.0
ITEM01819,ORD00349,PROD0319,3,15407.67,0.0
ITEM01820,ORD00963,PROD0423,4,17313.62,40.0
ITEM01821,ORD00626,PROD0096,4,30475.7,0.0
ITEM01822,ORD00288,PROD0136,1,24457.7,30.0
ITEM01823,ORD00532,PROD0035,2,7331.57,25.0
ITEM01824,ORD00887,PROD0120,5,87085.52,0.0
ITEM01825,ORD00263,PROD0335,-4,56632.9,0.0
ITEM01826,ORD00019,PROD0138,1,79651.4,0.0
ITEM01827,ORD01157,PROD0363,5,26153.31,25.0
ITEM01828,ORD00631,PROD0140,2,28168.2,0.0
ITEM01829,ORD00510,PROD0191,2,60701.46,25.0
ITEM01830,ORD00273,PROD0330,5,43716.39,10.0
ITEM01831,ORD00967,PROD0316,2,19264.19,0.0
ITEM01832,ORD00093,PROD0142,4,62964.21,0.0
ITEM01833,ORD00663,PROD0374,4,64001.5,0.0
ITEM01834,ORD00515,PROD0200,5,58024.74,10.0
ITEM01835,ORD00276,PROD0094,1,27337.08,50.0
ITEM01836,ORD00563,PROD0432,2,40402.48,0.0
ITEM01837,ORD00629,PROD0008,2,41030.56,0.0
ITEM01838,ORD00054,PROD0052,5,18585.55,0.0
ITEM01839,ORD01223,PROD0099,5,34012.45,10.0
ITEM01840,ORD01032,PROD0353,1,40674.48,10.0
ITEM01841,ORD00560,PROD0077,4,26379.67,15.0
ITEM01842,ORD01051,PROD0087,2,23333.79,20.0
ITEM01843,ORD00737,PROD0017,2,70452.51,5.0
ITEM01844,ORD00173,PROD0411,2,56329.09,0.0
ITEM01845,ORD00115,PROD0185,5,51229.05,10.0
ITEM01846,ORD00470,PROD0006,4,1132.58,15.0
ITEM01847,ORD00039,PROD0016,4,4377.87,0.0
ITEM01848,ORD01336,PROD0171,5,25540.42,40.0
ITEM01849,ORD00318,PROD0014,2,32289.49,15.0
ITEM01850,ORD00890,PROD0046,-1,26674.76,15.0
ITEM01851,ORD00134,PROD0088,1,2760.93,0.0
ITEM01852,ORD00522,PROD0417,1,17074.74,20.0
ITEM01853,ORD00635,PROD0242,4,85508.32,10.0
ITEM01854,ORD00739,PROD0096,3,23097.54,5.0
ITEM01855,ORD00014,PROD0473,3,22376.69,20.0
ITEM01856,ORD00205,PROD0406,4,32419.99,0.0
ITEM01857,ORD01010,PROD0086,1,31200.43,10.0
ITEM01858,ORD00172,PROD0004,3,35327.4,0.0
ITEM01859,ORD00577,PROD0028,2,84740.87,25.0
ITEM01860,ORD00905,PROD0389,2,25204.8,0.0
ITEM01862,ORD00015,PROD0176,5,56452.18,0.0
ITEM01863,ORD00034,PROD0043,1,21515.39,10.0
ITEM01864,ORD00189,PROD0157,4,81868.45,20.0
ITEM01865,ORD00906,PROD0243,4,25859.48,15.0
ITEM01866,ORD01042,PROD0107,4,50930.28,15.0
ITEM01867,ORD00779,PROD0181,2,65013.96,30.0
ITEM01868,ORD00979,PROD0241,4,39756.42,15.0
ITEM01869,ORD00632,PROD0154,1,61719.51,40.0
ITEM01870,ORD01039,PROD0347,3,45889.49,25.0
ITEM01871,ORD01306,PROD0184,3,51289.18,0.0
ITEM01872,ORD00887,PROD0019,1,51578.82,10.0
ITEM01873,ORD00605,PROD0057,5,34469.45,10.0
ITEM01874,ORD00700,PROD0431,4,20750.32,10.0
ITEM01875,ORD00231,PROD0208,3,42451.53,20.0
ITEM01876,ORD00966,PROD0411,4,60550.61,0.0
ITEM01877,ORD00153,PROD0285,5,12603.54,15.0
ITEM01878,ORD00523,PROD0065,4,27687.67,50.0
ITEM01879,ORD01239,PROD0465,5,17537.01,0.0
ITEM01880,ORD00358,PROD0234,5,44365.75,20.0
ITEM01881,ORD00990,PROD0225,5,14241.29,40.0
ITEM01882,ORD01400,PROD0290,1,34740.37,10.0
ITEM01883,ORD00430,PROD0318,2,22743.45,0.0
ITEM01884,ORD01326,PROD0154,4,40091.03,10.0
ITEM01885,ORD00892,PROD0372,2,37990.61,5.0
ITEM01886,ORD00186,PROD0493,2,33817.1,25.0
ITEM01887,ORD00610,PROD0403,2,32161.41,0.0
ITEM01888,ORD00356,PROD0138,3,69612.46,10.0
ITEM01889,ORD00309,PROD0487,2,34074.75,0.0
ITEM01890,ORD01213,PROD0294,4,46956.24,5.0
ITEM01891,ORD01038,PROD0222,1,11981.85,0.0
ITEM01893,ORD00191,PROD0381,1,19997.77,5.0
ITEM01894,ORD00187,PROD0169,2,23155.59,20.0
ITEM01895,ORD00292,PROD0002,1,46543.37,10.0
ITEM01896,ORD00573,PROD0193,3,31424.03,20.0
ITEM01897,ORD01193,PROD0207,5,22786.24,0.0
ITEM01898,ORD01367,PROD0003,5,38668.98,10.0
ITEM01899,ORD01418,PROD0399,1,37300.13,0.0
ITEM01900,ORD00407,PROD0061,1,58579.62,0.0
ITEM01901,ORD00818,PROD0489,1,23171.63,5.0
ITEM01902,ORD00899,PROD0386,2,79984.21,25.0
ITEM01903,ORD00916,PROD0072,2,60389.91,30.0
ITEM01904,ORD00101,PROD0380,5,10270.48,40.0
ITEM01905,ORD00415,PROD0296,5,72588.88,0.0
ITEM01906,ORD01477,PROD0005,3,65167.45,5.0
ITEM01907,ORD00749,PROD0432,5,57869.41,10.0
ITEM01908,ORD00250,PROD0133,1,53218.52,0.0
ITEM01910,ORD00218,PROD0351,4,5434.54,0.0
ITEM01911,ORD00910,PROD0050,2,65066.81,40.0
ITEM01912,ORD00053,PROD0043,5,34045.81,30.0
ITEM01913,ORD00846,PROD0163,5,7020.33,10.0
ITEM01914,ORD00298,PROD0190,3,67071.3,10.0
ITEM01915,ORD00253,PROD0389,3,29735.43,0.0
ITEM01916,ORD00901,PROD0010,3,14128.78,25.0
ITEM01917,ORD01168,PROD0341,3,20118.83,0.0
ITEM01918,ORD01346,PROD0391,4,22739.77,10.0
ITEM01919,ORD00282,PROD0229,5,63347.56,15.0
ITEM01920,ORD00080,PROD0129,3,26306.23,25.0
ITEM01921,ORD00807,PROD0222,1,14159.85,0.0
ITEM01922,ORD01141,PROD0282,1,23630.65,25.0
ITEM01923,ORD00445,PROD0362,1,37356.66,15.0
ITEM01924,ORD00003,PROD0078,2,52373.97,10.0
ITEM01925,ORD01057,PROD0306,3,17289.17,40.0
ITEM01926,ORD01453,PROD0077,4,32608.88,0.0
ITEM01927,ORD00556,PROD0272,1,35038.77,10.0
ITEM01928,ORD00869,PROD0353,2,39225.31,10.0
ITEM01929,ORD00335,PROD0405,2,15402.52,10.0
ITEM01930,ORD01049,PROD0082,2,34865.37,5.0
ITEM01931,ORD00912,PROD0233,3,36275.81,0.0
ITEM01932,ORD00428,PROD0318,5,14432.12,40.0
ITEM01933,ORD01348,PROD0283,-1,81144.36,10.0
ITEM01934,ORD00472,PROD0352,1,7305.21,15.0
ITEM01935,ORD00153,PROD0403,3,38555.99,5.0
ITEM01936,ORD00646,PROD0010,4,15115.54,0.0
ITEM01937,ORD00496,PROD0017,5,49621.21,0.0
ITEM01939,ORD00142,PROD0044,2,37505.07,10.0
ITEM01940,ORD00714,PROD0235,1,29187.1,20.0
ITEM01941,ORD01107,PROD0382,2,43196.21,50.0
ITEM01942,ORD00340,PROD0066,4,64852.08,0.0
ITEM01943,ORD00913,PROD0046,3,25447.5,40.0
ITEM01944,ORD00081,PROD0367,4,63155.43,20.0
ITEM01945,ORD00572,PROD0223,2,3407.17,40.0
ITEM01946,ORD01319,PROD0396,3,27549.05,5.0
ITEM01947,ORD01233,PROD0372,3,24174.98,15.0
ITEM01948,ORD00261,PROD0458,4,34009.0,10.0
ITEM01949,ORD01390,PROD0113,3,39812.62,5.0
ITEM01950,ORD00207,PROD0495,5,8405.19,0.0
ITEM01951,ORD00676,PROD0122,4,34905.1,20.0
ITEM01952,ORD00060,PROD0409,2,35384.46,40.0
ITEM01953,ORD00423,PROD0159,2,14774.13,0.0
ITEM01954,ORD00559,PROD0180,4,19894.48,0.0
ITEM01955,ORD01467,PROD0210,2,71831.82,40.0
ITEM01956,ORD00387,PROD0388,2,41387.45,25.0
ITEM01957,ORD00313,PROD0343,4,31605.93,10.0
ITEM01958,ORD00715,PROD0002,4,62958.31,20.0
ITEM01959,ORD01226,PROD0199,4,7599.49,40.0
ITEM01960,ORD01465,PROD0439,-1,44348.89,40.0
ITEM01961,ORD01389,PROD0319,4,15162.28,25.0
ITEM01962,ORD00269,PROD0227,3,27186.28,20.0
ITEM01963,ORD00164,PROD0151,1,47866.92,15.0
ITEM01964,ORD00990,PROD0297,2,15016.03,5.0
ITEM01965,ORD00702,PROD0019,1,62393.47,25.0
ITEM01966,ORD00290,PROD0156,4,3367.46,50.0
ITEM01967,ORD01419,PROD0499,2,55201.13,5.0
ITEM01968,ORD01293,PROD0140,3,43475.03,0.0
ITEM01969,ORD01381,PROD0372,4,31356.55,10.0
ITEM01970,ORD01339,PROD0486,1,25944.54,5.0
ITEM01971,ORD00938,PROD0327,3,35344.45,15.0
ITEM01972,ORD01091,PROD0385,3,34619.42,0.0
ITEM01973,ORD01352,PROD0403,4,28938.74,15.0
ITEM01974,ORD00098,PROD0142,1,72188.74,20.0
ITEM01975,ORD01382,PROD0052,5,26517.88,10.0
ITEM01976,ORD00418,PROD0101,1,39922.52,10.0
ITEM01977,ORD01321,PROD0238,4,34872.55,0.0
ITEM01978,ORD00416,PROD0116,5,51274.63,20.0
ITEM01979,ORD00531,PROD0257,5,40583.48,25.0
ITEM01980,ORD00309,PROD0371,5,35942.76,0.0
ITEM01981,ORD00875,PROD0411,1,56525.71,50.0
ITEM01982,ORD00661,PROD0208,1,28319.01,5.0
ITEM01983,ORD00462,PROD0051,1,6089.1,0.0
ITEM01984,ORD00018,PROD0083,3,32143.14,5.0
ITEM01985,ORD00039,PROD0337,1,77457.59,25.0
ITEM01986,ORD00492,PROD0096,1,25305.5,0.0
ITEM01987,ORD00967,PROD0206,5,52602.77,20.0
ITEM01988,ORD01130,PROD0271,-2,52947.02,10.0
ITEM01989,ORD00363,PROD0052,5,27123.33,5.0
ITEM01990,ORD01123,PROD0030,1,54962.76,50.0
ITEM01991,ORD00760,PROD0104,4,42778.65,10.0
ITEM01992,ORD00823,PROD0304,1,72293.89,0.0
ITEM01993,ORD00723,PROD0414,1,62217.8,0.0
ITEM01994,ORD00651,PROD0471,1,84487.65,0.0
ITEM01995,ORD00886,PROD0385,1,41990.01,10.0
ITEM01996,ORD00425,PROD0239,5,59483.18,10.0
ITEM01997,ORD00241,PROD0400,4,70564.17,30.0
ITEM01998,ORD01103,PROD0080,3,29675.83,15.0
ITEM01999,ORD01255,PROD0316,1,27732.35,20.0
ITEM02000,ORD00664,PROD0133,3,43567.31,25.0
ITEM02001,ORD01081,PROD0326,5,38019.06,5.0
ITEM02002,ORD00930,PROD0187,1,72063.87,0.0
ITEM02003,ORD00696,PROD0491,2,66485.45,5.0
ITEM02004,ORD00153,PROD0085,1,36389.22,10.0
ITEM02005,ORD00470,PROD0086,4,31394.87,10.0
ITEM02006,ORD00059,PROD0002,4,61577.77,10.0
ITEM02007,ORD01047,PROD0029,4,2887.98,0.0
ITEM02008,ORD00677,PROD0213,1,5158.3,10.0
ITEM02009,ORD00064,PROD0263,5,27027.77,10.0
ITEM02010,ORD00312,PROD0428,2,143.13,15.0
ITEM02011,ORD00062,PROD0451,4,72468.39,0.0
ITEM02012,ORD00025,PROD0252,5,54875.12,0.0
ITEM02013,ORD00457,PROD0174,1,6031.67,10.0
ITEM02014,ORD00925,PROD0215,1,21388.44,30.0
ITEM02015,ORD00954,PROD0004,3,29541.87,10.0
ITEM02016,ORD00522,PROD0345,5,29502.26,5.0
ITEM02017,ORD00079,PROD0181,5,71391.09,0.0
ITEM02018,ORD00883,PROD0087,3,34299.4,0.0
ITEM02019,ORD01401,PROD0394,4,48649.36,40.0
ITEM02020,ORD00228,PROD0084,1,14644.57,5.0
ITEM02021,ORD00040,PROD0020,4,6455.55,15.0
ITEM02022,ORD00258,PROD0391,3,24986.82,25.0
ITEM02023,ORD01229,PROD0133,4,53548.1,0.0
ITEM02024,ORD01186,PROD0411,3,57313.06,0.0
ITEM02025,ORD01250,PROD0318,2,21015.47,10.0
ITEM02026,ORD00418,PROD0469,2,21041.16,0.0
ITEM02027,ORD00749,PROD0029,4,2919.09,30.0
ITEM02028,ORD00140,PROD0422,1,36831.04,0.0
ITEM02030,ORD00450,PROD0482,5,70298.21,20.0
ITEM02031,ORD01057,PROD0458,3,50009.87,25.0
ITEM02032,ORD01052,PROD0360,1,38417.2,15.0
ITEM02033,ORD00893,PROD0444,2,21600.8,0.0
ITEM02034,ORD01439,PROD0438,-1,23694.97,0.0
ITEM02035,ORD01090,PROD0006,1,1105.15,20.0
ITEM02037,ORD00483,PROD0162,1,76265.74,0.0
ITEM02038,ORD01144,PROD0189,4,28170.43,10.0
ITEM02039,ORD00458,PROD0187,5,66735.83,50.0
ITEM02040,ORD01340,PROD0358,-2,27093.15,0.0
ITEM02041,ORD01328,PROD0445,3,22857.57,0.0
ITEM02043,ORD00927,PROD0420,3,39500.78,30.0
ITEM02044,ORD00820,PROD0216,2,53259.23,10.0
ITEM02045,ORD01300,PROD0420,4,60005.64,25.0
ITEM02046,ORD00815,PROD0063,2,21155.42,10.0
ITEM02047,ORD01178,PROD0165,1,41545.37,0.0
ITEM02048,ORD00110,PROD0395,4,37007.79,30.0
ITEM02049,ORD00096,PROD0169,2,38548.31,0.0
ITEM02050,ORD00214,PROD0191,4,54303.72,10.0
ITEM02051,ORD00132,PROD0175,2,63845.83,5.0
ITEM02053,ORD00067,PROD0117,1,27510.74,0.0
ITEM02054,ORD01458,PROD0403,3,31464.06,20.0
ITEM02055,ORD00247,PROD0217,4,61735.77,0.0
ITEM02056,ORD00197,PROD0184,1,36438.89,0.0
ITEM02057,ORD00769,PROD0105,5,25274.15,10.0
ITEM02058,ORD01172,PROD0186,3,8380.71,20.0
ITEM02059,ORD00440,PROD0247,2,49929.01,10.0
ITEM02060,ORD01220,PROD0371,1,35842.1,10.0
ITEM02061,ORD00489,PROD0158,5,6061.43,0.0
ITEM02062,ORD00575,PROD0096,3,36442.73,25.0
ITEM02063,ORD00095,PROD0431,3,24111.25,20.0
ITEM02064,ORD01046,PROD0344,1,37763.08,0.0
ITEM02065,ORD01061,PROD0089,4,13576.46,15.0
ITEM02066,ORD00816,PROD0207,-4,30014.3,0.0
ITEM02067,ORD00599,PROD0265,1,26498.37,10.0
ITEM02068,ORD00978,PROD0220,1,8133.88,10.0
ITEM02069,ORD01470,PROD0457,2,66136.87,0.0
ITEM02070,ORD00772,PROD0485,2,2491.58,40.0
ITEM02071,ORD00566,PROD0107,4,52341.42,10.0
ITEM02072,ORD01316,PROD0355,5,33025.99,0.0
ITEM02073,ORD00755,PROD0458,5,43665.28,25.0
ITEM02074,ORD00880,PROD0311,1,28850.14,20.0
ITEM02075,ORD00757,PROD0265,5,27595.11,50.0
ITEM02076,ORD01480,PROD0303,2,19730.58,0.0
ITEM02077,ORD00172,PROD0172,2,31014.97,0.0
ITEM02078,ORD00279,PROD0178,5,55555.5,40.0
ITEM02079,ORD01209,PROD0310,4,46857.93,0.0
ITEM02080,ORD00950,PROD0215,3,23594.06,10.0
ITEM02081,ORD01194,PROD0231,3,2333.54,20.0
ITEM02082,ORD00001,PROD0161,3,2298.16,10.0
ITEM02083,ORD01343,PROD0030,5,75736.13,10.0
ITEM02084,ORD01005,PROD0238,3,40863.03,5.0
ITEM02085,ORD00928,PROD0082,1,26563.39,10.0
ITEM02086,ORD00361,PROD0442,5,32645.52,0.0
ITEM02087,ORD00820,PROD0433,2,41890.58,25.0
ITEM02088,ORD01225,PROD0384,4,74364.34,20.0
ITEM02089,ORD00755,PROD0093,2,21618.95,0.0
ITEM02090,ORD00446,PROD0330,1,46162.34,0.0
ITEM02091,ORD00019,PROD0039,3,55645.29,15.0
ITEM02092,ORD00178,PROD0251,1,52912.64,40.0
ITEM02093,ORD00543,PROD0055,1,1160.01,20.0
ITEM02094,ORD00551,PROD0081,5,5565.07,5.0
ITEM02095,ORD01241,PROD0148,5,7107.9,10.0
ITEM02096,ORD00455,PROD0284,3,23244.86,0.0
ITEM02097,ORD00485,PROD0054,5,69877.0,0.0
ITEM02098,ORD00553,PROD0300,2,33363.64,0.0
ITEM02099,ORD00125,PROD0461,-4,36443.74,50.0
ITEM02100,ORD01174,PROD0292,1,21094.7,0.0
ITEM02101,ORD01404,PROD0456,4,17596.94,0.0
ITEM02102,ORD00061,PROD0425,4,31214.38,10.0
ITEM02103,ORD00848,PROD0445,4,13653.12,30.0
ITEM02104,ORD00243,PROD0389,2,20500.64,25.0
ITEM02105,ORD00805,PROD0042,2,61103.96,10.0
ITEM02106,ORD01148,PROD0399,3,26210.88,15.0
ITEM02107,ORD00820,PROD0482,5,40364.72,0.0
ITEM02108,ORD00976,PROD0095,4,39856.47,0.0
ITEM02109,ORD00084,PROD0470,5,15664.85,0.0
ITEM02110,ORD00189,PROD0058,4,69001.8,0.0
ITEM02111,ORD00853,PROD0143,4,3409.21,40.0
ITEM02112,ORD00864,PROD0469,5,17344.68,0.0
ITEM02113,ORD01413,PROD0289,4,10092.49,20.0
ITEM02114,ORD00658,PROD0167,2,37920.48,30.0
ITEM02115,ORD00577,PROD0316,5,24573.7,5.0
ITEM02116,ORD00497,PROD0358,5,32738.37,0.0
ITEM02117,ORD00438,PROD0237,4,49903.27,0.0
ITEM02118,ORD00587,PROD0441,5,19544.2,0.0
ITEM02119,ORD00102,PROD0199,1,5074.9,0.0
ITEM02120,ORD00436,PROD0396,4,23249.79,0.0
ITEM02121,ORD01400,PROD0426,4,3341.96,10.0
ITEM02122,ORD01033,PROD0331,2,30313.96,10.0
ITEM02123,ORD01335,PROD0086,3,31303.51,5.0
ITEM02124,ORD00442,PROD0106,3,11723.45,15.0
ITEM02125,ORD00567,PROD0321,1,40313.33,10.0
ITEM02126,ORD00080,PROD0001,5,63817.25,10.0
ITEM02127,ORD01113,PROD0418,4,25434.93,50.0
ITEM02128,ORD00554,PROD0386,1,66519.06,0.0
ITEM02130,ORD00651,PROD0432,5,55017.75,0.0
ITEM02131,ORD00160,PROD0096,3,34411.22,20.0
ITEM02132,ORD00829,PROD0484,2,62043.93,15.0
ITEM02133,ORD00080,PROD0144,5,28244.66,30.0
ITEM02134,ORD00270,PROD0300,2,23173.67,5.0
ITEM02135,ORD00336,PROD0099,2,32706.42,0.0
ITEM02136,ORD00318,PROD0086,1,25831.16,0.0
ITEM02137,ORD01308,PROD0415,3,64529.46,5.0
ITEM02138,ORD00374,PROD0499,5,51692.5,30.0
ITEM02139,ORD00227,PROD0116,3,72870.72,5.0
ITEM02140,ORD00738,PROD0368,1,77148.8,0.0
ITEM02141,ORD00024,PROD0208,5,34506.47,25.0
ITEM02142,ORD00673,PROD0146,2,63265.13,15.0
ITEM02143,ORD00355,PROD0387,2,15949.67,25.0
ITEM02144,ORD00730,PROD0151,4,58569.74,30.0
ITEM02145,ORD01262,PROD0304,1,64559.76,25.0
ITEM02146,ORD00458,PROD0014,5,25029.61,50.0
ITEM02147,ORD00633,PROD0119,3,33249.5,20.0
ITEM02148,ORD01450,PROD0047,5,57545.51,0.0
ITEM02149,ORD01367,PROD0400,5,55589.8,5.0
ITEM02150,ORD00788,PROD0465,5,29967.5,15.0
ITEM02151,ORD00594,PROD0488,2,23614.33,0.0
ITEM02152,ORD00182,PROD0255,1,12939.1,10.0
ITEM02153,ORD01244,PROD0159,3,15608.85,0.0
ITEM02154,ORD01103,PROD0465,2,17611.97,10.0
ITEM02155,ORD00968,PROD0444,1,22295.42,10.0
ITEM02156,ORD00937,PROD0462,5,8580.45,50.0
ITEM02157,ORD00476,PROD0051,2,5396.4,5.0
ITEM02158,ORD01452,PROD0039,1,52030.87,10.0
ITEM02159,ORD01465,PROD0119,2,48218.25,40.0
ITEM02160,ORD01454,PROD0438,4,34065.22,5.0
ITEM02161,ORD01334,PROD0342,4,4885.38,0.0
ITEM02162,ORD00042,PROD0053,2,77373.25,20.0
ITEM02163,ORD00647,PROD0456,1,21823.42,10.0
ITEM02164,ORD00704,PROD0393,1,37651.0,10.0
ITEM02165,ORD00427,PROD0082,5,30168.56,30.0
ITEM02166,ORD00787,PROD0162,3,76870.66,0.0
ITEM02167,ORD00390,PROD0086,1,34004.94,5.0
ITEM02168,ORD01327,PROD0118,3,64106.62,0.0
ITEM02169,ORD00634,PROD0049,2,5908.06,0.0
ITEM02170,ORD00862,PROD0328,2,51640.76,15.0
ITEM02171,ORD01224,PROD0026,-4,57333.36,10.0
ITEM02172,ORD00413,PROD0303,2,17450.25,0.0
ITEM02173,ORD00223,PROD0310,3,51628.08,15.0
ITEM02174,ORD00207,PROD0129,2,36459.32,40.0
ITEM02175,ORD01311,PROD0257,3,34176.12,15.0
ITEM02176,ORD01251,PROD0346,5,44548.54,20.0
ITEM02177,ORD01175,PROD0303,1,14520.21,5.0
ITEM02178,ORD01259,PROD0278,1,52403.0,10.0
ITEM02179,ORD00874,PROD0325,5,570.48,0.0
ITEM02180,ORD00481,PROD0107,2,56502.41,10.0
ITEM02181,ORD00446,PROD0286,1,58568.67,5.0
ITEM02182,ORD00793,PROD0317,2,35066.81,5.0
ITEM02183,ORD00829,PROD0367,3,69875.93,40.0
ITEM02184,ORD00901,PROD0141,5,20380.82,5.0
ITEM02185,ORD01397,PROD0258,3,23392.82,20.0
ITEM02186,ORD00364,PROD0272,-5,31561.28,0.0
ITEM02187,ORD01248,PROD0397,4,33494.15,20.0
ITEM02188,ORD01399,PROD0245,2,47641.55,0.0
ITEM02189,ORD00269,PROD0261,4,38611.31,0.0
ITEM02190,ORD01221,PROD0300,3,32111.75,5.0
ITEM02191,ORD00669,PROD0111,3,51490.13,20.0
ITEM02192,ORD01130,PROD0042,-4,75735.99,0.0
ITEM02193,ORD01458,PROD0082,3,22309.65,0.0
ITEM02194,ORD00106,PROD0055,3,1238.37,20.0
ITEM02195,ORD01308,PROD0340,4,15028.49,0.0
ITEM02196,ORD00027,PROD0453,4,1461.75,0.0
ITEM02197,ORD00551,PROD0211,3,11441.47,30.0
ITEM02198,ORD00747,PROD0331,2,24052.87,20.0
ITEM02199,ORD00320,PROD0126,1,77010.04,0.0
ITEM02200,ORD00820,PROD0294,1,29898.69,20.0
ITEM02201,ORD01265,PROD0311,4,43703.06,5.0
ITEM02202,ORD00784,PROD0426,1,3877.94,0.0
ITEM02203,ORD01363,PROD0205,3,31437.26,25.0
ITEM02204,ORD00440,PROD0027,3,59210.0,10.0
ITEM02205,ORD01020,PROD0095,3,31351.15,15.0
ITEM02206,ORD00636,PROD0010,5,19459.36,0.0
ITEM02207,ORD00791,PROD0378,5,33044.66,0.0
ITEM02208,ORD01228,PROD0190,5,69490.76,15.0
ITEM02209,ORD01091,PROD0069,4,18386.69,0.0
ITEM02210,ORD00099,PROD0487,4,49149.17,25.0
ITEM02211,ORD01460,PROD0356,1,7544.91,30.0
ITEM02212,ORD00112,PROD0074,1,25355.57,5.0
ITEM02213,ORD00578,PROD0144,4,30958.19,25.0
ITEM02214,ORD00420,PROD0029,4,2526.44,25.0
ITEM02215,ORD01193,PROD0201,5,40980.82,20.0
ITEM02216,ORD01109,PROD0182,5,6482.01,5.0
ITEM02217,ORD00156,PROD0238,3,33066.01,10.0
ITEM02218,ORD01032,PROD0228,2,69403.67,25.0
ITEM02219,ORD00003,PROD0345,2,20171.29,20.0
ITEM02220,ORD00658,PROD0059,5,49432.74,0.0
ITEM02221,ORD00798,PROD0365,-4,40982.52,0.0
ITEM02222,ORD00642,PROD0481,1,32705.47,5.0
ITEM02223,ORD00457,PROD0142,-3,75737.9,0.0
ITEM02224,ORD00011,PROD0384,2,51099.26,10.0
ITEM02225,ORD00040,PROD0338,5,83601.27,5.0
ITEM02226,ORD01229,PROD0487,1,44468.17,10.0
ITEM02227,ORD00221,PROD0355,3,34741.45,15.0
ITEM02228,ORD00881,PROD0093,1,31219.25,25.0
ITEM02229,ORD00441,PROD0451,1,60335.65,10.0
ITEM02230,ORD00631,PROD0440,5,35224.17,10.0
ITEM02231,ORD01391,PROD0011,4,41068.31,15.0
ITEM02232,ORD00871,PROD0290,3,36826.02,15.0
ITEM02233,ORD00342,PROD0022,3,89408.31,10.0
ITEM02234,ORD00409,PROD0228,3,51734.55,0.0
ITEM02235,ORD00918,PROD0255,3,11066.72,5.0
ITEM02236,ORD00328,PROD0400,2,55658.26,10.0
ITEM02237,ORD00805,PROD0200,4,47169.31,10.0
ITEM02238,ORD00375,PROD0006,3,1005.8,20.0
ITEM02239,ORD00828,PROD0190,4,68868.99,25.0
ITEM02240,ORD00210,PROD0071,5,57929.13,0.0
ITEM02241,ORD00793,PROD0353,2,42874.98,10.0
ITEM02242,ORD00487,PROD0376,1,8810.87,15.0
ITEM02243,ORD00750,PROD0491,3,48963.76,0.0
ITEM02244,ORD00577,PROD0448,3,42796.09,10.0
ITEM02245,ORD00090,PROD0484,1,60754.57,5.0
ITEM02246,ORD00933,PROD0143,5,2471.72,15.0
ITEM02247,ORD01105,PROD0428,5,210.59,20.0
ITEM02248,ORD01263,PROD0245,3,61757.12,15.0
ITEM02249,ORD00199,PROD0026,4,50275.98,20.0
ITEM02250,ORD00757,PROD0151,5,40726.64,40.0
ITEM02251,ORD00129,PROD0268,2,40245.55,10.0
ITEM02252,ORD00261,PROD0203,1,6183.18,10.0
ITEM02253,ORD00779,PROD0232,3,38809.8,25.0
ITEM02254,ORD01135,PROD0132,4,61138.57,0.0
ITEM02255,ORD00948,PROD0449,2,7810.89,10.0
ITEM02256,ORD01089,PROD0474,1,43422.92,5.0
ITEM02257,ORD00058,PROD0153,1,4047.03,10.0
ITEM02258,ORD00727,PROD0419,5,33462.58,10.0
ITEM02259,ORD00843,PROD0481,4,29453.9,10.0
ITEM02260,ORD00696,PROD0357,1,8683.01,0.0
ITEM02261,ORD01458,PROD0265,1,19682.83,15.0
ITEM02262,ORD00749,PROD0333,5,35641.22,5.0
ITEM02263,ORD01049,PROD0149,3,67220.99,10.0
ITEM02264,ORD01293,PROD0452,3,53469.41,30.0
ITEM02265,ORD01016,PROD0117,4,27108.11,0.0
ITEM02266,ORD00015,PROD0218,2,30952.55,0.0
ITEM02267,ORD00922,PROD0203,4,5402.59,15.0
ITEM02268,ORD01180,PROD0012,4,14551.46,20.0
ITEM02269,ORD00326,PROD0455,5,38396.0,30.0
ITEM02270,ORD00405,PROD0094,4,38316.16,10.0
ITEM02271,ORD01119,PROD0440,5,38295.09,15.0
ITEM02272,ORD00285,PROD0398,1,23418.88,20.0
ITEM02273,ORD01112,PROD0232,5,32476.39,10.0
ITEM02274,ORD01472,PROD0112,3,23632.7,15.0
ITEM02275,ORD00926,PROD0414,4,85255.38,10.0
ITEM02276,ORD01350,PROD0106,2,11622.61,5.0
ITEM02277,ORD00405,PROD0417,5,14805.03,15.0
ITEM02278,ORD01067,PROD0445,4,21921.42,50.0
ITEM02279,ORD00135,PROD0013,3,27174.46,20.0
ITEM02280,ORD00814,PROD0327,1,32974.95,25.0
ITEM02281,ORD00470,PROD0327,2,32545.45,0.0
ITEM02282,ORD00936,PROD0061,1,69024.88,0.0
ITEM02283,ORD00964,PROD0439,1,58607.92,10.0
ITEM02284,ORD00072,PROD0206,4,78949.79,0.0
ITEM02285,ORD01432,PROD0201,1,38908.37,20.0
ITEM02286,ORD01238,PROD0206,5,82294.56,30.0
ITEM02287,ORD01461,PROD0347,1,71911.1,10.0
ITEM02288,ORD00807,PROD0484,5,83013.64,0.0
ITEM02289,ORD01156,PROD0429,5,64860.74,0.0
ITEM02290,ORD01487,PROD0291,2,5974.52,10.0
ITEM02291,ORD00615,PROD0288,3,14515.41,40.0
ITEM02292,ORD00095,PROD0394,2,51148.57,10.0
ITEM02293,ORD00846,PROD0235,1,43831.85,10.0
ITEM02294,ORD01280,PROD0422,5,55447.82,0.0
ITEM02295,ORD01380,PROD0208,2,34630.07,0.0
ITEM02296,ORD01404,PROD0368,5,77658.34,15.0
ITEM02297,ORD00408,PROD0341,1,23778.36,15.0
ITEM02298,ORD00830,PROD0122,3,62166.89,15.0
ITEM02299,ORD00878,PROD0328,1,71127.29,0.0
ITEM02300,ORD00051,PROD0184,5,56739.69,40.0
ITEM02301,ORD00719,PROD0231,4,1760.99,10.0
ITEM02302,ORD00270,PROD0033,5,62856.87,10.0
ITEM02303,ORD01373,PROD0002,5,57777.77,10.0
ITEM02304,ORD00880,PROD0491,2,89148.75,10.0
ITEM02305,ORD00980,PROD0263,3,39941.09,15.0
ITEM02306,ORD00954,PROD0126,2,73025.72,20.0
ITEM02307,ORD00899,PROD0356,1,11334.56,10.0
ITEM02308,ORD00157,PROD0276,4,45728.82,10.0
ITEM02309,ORD00591,PROD0475,4,41834.46,40.0
ITEM02310,ORD00451,PROD0139,1,74547.3,5.0
ITEM02311,ORD01114,PROD0331,1,34179.29,0.0
ITEM02312,ORD01410,PROD0334,5,56171.33,30.0
ITEM02313,ORD00698,PROD0337,5,53439.86,0.0
ITEM02314,ORD00687,PROD0001,4,52440.3,20.0
ITEM02315,ORD00883,PROD0059,5,68168.66,40.0
ITEM02316,ORD00568,PROD0212,1,39331.1,10.0
ITEM02317,ORD00198,PROD0025,5,34258.95,15.0
ITEM02318,ORD01492,PROD0017,1,67448.16,10.0
ITEM02319,ORD00815,PROD0206,2,56742.03,15.0
ITEM02320,ORD00050,PROD0213,3,6900.13,25.0
ITEM02321,ORD01304,PROD0432,1,46507.53,15.0
ITEM02322,ORD00293,PROD0010,5,16839.48,10.0
ITEM02323,ORD00867,PROD0297,5,25721.3,0.0
ITEM02324,ORD00115,PROD0332,3,49093.67,0.0
ITEM02325,ORD00934,PROD0215,4,21148.94,30.0
ITEM02326,ORD01054,PROD0351,5,5028.61,30.0
ITEM02327,ORD00226,PROD0198,2,15273.75,20.0
ITEM02328,ORD01198,PROD0208,1,30866.28,10.0
ITEM02329,ORD00740,PROD0272,1,30241.87,0.0
ITEM02330,ORD01173,PROD0062,2,50799.57,50.0
ITEM02331,ORD00633,PROD0216,3,50905.9,0.0
ITEM02332,ORD01208,PROD0112,5,21200.07,5.0
ITEM02333,ORD01437,PROD0334,3,37995.61,5.0
ITEM02334,ORD01409,PROD0268,4,51685.31,30.0
ITEM02335,ORD01249,PROD0042,3,52703.55,25.0
ITEM02336,ORD00640,PROD0477,3,7029.24,0.0
ITEM02337,ORD00649,PROD0449,4,7743.62,10.0
ITEM02338,ORD01257,PROD0300,2,20992.27,40.0
ITEM02339,ORD01316,PROD0235,1,35432.39,0.0
ITEM02340,ORD01486,PROD0466,4,16683.43,10.0
ITEM02341,ORD00059,PROD0418,1,44806.07,0.0
ITEM02342,ORD00321,PROD0193,4,40045.83,0.0
ITEM02343,ORD01421,PROD0471,2,77304.2,5.0
ITEM02344,ORD00107,PROD0069,3,27562.8,0.0
ITEM02345,ORD00266,PROD0182,4,7607.52,0.0
ITEM02346,ORD00892,PROD0386,5,52848.0,25.0
ITEM02347,ORD00607,PROD0405,3,11445.19,15.0
ITEM02348,ORD00574,PROD0498,4,42116.73,25.0
ITEM02349,ORD00147,PROD0140,5,44092.15,10.0
ITEM02350,ORD01128,PROD0061,5,56626.06,10.0
ITEM02351,ORD01351,PROD0256,3,18692.98,0.0
ITEM02352,ORD00753,PROD0365,2,50630.62,50.0
ITEM02353,ORD01314,PROD0492,4,6133.14,0.0
ITEM02354,ORD01355,PROD0207,5,27625.14,20.0
ITEM02355,ORD00293,PROD0497,3,52921.39,10.0
ITEM02356,ORD01210,PROD0067,3,60127.12,10.0
ITEM02357,ORD01403,PROD0249,2,63487.45,0.0
ITEM02358,ORD01065,PROD0026,2,71729.85,15.0
ITEM02359,ORD00194,PROD0199,4,4941.39,10.0
ITEM02360,ORD00858,PROD0066,4,44549.62,5.0
ITEM02361,ORD00616,PROD0495,5,11320.23,10.0
ITEM02362,ORD00839,PROD0091,3,44725.17,5.0
ITEM02363,ORD01352,PROD0303,5,22123.97,15.0
ITEM02364,ORD00267,PROD0080,5,27077.66,20.0
ITEM02365,ORD01032,PROD0376,2,8084.83,5.0
ITEM02366,ORD00861,PROD0284,4,31332.07,10.0
ITEM02367,ORD00481,PROD0238,4,45887.57,15.0
ITEM02368,ORD01090,PROD0191,4,58462.18,0.0
ITEM02369,ORD00582,PROD0063,5,20146.45,0.0
ITEM02370,ORD00467,PROD0268,3,58984.7,30.0
ITEM02371,ORD00904,PROD0417,3,15640.52,0.0
ITEM02372,ORD00506,PROD0271,5,63383.18,0.0
ITEM02373,ORD00693,PROD0065,1,31352.82,0.0
ITEM02374,ORD00558,PROD0035,1,5894.85,15.0
ITEM02375,ORD01076,PROD0338,4,75803.6,0.0
ITEM02376,ORD00598,PROD0316,1,24521.1,40.0
ITEM02377,ORD00425,PROD0157,2,81838.41,25.0
ITEM02378,ORD00509,PROD0446,5,49802.4,0.0
ITEM02379,ORD00717,PROD0154,2,42475.66,10.0
ITEM02380,ORD01219,PROD0295,2,42176.64,30.0
ITEM02381,ORD00579,PROD0432,2,46962.32,0.0
ITEM02382,ORD01282,PROD0314,3,27827.76,25.0
ITEM02383,ORD01489,PROD0197,2,39645.31,0.0
ITEM02384,ORD01127,PROD0006,2,1125.67,0.0
ITEM02385,ORD00013,PROD0094,2,28441.53,0.0
ITEM02387,ORD00245,PROD0483,5,17761.43,40.0
ITEM02388,ORD00641,PROD0287,4,60984.41,0.0
ITEM02389,ORD00306,PROD0481,5,41245.66,30.0
ITEM02390,ORD00098,PROD0419,3,24098.51,10.0
ITEM02391,ORD00470,PROD0068,1,35718.88,10.0
ITEM02392,ORD00496,PROD0187,1,49237.14,10.0
ITEM02393,ORD00914,PROD0210,5,66657.56,10.0
ITEM02394,ORD01066,PROD0171,2,25809.94,20.0
ITEM02395,ORD00139,PROD0334,3,57927.17,25.0
ITEM02396,ORD00289,PROD0004,3,32247.86,10.0
ITEM02397,ORD00494,PROD0062,-3,58556.94,0.0
ITEM02398,ORD00567,PROD0038,4,37709.09,15.0
ITEM02399,ORD00912,PROD0162,1,75980.7,0.0
ITEM02400,ORD01472,PROD0255,2,13651.09,15.0
ITEM02401,ORD00245,PROD0038,3,34471.31,0.0
ITEM02402,ORD00196,PROD0215,5,15667.36,20.0
ITEM02403,ORD00287,PROD0092,2,49632.2,15.0
ITEM02404,ORD00903,PROD0427,5,72822.6,10.0
ITEM02405,ORD01289,PROD0037,5,45071.58,10.0
ITEM02406,ORD01315,PROD0108,2,36285.79,0.0
ITEM02407,ORD01357,PROD0095,3,49603.29,0.0
ITEM02408,ORD00456,PROD0230,5,11007.6,0.0
ITEM02409,ORD00817,PROD0139,1,67786.53,10.0
ITEM02410,ORD00330,PROD0491,2,70398.37,20.0
ITEM02411,ORD00942,PROD0162,1,80995.52,15.0
ITEM02412,ORD00991,PROD0241,1,39868.45,20.0
ITEM02413,ORD01286,PROD0312,4,19770.1,15.0
ITEM02414,ORD00531,PROD0471,3,74701.35,0.0
ITEM02415,ORD01280,PROD0356,2,8697.77,25.0
ITEM02416,ORD00480,PROD0304,3,61419.41,5.0
ITEM02417,ORD00494,PROD0099,1,48957.28,15.0
ITEM02418,ORD00084,PROD0038,3,35723.76,10.0
ITEM02419,ORD00127,PROD0177,1,38247.81,20.0
ITEM02420,ORD00266,PROD0414,4,54659.57,0.0
ITEM02421,ORD00116,PROD0368,4,81949.17,15.0
ITEM02422,ORD00261,PROD0128,1,12689.14,30.0
ITEM02423,ORD01322,PROD0025,4,44991.89,0.0
ITEM02424,ORD00819,PROD0146,2,40562.93,30.0
ITEM02425,ORD00049,PROD0411,3,42408.2,5.0
ITEM02426,ORD00207,PROD0160,3,52986.32,50.0
ITEM02427,ORD00981,PROD0390,5,46957.19,0.0
ITEM02428,ORD00317,PROD0042,1,76439.24,15.0
ITEM02429,ORD01111,PROD0302,2,38355.39,20.0
ITEM02430,ORD00663,PROD0379,2,40154.41,10.0
ITEM02431,ORD00958,PROD0469,5,19953.27,5.0
ITEM02432,ORD01231,PROD0486,1,29248.78,15.0
ITEM02433,ORD00033,PROD0274,2,24650.89,5.0
ITEM02434,ORD01032,PROD0081,3,5538.55,0.0
ITEM02435,ORD00964,PROD0462,4,8239.02,20.0
ITEM02436,ORD00813,PROD0106,2,13540.92,5.0
ITEM02437,ORD00373,PROD0214,1,12429.27,30.0
ITEM02438,ORD00699,PROD0310,3,51902.93,0.0
ITEM02440,ORD00129,PROD0391,-4,31044.62,10.0
ITEM02441,ORD00892,PROD0259,5,60373.54,10.0
ITEM02442,ORD01332,PROD0497,2,38123.81,0.0
ITEM02443,ORD00094,PROD0348,5,12822.92,15.0
ITEM02444,ORD00522,PROD0048,3,29889.38,25.0
ITEM02445,ORD00736,PROD0041,2,55451.33,25.0
ITEM02446,ORD00894,PROD0194,3,17111.27,10.0
ITEM02447,ORD01480,PROD0284,1,24949.14,5.0
ITEM02448,ORD00568,PROD0410,2,59567.35,15.0
ITEM02449,ORD00919,PROD0058,4,60049.4,0.0
ITEM02450,ORD00161,PROD0233,2,59357.98,0.0
ITEM02451,ORD00774,PROD0161,4,2353.94,15.0
ITEM02452,ORD00364,PROD0244,-3,47378.51,5.0
ITEM02453,ORD01092,PROD0143,1,2577.44,25.0
ITEM02454,ORD00079,PROD0348,2,13995.09,30.0
ITEM02455,ORD01057,PROD0459,4,43941.96,20.0
ITEM02456,ORD01465,PROD0149,1,49211.18,25.0
ITEM02457,ORD00403,PROD0294,2,33436.72,10.0
ITEM02458,ORD00706,PROD0216,4,75605.62,25.0
ITEM02459,ORD00160,PROD0209,4,16731.93,0.0
ITEM02460,ORD01369,PROD0168,5,8523.9,5.0
ITEM02461,ORD00952,PROD0002,1,57610.77,0.0
ITEM02462,ORD01318,PROD0197,5,33769.44,5.0
ITEM02463,ORD00645,PROD0067,5,60170.3,30.0
ITEM02464,ORD01383,PROD0004,4,30263.57,10.0
ITEM02465,ORD00728,PROD0025,1,37337.09,5.0
ITEM02466,ORD00392,PROD0022,2,68645.73,10.0
ITEM02467,ORD00990,PROD0005,2,58815.0,20.0
ITEM02468,ORD01173,PROD0455,4,33609.55,0.0
ITEM02469,ORD01256,PROD0005,5,68219.5,0.0
ITEM02470,ORD00878,PROD0441,1,21492.53,10.0
ITEM02471,ORD01089,PROD0085,2,24096.81,15.0
ITEM02472,ORD00923,PROD0074,1,23891.08,15.0
ITEM02473,ORD00984,PROD0174,2,4030.7,20.0
ITEM02474,ORD01097,PROD0236,-5,76732.57,10.0
ITEM02475,ORD01437,PROD0306,1,12784.24,10.0
ITEM02476,ORD00668,PROD0423,4,13094.1,0.0
ITEM02477,ORD00867,PROD0320,4,59383.98,0.0
ITEM02478,ORD00433,PROD0442,3,57413.79,30.0
ITEM02479,ORD01488,PROD0486,3,33457.59,15.0
ITEM02480,ORD01309,PROD0132,5,58678.16,40.0
ITEM02481,ORD00156,PROD0023,5,25008.64,40.0
ITEM02482,ORD01173,PROD0145,3,20938.98,0.0
ITEM02483,ORD00247,PROD0047,1,55979.76,15.0
ITEM02484,ORD00892,PROD0062,5,58786.89,5.0
ITEM02485,ORD00707,PROD0323,2,727.54,0.0
ITEM02486,ORD00221,PROD0430,3,8344.86,5.0
ITEM02487,ORD00449,PROD0208,2,26339.45,10.0
ITEM02488,ORD00386,PROD0352,1,7091.42,10.0
ITEM02489,ORD00652,PROD0254,4,50426.23,5.0
ITEM02490,ORD00732,PROD0121,4,28966.32,0.0
ITEM02491,ORD01186,PROD0216,3,74299.85,10.0
ITEM02492,ORD00457,PROD0016,3,5713.89,10.0
ITEM02493,ORD00454,PROD0328,4,53571.83,30.0
ITEM02494,ORD00436,PROD0208,2,23626.1,5.0
ITEM02495,ORD00895,PROD0033,3,54224.97,0.0
ITEM02496,ORD00642,PROD0192,1,12023.6,0.0
ITEM02497,ORD00361,PROD0118,1,58512.99,10.0
ITEM02498,ORD00506,PROD0415,4,53113.99,0.0
ITEM02499,ORD00141,PROD0270,1,32172.39,5.0
ITEM02500,ORD00477,PROD0092,1,33434.06,0.0
ITEM02501,ORD01403,PROD0303,4,16045.08,10.0
ITEM02502,ORD00912,PROD0029,3,2879.88,20.0
ITEM02503,ORD01486,PROD0188,3,28517.85,15.0
ITEM02504,ORD01228,PROD0470,1,17639.79,5.0
ITEM02505,ORD00727,PROD0236,1,52011.73,20.0
ITEM02506,ORD01072,PROD0478,5,14991.5,10.0
ITEM02507,ORD01163,PROD0223,3,3777.06,25.0
ITEM02508,ORD00337,PROD0208,4,34503.41,5.0
ITEM02509,ORD00613,PROD0454,2,54090.04,0.0
ITEM02510,ORD00924,PROD0166,4,65924.63,0.0
ITEM02511,ORD01215,PROD0344,4,48034.22,10.0
ITEM02512,ORD01441,PROD0004,4,33619.01,0.0
ITEM02513,ORD00080,PROD0096,4,37864.58,25.0
ITEM02514,ORD01072,PROD0411,5,67317.74,0.0
ITEM02515,ORD00639,PROD0439,1,40245.22,10.0
ITEM02516,ORD00122,PROD0084,3,8300.41,10.0
ITEM02517,ORD00718,PROD0124,2,20926.44,15.0
ITEM02518,ORD00387,PROD0310,2,45123.09,20.0
ITEM02519,ORD01292,PROD0069,4,19057.47,0.0
ITEM02520,ORD01196,PROD0021,5,41246.9,30.0
ITEM02521,ORD01246,PROD0165,2,30826.65,25.0
ITEM02522,ORD00507,PROD0479,4,31811.14,5.0
ITEM02523,ORD00120,PROD0441,2,27176.9,0.0
ITEM02524,ORD00054,PROD0225,2,11805.34,15.0
ITEM02525,ORD00341,PROD0364,5,10489.25,25.0
ITEM02526,ORD01301,PROD0334,2,36818.77,0.0
ITEM02527,ORD00435,PROD0094,1,24269.2,0.0
ITEM02528,ORD01167,PROD0001,5,47440.55,0.0
ITEM02529,ORD00322,PROD0390,5,64647.97,0.0
ITEM02530,ORD00527,PROD0071,3,50615.59,10.0
ITEM02531,ORD00133,PROD0037,5,45418.47,0.0
ITEM02532,ORD00233,PROD0312,4,18810.77,5.0
ITEM02533,ORD01048,PROD0165,3,44043.59,25.0
ITEM02534,ORD00573,PROD0354,4,19454.82,0.0
ITEM02535,ORD00697,PROD0475,4,56866.88,10.0
ITEM02536,ORD00764,PROD0312,2,28269.11,10.0
ITEM02537,ORD01429,PROD0114,1,2331.1,20.0
ITEM02538,ORD01278,PROD0202,2,68800.54,0.0
ITEM02539,ORD00780,PROD0080,4,20999.98,50.0
ITEM02540,ORD00226,PROD0372,-2,38279.03,10.0
ITEM02541,ORD01377,PROD0240,2,25095.12,30.0
ITEM02542,ORD00391,PROD0213,5,8218.54,15.0
ITEM02543,ORD01310,PROD0018,4,59112.83,30.0
ITEM02544,ORD01396,PROD0374,-4,55540.91,0.0
ITEM02545,ORD01405,PROD0286,2,56123.42,5.0
ITEM02546,ORD00052,PROD0018,3,42191.28,0.0
ITEM02547,ORD00715,PROD0258,2,23516.32,15.0
ITEM02548,ORD01129,PROD0044,1,54323.45,15.0
ITEM02549,ORD00373,PROD0406,1,47036.06,0.0
ITEM02550,ORD00809,PROD0254,4,59127.65,10.0
ITEM02551,ORD00572,PROD0389,2,26293.13,10.0
ITEM02552,ORD01326,PROD0216,5,48844.58,30.0
ITEM02553,ORD01481,PROD0432,2,57199.86,0.0
ITEM02554,ORD01351,PROD0021,4,42991.41,0.0
ITEM02555,ORD00931,PROD0261,3,48971.99,15.0
ITEM02556,ORD01041,PROD0407,4,65670.23,30.0
ITEM02557,ORD01179,PROD0408,4,6549.28,20.0
ITEM02558,ORD00151,PROD0145,3,19621.41,5.0
ITEM02559,ORD00262,PROD0249,2,54099.73,0.0
ITEM02560,ORD00906,PROD0474,5,30704.62,15.0
ITEM02561,ORD01306,PROD0293,5,19043.17,25.0
ITEM02562,ORD00075,PROD0363,5,20479.42,20.0
ITEM02563,ORD00921,PROD0132,5,52508.7,10.0
ITEM02565,ORD00398,PROD0008,-5,57763.79,20.0
ITEM02566,ORD01454,PROD0339,4,35631.93,20.0
ITEM02567,ORD01084,PROD0224,2,9693.66,0.0
ITEM02568,ORD00334,PROD0114,3,3817.32,30.0
ITEM02569,ORD01094,PROD0052,2,18908.09,20.0
ITEM02570,ORD01106,PROD0300,5,30900.69,25.0
ITEM02571,ORD00532,PROD0039,-1,50876.39,5.0
ITEM02572,ORD01376,PROD0148,3,8521.95,0.0
ITEM02573,ORD00077,PROD0009,1,32580.74,0.0
ITEM02574,ORD00849,PROD0231,2,2344.74,0.0
ITEM02575,ORD00849,PROD0099,5,45480.21,20.0
ITEM02576,ORD00211,PROD0156,3,4230.32,0.0
ITEM02577,ORD01117,PROD0456,2,25497.72,5.0
ITEM02578,ORD00147,PROD0367,5,66615.85,15.0
ITEM02579,ORD00743,PROD0033,5,70778.73,10.0
ITEM02580,ORD00906,PROD0466,2,24579.33,10.0
ITEM02581,ORD00118,PROD0330,4,59721.57,0.0
ITEM02582,ORD00188,PROD0337,3,69432.53,0.0
ITEM02583,ORD01029,PROD0268,1,34438.84,50.0
ITEM02584,ORD01134,PROD0103,3,12071.53,10.0
ITEM02585,ORD01093,PROD0190,4,56737.21,20.0
ITEM02586,ORD00127,PROD0295,3,44741.3,5.0
ITEM02587,ORD00903,PROD0386,5,77446.3,10.0
ITEM02588,ORD01289,PROD0228,5,62498.69,20.0
ITEM02589,ORD01017,PROD0199,5,4970.72,0.0
ITEM02590,ORD00709,PROD0002,4,75657.79,0.0
ITEM02591,ORD00186,PROD0203,1,6426.4,25.0
ITEM02592,ORD00201,PROD0031,2,15426.12,10.0
ITEM02593,ORD00999,PROD0197,1,42370.99,0.0
ITEM02594,ORD01260,PROD0166,3,53687.02,20.0
ITEM02595,ORD00823,PROD0351,3,6527.22,5.0
ITEM02596,ORD01437,PROD0341,4,35172.2,5.0
ITEM02597,ORD01242,PROD0385,4,43509.97,5.0
ITEM02599,ORD00404,PROD0003,4,38780.15,10.0
ITEM02600,ORD00785,PROD0173,4,62841.47,25.0
ITEM02601,ORD01320,PROD0439,1,44440.54,5.0
ITEM02602,ORD00745,PROD0213,-3,6243.14,5.0
ITEM02603,ORD00325,PROD0079,3,1817.35,25.0
ITEM02604,ORD01053,PROD0134,5,43838.1,10.0
ITEM02605,ORD00754,PROD0242,1,87481.79,0.0
ITEM02606,ORD00092,PROD0435,2,858.49,10.0
ITEM02607,ORD01213,PROD0468,4,27511.9,0.0
ITEM02608,ORD00042,PROD0398,3,26176.25,25.0
ITEM02609,ORD01331,PROD0445,1,13338.34,10.0
ITEM02610,ORD00746,PROD0491,2,58723.83,0.0
ITEM02611,ORD00047,PROD0319,-3,10946.84,0.0
ITEM02612,ORD00323,PROD0109,4,2896.48,0.0
ITEM02613,ORD00651,PROD0024,3,2032.44,20.0
ITEM02614,ORD00464,PROD0277,5,35655.29,0.0
ITEM02615,ORD00415,PROD0312,3,30652.39,20.0
ITEM02616,ORD01164,PROD0109,5,2487.06,0.0
ITEM02617,ORD00245,PROD0395,1,47271.34,25.0
ITEM02618,ORD00602,PROD0244,5,50717.86,25.0
ITEM02619,ORD01342,PROD0070,3,60276.1,50.0
ITEM02620,ORD00170,PROD0285,2,11378.69,5.0
ITEM02621,ORD01338,PROD0313,1,50844.82,0.0
ITEM02622,ORD00991,PROD0469,2,12305.81,5.0
ITEM02623,ORD00167,PROD0395,4,45671.91,0.0
ITEM02624,ORD01117,PROD0261,1,57112.43,10.0
ITEM02625,ORD00460,PROD0256,2,23707.3,10.0
ITEM02626,ORD00190,PROD0347,3,41960.94,10.0
ITEM02627,ORD01497,PROD0322,1,34850.34,0.0
ITEM02628,ORD00845,PROD0222,5,10384.27,0.0
ITEM02629,ORD01406,PROD0076,-1,12430.87,25.0
ITEM02630,ORD01415,PROD0497,5,39567.83,15.0
ITEM02631,ORD01126,PROD0391,5,21182.77,0.0
ITEM02632,ORD00011,PROD0431,4,33188.05,0.0
ITEM02633,ORD01279,PROD0160,-2,54436.33,0.0
ITEM02634,ORD01440,PROD0381,4,24289.47,10.0
ITEM02635,ORD00593,PROD0273,3,4466.62,15.0
ITEM02636,ORD01101,PROD0490,3,29469.73,0.0
ITEM02637,ORD00494,PROD0461,3,42868.67,50.0
ITEM02638,ORD01119,PROD0352,2,7771.57,0.0
ITEM02639,ORD00345,PROD0257,2,33723.09,25.0
ITEM02640,ORD00718,PROD0164,5,63503.88,25.0
ITEM02641,ORD00850,PROD0357,3,10872.67,0.0
ITEM02642,ORD00408,PROD0216,2,49621.8,0.0
ITEM02643,ORD00740,PROD0457,3,68307.7,20.0
ITEM02644,ORD00142,PROD0193,3,41497.44,0.0
ITEM02645,ORD01464,PROD0216,3,74237.8,30.0
ITEM02646,ORD00708,PROD0108,4,28443.44,0.0
ITEM02647,ORD00406,PROD0002,2,58366.56,25.0
ITEM02648,ORD00944,PROD0110,1,51524.12,5.0
ITEM02649,ORD01204,PROD0416,1,68359.53,10.0
ITEM02650,ORD01220,PROD0257,2,26474.35,30.0
ITEM02651,ORD01330,PROD0422,3,42716.06,10.0
ITEM02652,ORD00453,PROD0213,5,7184.59,25.0
ITEM02653,ORD00072,PROD0478,2,14090.37,0.0
ITEM02654,ORD00988,PROD0236,2,75482.88,15.0
ITEM02655,ORD01462,PROD0061,5,60178.11,40.0
ITEM02656,ORD01017,PROD0014,2,35217.25,0.0
ITEM02657,ORD00929,PROD0348,1,13567.77,0.0
ITEM02658,ORD01095,PROD0417,4,21537.66,5.0
ITEM02659,ORD01108,PROD0140,5,44791.31,15.0
ITEM02660,ORD00097,PROD0230,5,9309.32,0.0
ITEM02661,ORD01214,PROD0239,5,66193.19,5.0
ITEM02662,ORD01383,PROD0133,4,42638.06,10.0
ITEM02663,ORD00421,PROD0161,5,2498.13,10.0
ITEM02664,ORD01034,PROD0420,5,62090.41,10.0
ITEM02665,ORD00491,PROD0351,-4,4752.86,20.0
ITEM02666,ORD01154,PROD0237,3,45033.0,10.0
ITEM02667,ORD00206,PROD0165,1,36225.24,10.0
ITEM02668,ORD01004,PROD0155,5,16379.23,20.0
ITEM02669,ORD00572,PROD0322,4,28299.11,25.0
ITEM02670,ORD00859,PROD0108,5,37283.15,10.0
ITEM02671,ORD00648,PROD0211,1,11577.7,25.0
ITEM02672,ORD00164,PROD0492,4,5627.53,5.0
ITEM02673,ORD01154,PROD0078,4,35592.71,15.0
ITEM02674,ORD00847,PROD0093,5,22553.04,0.0
ITEM02675,ORD00199,PROD0436,1,45854.01,10.0
ITEM02676,ORD00082,PROD0414,2,73551.84,30.0
ITEM02677,ORD00566,PROD0332,5,58522.99,15.0
ITEM02678,ORD00214,PROD0434,1,6348.7,10.0
ITEM02679,ORD01427,PROD0069,1,27174.07,15.0
ITEM02680,ORD00810,PROD0251,4,39368.57,5.0
ITEM02681,ORD01057,PROD0390,5,66303.13,0.0
ITEM02682,ORD01170,PROD0061,5,45567.46,0.0
ITEM02683,ORD01381,PROD0247,5,57030.43,10.0
ITEM02684,ORD00029,PROD0199,2,6247.58,0.0
ITEM02685,ORD00671,PROD0464,4,30566.32,15.0
ITEM02686,ORD00328,PROD0312,1,32584.36,0.0
ITEM02687,ORD00445,PROD0162,4,46259.29,5.0
ITEM02688,ORD01312,PROD0262,5,6892.74,20.0
ITEM02689,ORD01423,PROD0443,2,55045.06,5.0
ITEM02690,ORD00733,PROD0354,4,20757.9,10.0
ITEM02691,ORD00458,PROD0379,2,27131.05,25.0
ITEM02692,ORD01495,PROD0337,2,83346.93,0.0
ITEM02693,ORD01072,PROD0169,1,29627.86,15.0
ITEM02694,ORD01373,PROD0394,1,55278.43,5.0
ITEM02695,ORD00646,PROD0330,4,44339.62,15.0
ITEM02696,ORD01223,PROD0346,2,60713.03,10.0
ITEM02697,ORD00989,PROD0364,3,15563.32,0.0
ITEM02698,ORD00241,PROD0189,5,29103.15,0.0
ITEM02699,ORD01306,PROD0498,1,37286.11,5.0
ITEM02700,ORD00306,PROD0248,1,9406.51,20.0
ITEM02701,ORD00578,PROD0480,3,9344.58,25.0
ITEM02702,ORD01060,PROD0102,4,50131.98,0.0
ITEM02703,ORD00968,PROD0322,5,34652.1,15.0
ITEM02704,ORD01241,PROD0381,4,18365.62,25.0
ITEM02705,ORD00173,PROD0231,5,2602.31,0.0
ITEM02706,ORD01100,PROD0452,3,44129.62,25.0
ITEM02707,ORD00563,PROD0322,4,26114.6,10.0
ITEM02708,ORD00113,PROD0135,-4,44518.72,10.0
ITEM02709,ORD00988,PROD0151,2,35115.38,25.0
ITEM02710,ORD00048,PROD0217,4,60256.41,40.0
ITEM02711,ORD00966,PROD0417,4,13222.13,0.0
ITEM02712,ORD00307,PROD0069,4,24460.38,0.0
ITEM02713,ORD01303,PROD0256,2,21988.41,25.0
ITEM02714,ORD00546,PROD0182,4,9518.84,5.0
ITEM02715,ORD00528,PROD0362,5,40129.48,30.0
ITEM02716,ORD00686,PROD0343,4,19838.5,0.0
ITEM02717,ORD00659,PROD0261,5,41941.95,20.0
ITEM02718,ORD00051,PROD0107,2,51910.21,10.0
ITEM02719,ORD01389,PROD0046,3,29378.76,30.0
ITEM02720,ORD01467,PROD0339,2,38063.3,50.0
ITEM02721,ORD00416,PROD0117,3,20329.03,0.0
ITEM02722,ORD01419,PROD0438,3,34725.22,0.0
ITEM02723,ORD00339,PROD0178,3,51069.94,10.0
ITEM02724,ORD00219,PROD0299,4,48956.92,0.0
ITEM02725,ORD00436,PROD0239,3,63960.11,0.0
ITEM02726,ORD00264,PROD0197,3,54093.35,5.0
ITEM02727,ORD00048,PROD0373,5,31022.95,5.0
ITEM02728,ORD00670,PROD0146,4,61776.49,0.0
ITEM02729,ORD00736,PROD0478,5,18435.49,0.0
ITEM02730,ORD01045,PROD0033,3,56838.4,0.0
ITEM02731,ORD01070,PROD0083,1,33450.35,10.0
ITEM02732,ORD00143,PROD0049,5,6440.8,0.0
ITEM02733,ORD01426,PROD0428,1,225.76,0.0
ITEM02734,ORD00973,PROD0391,3,23691.56,15.0
ITEM02735,ORD00900,PROD0198,1,14096.14,20.0
ITEM02736,ORD01168,PROD0131,2,26934.04,15.0
ITEM02737,ORD00618,PROD0416,1,65221.46,20.0
ITEM02738,ORD01254,PROD0066,2,65716.12,10.0
ITEM02739,ORD01409,PROD0148,2,9012.49,40.0
ITEM02740,ORD01245,PROD0395,2,61678.31,10.0
ITEM02741,ORD00719,PROD0437,1,30299.7,10.0
ITEM02742,ORD01391,PROD0331,2,35308.72,0.0
ITEM02743,ORD00381,PROD0457,4,58279.32,10.0
ITEM02744,ORD01431,PROD0064,4,21383.44,50.0
ITEM02745,ORD01237,PROD0212,1,35159.4,0.0
ITEM02746,ORD00866,PROD0161,2,3207.27,0.0
ITEM02747,ORD00182,PROD0416,1,84878.21,0.0
ITEM02748,ORD00770,PROD0435,2,860.63,15.0
ITEM02749,ORD00832,PROD0113,5,28550.79,10.0
ITEM02750,ORD01077,PROD0038,2,42616.59,20.0
ITEM02751,ORD00956,PROD0498,2,47340.91,30.0
ITEM02752,ORD01448,PROD0250,1,27357.13,0.0
ITEM02753,ORD00317,PROD0443,-1,63749.64,5.0
ITEM02754,ORD01047,PROD0326,4,34341.57,0.0
ITEM02755,ORD00613,PROD0151,2,35176.84,0.0
ITEM02756,ORD00109,PROD0398,1,37506.09,10.0
ITEM02757,ORD00007,PROD0436,3,47686.46,10.0
ITEM02758,ORD01420,PROD0158,4,3739.59,25.0
ITEM02759,ORD01393,PROD0057,2,39648.58,10.0
ITEM02760,ORD00632,PROD0066,1,57989.22,10.0
ITEM02761,ORD00162,PROD0401,4,40702.17,30.0
ITEM02762,ORD00964,PROD0325,5,553.52,20.0
ITEM02763,ORD00975,PROD0328,4,54688.35,5.0
ITEM02764,ORD01243,PROD0451,1,54230.32,0.0
ITEM02765,ORD00909,PROD0024,5,1252.01,5.0
ITEM02766,ORD00111,PROD0499,3,56557.69,5.0
ITEM02767,ORD00899,PROD0374,2,63561.68,25.0
ITEM02768,ORD00880,PROD0401,3,45229.21,30.0
ITEM02769,ORD01425,PROD0131,4,27700.51,10.0
ITEM02770,ORD00250,PROD0093,5,29683.47,0.0
ITEM02771,ORD00294,PROD0001,2,56195.16,40.0
ITEM02772,ORD00609,PROD0034,3,47201.44,0.0
ITEM02773,ORD01088,PROD0375,1,47003.25,5.0
ITEM02774,ORD00802,PROD0247,2,43074.92,0.0
ITEM02775,ORD00279,PROD0048,5,22612.44,10.0
ITEM02776,ORD00509,PROD0265,3,21737.07,0.0
ITEM02777,ORD00148,PROD0069,1,27970.37,0.0
ITEM02778,ORD00494,PROD0299,-2,45661.23,10.0
ITEM02779,ORD01139,PROD0334,1,44850.43,10.0
ITEM02780,ORD00547,PROD0027,3,52004.0,10.0
ITEM02781,ORD01304,PROD0031,5,11328.31,10.0
ITEM02782,ORD00527,PROD0125,2,55415.55,10.0
ITEM02783,ORD01271,PROD0167,1,33588.32,0.0
ITEM02784,ORD00393,PROD0222,4,14500.65,0.0
ITEM02785,ORD00995,PROD0054,1,73624.91,10.0
ITEM02786,ORD00218,PROD0281,4,54306.06,0.0
ITEM02787,ORD00900,PROD0315,5,59672.13,5.0
ITEM02788,ORD01113,PROD0155,4,13883.97,25.0
ITEM02789,ORD00078,PROD0209,1,23087.33,0.0
ITEM02790,ORD00871,PROD0220,2,11314.05,0.0
ITEM02791,ORD00468,PROD0415,3,78668.85,40.0
ITEM02792,ORD00594,PROD0092,2,43719.97,0.0
ITEM02793,ORD01350,PROD0018,2,34486.05,0.0
ITEM02794,ORD00410,PROD0491,3,69093.63,40.0
ITEM02795,ORD01412,PROD0354,1,26976.55,15.0
ITEM02796,ORD00653,PROD0469,2,20053.21,0.0
ITEM02797,ORD00207,PROD0049,2,5209.87,0.0
ITEM02798,ORD00021,PROD0210,1,69594.55,5.0
ITEM02799,ORD00828,PROD0132,5,44412.02,10.0
ITEM02800,ORD00998,PROD0010,4,13183.27,10.0
ITEM02801,ORD00632,PROD0128,5,9913.95,0.0
ITEM02802,ORD01003,PROD0070,3,60634.04,0.0
ITEM02803,ORD00009,PROD0164,5,45869.85,0.0
ITEM02804,ORD00209,PROD0341,3,22818.68,5.0
ITEM02805,ORD01357,PROD0336,5,12233.31,20.0
ITEM02806,ORD00968,PROD0436,2,38186.84,0.0
ITEM02807,ORD00757,PROD0158,5,3930.53,0.0
ITEM02808,ORD00330,PROD0117,3,26200.76,0.0
ITEM02809,ORD01260,PROD0194,1,28273.89,20.0
ITEM02810,ORD01451,PROD0082,5,23449.11,0.0
ITEM02811,ORD00705,PROD0427,3,82276.6,5.0
ITEM02812,ORD00821,PROD0111,5,37629.26,5.0
ITEM02813,ORD00776,PROD0396,5,26408.04,10.0
ITEM02814,ORD00470,PROD0407,3,39514.08,10.0
ITEM02815,ORD00004,PROD0221,3,55753.26,0.0
ITEM02816,ORD01271,PROD0028,5,74946.09,40.0
ITEM02817,ORD00678,PROD0127,4,61751.29,15.0
ITEM02818,ORD00954,PROD0243,2,22670.62,0.0
ITEM02819,ORD01219,PROD0294,3,37994.0,0.0
ITEM02820,ORD01031,PROD0242,3,83295.36,10.0
ITEM02821,ORD00886,PROD0397,2,28495.2,50.0
ITEM02822,ORD01267,PROD0492,3,7403.65,10.0
ITEM02823,ORD00184,PROD0034,4,47679.51,40.0
ITEM02824,ORD00221,PROD0190,5,70354.09,0.0
ITEM02825,ORD01365,PROD0470,3,17103.87,0.0
ITEM02826,ORD00049,PROD0243,3,24617.7,0.0
ITEM02827,ORD00533,PROD0208,3,39670.64,0.0
ITEM02828,ORD00572,PROD0450,3,69700.68,30.0
ITEM02829,ORD00925,PROD0202,3,56607.2,15.0
ITEM02830,ORD00839,PROD0174,5,4178.84,15.0
ITEM02831,ORD01104,PROD0359,2,23110.15,20.0
ITEM02832,ORD01236,PROD0451,5,72751.99,30.0
ITEM02833,ORD01232,PROD0383,3,4297.27,0.0
ITEM02834,ORD00682,PROD0467,4,41943.87,10.0
ITEM02835,ORD00231,PROD0304,1,53675.99,5.0
ITEM02836,ORD00672,PROD0042,4,51869.33,25.0
ITEM02837,ORD00117,PROD0358,2,38700.6,20.0
ITEM02838,ORD01225,PROD0281,3,90292.66,0.0
ITEM02839,ORD00998,PROD0482,4,60700.9,10.0
ITEM02840,ORD00976,PROD0257,2,38143.58,15.0
ITEM02841,ORD01104,PROD0014,1,26092.6,5.0
ITEM02842,ORD01354,PROD0276,5,46955.56,10.0
ITEM02843,ORD00946,PROD0328,5,56794.52,20.0
ITEM02844,ORD00512,PROD0389,1,29286.16,10.0
ITEM02845,ORD00177,PROD0182,5,10995.67,0.0
ITEM02846,ORD00960,PROD0202,5,72528.91,15.0
ITEM02847,ORD00165,PROD0356,1,10036.03,0.0
ITEM02848,ORD01375,PROD0255,4,16189.21,0.0
ITEM02849,ORD00696,PROD0031,2,14540.9,20.0
ITEM02850,ORD00821,PROD0396,1,15920.63,0.0
ITEM02851,ORD01471,PROD0315,4,51815.61,40.0
ITEM02852,ORD01051,PROD0463,5,40863.81,30.0
ITEM02853,ORD01113,PROD0198,5,14338.74,0.0
ITEM02854,ORD00975,PROD0068,3,37425.72,5.0
ITEM02855,ORD01035,PROD0101,3,40955.13,20.0
ITEM02856,ORD00998,PROD0227,3,25389.16,15.0
ITEM02857,ORD01258,PROD0430,5,5498.89,50.0
ITEM02858,ORD00436,PROD0325,3,492.49,5.0
ITEM02859,ORD00535,PROD0208,2,27268.16,10.0
ITEM02860,ORD00715,PROD0236,5,52619.6,25.0
ITEM02861,ORD00415,PROD0302,3,44325.82,0.0
ITEM02862,ORD00213,PROD0203,3,6479.59,10.0
ITEM02863,ORD01285,PROD0341,1,21235.97,0.0
ITEM02864,ORD00396,PROD0212,4,40862.73,20.0
ITEM02865,ORD00620,PROD0291,5,4924.49,10.0
ITEM02866,ORD00090,PROD0345,5,18862.76,0.0
ITEM02867,ORD00763,PROD0169,1,27343.09,0.0
ITEM02868,ORD01336,PROD0490,2,21840.19,5.0
ITEM02869,ORD01496,PROD0396,1,23354.74,10.0
ITEM02870,ORD00667,PROD0368,5,59382.08,0.0
ITEM02871,ORD01255,PROD0300,1,20086.16,0.0
ITEM02872,ORD01467,PROD0119,3,36984.25,0.0
ITEM02873,ORD01262,PROD0470,4,19724.8,15.0
ITEM02874,ORD00411,PROD0106,3,14127.83,10.0
ITEM02876,ORD00583,PROD0354,1,18492.56,40.0
ITEM02877,ORD01371,PROD0443,5,63052.7,0.0
ITEM02878,ORD00756,PROD0038,5,44521.68,0.0
ITEM02879,ORD00105,PROD0206,3,50912.47,10.0
ITEM02880,ORD00651,PROD0364,1,13788.13,20.0
ITEM02881,ORD00331,PROD0025,2,49880.99,30.0
ITEM02882,ORD01470,PROD0020,5,4393.45,25.0
ITEM02883,ORD01217,PROD0214,1,19104.22,10.0
ITEM02884,ORD00429,PROD0279,1,70497.36,25.0
ITEM02885,ORD00390,PROD0309,3,48876.78,0.0
ITEM02886,ORD00231,PROD0489,2,23056.78,0.0
ITEM02887,ORD00122,PROD0459,3,60992.48,5.0
ITEM02888,ORD00597,PROD0134,1,71919.57,0.0
ITEM02889,ORD00475,PROD0102,1,39990.93,15.0
ITEM02890,ORD00233,PROD0290,1,57763.59,10.0
ITEM02891,ORD01141,PROD0481,1,49586.96,0.0
ITEM02892,ORD00584,PROD0279,1,50810.54,5.0
ITEM02893,ORD00184,PROD0247,1,37528.29,20.0
ITEM02894,ORD00657,PROD0060,2,38921.92,20.0
ITEM02895,ORD01060,PROD0051,3,5387.42,30.0
ITEM02896,ORD00973,PROD0419,2,23755.15,5.0
ITEM02897,ORD00591,PROD0238,1,44905.41,0.0
ITEM02898,ORD00764,PROD0478,1,14957.3,0.0
ITEM02899,ORD00481,PROD0062,5,40932.05,10.0
ITEM02900,ORD00703,PROD0324,2,39916.1,30.0
ITEM02901,ORD00158,PROD0479,5,30126.26,0.0
ITEM02903,ORD00129,PROD0195,4,22338.84,0.0
ITEM02904,ORD01069,PROD0037,1,36265.4,0.0
ITEM02905,ORD01244,PROD0327,5,36774.56,40.0
ITEM02906,ORD00894,PROD0337,1,86787.59,20.0
ITEM02907,ORD01058,PROD0147,2,2916.53,0.0
ITEM02908,ORD00864,PROD0146,1,69301.79,20.0
ITEM02909,ORD00117,PROD0043,2,33894.87,5.0
ITEM02910,ORD00372,PROD0211,4,14778.57,40.0
ITEM02911,ORD01102,PROD0095,4,39249.39,10.0
ITEM02912,ORD01260,PROD0417,2,16685.42,50.0
ITEM02913,ORD00808,PROD0090,4,24460.37,20.0
ITEM02914,ORD00104,PROD0458,2,32270.1,15.0
ITEM02915,ORD01402,PROD0145,1,18663.35,30.0
ITEM02916,ORD00850,PROD0239,5,54109.87,20.0
ITEM02917,ORD01183,PROD0142,3,62124.82,10.0
ITEM02918,ORD00710,PROD0310,5,35284.22,50.0
ITEM02919,ORD01053,PROD0307,1,53220.54,0.0
ITEM02920,ORD01421,PROD0055,3,1279.25,10.0
ITEM02921,ORD01412,PROD0179,4,67648.51,0.0
ITEM02922,ORD00514,PROD0187,3,67230.94,30.0
ITEM02923,ORD01310,PROD0437,-4,36148.11,15.0
ITEM02924,ORD00611,PROD0045,4,2452.89,10.0
ITEM02925,ORD00417,PROD0390,4,59982.85,5.0
ITEM02926,ORD00638,PROD0133,1,53027.94,10.0
ITEM02927,ORD01187,PROD0340,3,8784.05,25.0
ITEM02928,ORD00102,PROD0335,1,77053.15,25.0
ITEM02929,ORD00151,PROD0003,4,69997.96,10.0
ITEM02930,ORD00699,PROD0490,2,29638.96,0.0
ITEM02931,ORD00987,PROD0404,4,23964.67,20.0
ITEM02932,ORD00487,PROD0053,1,76626.24,40.0
ITEM02933,ORD00135,PROD0417,5,17409.27,10.0
ITEM02934,ORD00771,PROD0345,1,22622.32,10.0
ITEM02935,ORD01491,PROD0275,4,41442.36,10.0
ITEM02937,ORD01490,PROD0446,2,66744.45,0.0
ITEM02938,ORD01114,PROD0074,2,26732.75,0.0
ITEM02939,ORD00105,PROD0080,5,22499.57,0.0
ITEM02940,ORD00875,PROD0168,5,9250.86,0.0
ITEM02941,ORD00379,PROD0311,3,41164.31,0.0
ITEM02942,ORD01084,PROD0140,5,28008.35,0.0
ITEM02943,ORD00843,PROD0310,2,47579.54,5.0
ITEM02944,ORD00711,PROD0401,1,27238.49,30.0
ITEM02945,ORD01149,PROD0178,-3,52186.9,0.0
ITEM02946,ORD01148,PROD0496,4,71149.57,30.0
ITEM02947,ORD00726,PROD0085,5,37527.86,10.0
ITEM02948,ORD00692,PROD0473,4,23724.75,0.0
ITEM02949,ORD01118,PROD0328,3,75001.73,40.0
ITEM02950,ORD00772,PROD0285,5,16854.13,20.0
ITEM02951,ORD00554,PROD0269,2,13676.74,30.0
ITEM02952,ORD01157,PROD0009,1,55311.51,30.0
ITEM02953,ORD01293,PROD0053,3,67269.87,0.0
ITEM02954,ORD01052,PROD0040,2,9219.31,20.0
ITEM02955,ORD00576,PROD0262,1,7447.15,30.0
ITEM02956,ORD01143,PROD0135,5,41113.64,10.0
ITEM02957,ORD01150,PROD0233,2,44265.26,10.0
ITEM02958,ORD01027,PROD0090,5,16100.67,15.0
ITEM02959,ORD00117,PROD0475,1,62635.05,5.0
ITEM02960,ORD01212,PROD0388,5,49046.04,15.0
ITEM02961,ORD00219,PROD0496,2,44165.67,10.0
ITEM02962,ORD01301,PROD0300,2,32017.98,0.0
ITEM02963,ORD00544,PROD0422,4,50834.69,0.0
ITEM02964,ORD01118,PROD0470,4,22226.4,10.0
ITEM02965,ORD01229,PROD0008,3,42529.97,10.0
ITEM02966,ORD00545,PROD0491,4,62730.93,20.0
ITEM02967,ORD01261,PROD0304,1,70293.45,10.0
ITEM02968,ORD01011,PROD0143,1,2389.81,25.0
ITEM02969,ORD00435,PROD0309,5,85050.79,15.0
ITEM02970,ORD00333,PROD0354,2,18902.74,10.0
ITEM02971,ORD00804,PROD0411,1,60805.84,5.0
ITEM02972,ORD01475,PROD0373,3,29303.81,10.0
ITEM02973,ORD00872,PROD0124,3,21168.52,5.0
ITEM02974,ORD00891,PROD0458,4,31471.35,5.0
ITEM02975,ORD00043,PROD0228,2,55371.29,10.0
ITEM02976,ORD00944,PROD0287,5,36875.25,30.0
ITEM02977,ORD01200,PROD0030,2,52527.16,15.0
ITEM02978,ORD00796,PROD0263,4,30489.79,20.0
ITEM02979,ORD00241,PROD0316,5,23119.51,25.0
ITEM02980,ORD00666,PROD0152,4,60322.18,20.0
ITEM02981,ORD00761,PROD0256,2,26518.51,5.0
ITEM02982,ORD00354,PROD0449,5,9882.55,0.0
ITEM02983,ORD00748,PROD0095,2,35613.07,30.0
ITEM02984,ORD00371,PROD0090,5,17686.33,0.0
ITEM02985,ORD00477,PROD0017,4,57937.52,20.0
ITEM02986,ORD00362,PROD0158,3,3657.91,5.0
ITEM02987,ORD00808,PROD0483,5,18403.6,0.0
ITEM02988,ORD00952,PROD0274,4,21800.8,0.0
ITEM02989,ORD00353,PROD0490,1,24506.21,5.0
ITEM02990,ORD00902,PROD0428,4,179.23,0.0
ITEM02991,ORD00137,PROD0143,4,2352.12,0.0
ITEM02992,ORD00213,PROD0391,2,22327.57,15.0
ITEM02993,ORD01399,PROD0174,3,5555.02,5.0
ITEM02994,ORD00483,PROD0477,1,5390.67,5.0
ITEM02996,ORD01465,PROD0116,1,41626.06,30.0
ITEM02997,ORD00552,PROD0072,4,57828.8,0.0
ITEM02998,ORD01275,PROD0452,5,62009.02,0.0
ITEM02999,ORD01099,PROD0081,3,3988.79,40.0
ITEM03000,ORD01191,PROD0308,2,12299.01,0.0
ITEM03001,ORD00709,PROD0045,5,2381.62,30.0
ITEM03002,ORD01045,PROD0091,3,67605.2,15.0
ITEM03003,ORD01249,PROD0303,-4,14475.94,5.0
ITEM03004,ORD00012,PROD0108,1,36616.4,5.0
ITEM03005,ORD00172,PROD0065,1,39457.54,40.0
ITEM03006,ORD01095,PROD0063,5,28328.16,0.0
ITEM03007,ORD01129,PROD0024,3,1531.13,0.0
ITEM03008,ORD00183,PROD0078,1,30856.78,15.0
ITEM03009,ORD00464,PROD0025,2,31900.65,15.0
ITEM03010,ORD00707,PROD0109,2,2662.81,10.0
ITEM03011,ORD01280,PROD0250,1,22590.14,0.0
ITEM03012,ORD01093,PROD0331,5,24229.18,15.0
ITEM03013,ORD00397,PROD0221,2,44535.84,0.0
ITEM03014,ORD00605,PROD0175,3,64426.0,20.0
ITEM03015,ORD00484,PROD0033,3,59320.72,5.0
ITEM03016,ORD00791,PROD0308,4,13850.96,10.0
ITEM03017,ORD00267,PROD0319,2,14673.09,0.0
ITEM03018,ORD00252,PROD0147,3,4236.73,20.0
ITEM03019,ORD00574,PROD0112,2,18587.68,0.0
ITEM03020,ORD01054,PROD0198,4,13740.62,10.0
ITEM03021,ORD01384,PROD0401,1,36219.59,0.0
ITEM03022,ORD01451,PROD0193,3,32306.08,25.0
ITEM03023,ORD00846,PROD0228,1,41688.6,15.0
ITEM03024,ORD00059,PROD0484,2,80850.17,15.0
ITEM03025,ORD01134,PROD0359,1,22964.17,15.0
ITEM03026,ORD01484,PROD0499,4,69585.68,20.0
ITEM03027,ORD00080,PROD0175,2,51510.77,15.0
ITEM03028,ORD01046,PROD0332,4,61660.95,0.0
ITEM03029,ORD00372,PROD0014,2,32052.0,10.0
ITEM03030,ORD01455,PROD0421,3,26833.14,10.0
ITEM03031,ORD01297,PROD0029,1,2425.62,20.0
ITEM03032,ORD00101,PROD0320,2,39146.95,0.0
ITEM03033,ORD01363,PROD0346,4,38515.37,15.0
ITEM03034,ORD00069,PROD0349,1,33069.95,5.0
ITEM03035,ORD01265,PROD0423,4,15822.66,0.0
ITEM03036,ORD00325,PROD0126,2,48605.93,15.0
ITEM03037,ORD00236,PROD0064,-5,20667.25,0.0
ITEM03038,ORD00616,PROD0445,5,14362.48,20.0
ITEM03039,ORD01137,PROD0332,4,50431.22,0.0
ITEM03040,ORD00965,PROD0255,3,10389.03,25.0
ITEM03041,ORD00400,PROD0311,1,34778.33,0.0
ITEM03042,ORD01122,PROD0481,4,45374.43,25.0
ITEM03043,ORD00256,PROD0396,5,27773.52,20.0
ITEM03044,ORD01249,PROD0290,2,55750.17,25.0
ITEM03045,ORD01233,PROD0360,2,37421.43,0.0
ITEM03046,ORD01481,PROD0224,5,10002.27,25.0
ITEM03047,ORD00230,PROD0195,2,27059.28,40.0
ITEM03048,ORD00490,PROD0387,3,17464.72,0.0
ITEM03049,ORD01445,PROD0338,4,70059.48,10.0
ITEM03050,ORD00340,PROD0292,3,13487.47,30.0
ITEM03051,ORD01271,PROD0471,1,68238.09,0.0
ITEM03052,ORD00725,PROD0399,1,31148.56,25.0
ITEM03053,ORD00150,PROD0412,4,41232.23,5.0
ITEM03054,ORD00896,PROD0095,2,40293.71,25.0
ITEM03055,ORD00628,PROD0189,2,16913.79,10.0
ITEM03056,ORD00523,PROD0144,3,29337.77,0.0
ITEM03057,ORD00032,PROD0414,4,88734.92,40.0
ITEM03058,ORD00278,PROD0188,3,37704.92,30.0
ITEM03059,ORD01055,PROD0198,4,13465.32,0.0
ITEM03060,ORD00157,PROD0226,5,52207.36,10.0
ITEM03061,ORD00426,PROD0085,5,28273.21,0.0
ITEM03062,ORD00340,PROD0189,1,27093.44,5.0
ITEM03063,ORD00548,PROD0321,1,30255.93,40.0
ITEM03064,ORD01486,PROD0297,5,15837.66,10.0
ITEM03065,ORD00712,PROD0197,3,45869.84,25.0
ITEM03066,ORD01192,PROD0074,1,30769.93,25.0
ITEM03067,ORD00902,PROD0393,4,34977.27,25.0
ITEM03068,ORD00718,PROD0365,5,53526.64,40.0
ITEM03069,ORD00278,PROD0379,1,31639.13,15.0
ITEM03070,ORD00269,PROD0300,-3,32090.89,15.0
ITEM03071,ORD00643,PROD0138,1,84042.1,0.0
ITEM03072,ORD00125,PROD0057,-3,34052.55,30.0
ITEM03073,ORD00072,PROD0096,2,23573.11,0.0
ITEM03074,ORD00235,PROD0253,1,65286.68,0.0
ITEM03075,ORD00092,PROD0177,5,53630.75,10.0
ITEM03076,ORD01124,PROD0450,1,56849.92,25.0
ITEM03077,ORD01037,PROD0150,1,50220.9,10.0
ITEM03078,ORD01046,PROD0105,5,28633.62,10.0
ITEM03079,ORD00705,PROD0048,5,25652.75,15.0
ITEM03080,ORD00180,PROD0485,2,4199.53,20.0
ITEM03081,ORD01141,PROD0099,2,37136.13,15.0
ITEM03082,ORD01123,PROD0475,3,61160.75,5.0
ITEM03083,ORD01274,PROD0368,4,86910.32,10.0
ITEM03084,ORD01127,PROD0374,4,54459.62,0.0
ITEM03085,ORD00046,PROD0323,2,666.63,25.0
ITEM03086,ORD00138,PROD0402,5,38403.54,10.0
ITEM03087,ORD01119,PROD0003,2,42156.05,30.0
ITEM03088,ORD01354,PROD0423,1,12764.92,30.0
ITEM03089,ORD00054,PROD0369,3,64357.75,10.0
ITEM03090,ORD01043,PROD0138,3,54100.42,20.0
ITEM03091,ORD01040,PROD0446,2,58428.12,50.0
ITEM03092,ORD00624,PROD0109,4,2745.48,15.0
ITEM03093,ORD00386,PROD0196,5,10426.48,0.0
ITEM03094,ORD01346,PROD0354,4,21937.83,10.0
ITEM03095,ORD01272,PROD0379,2,38226.26,5.0
ITEM03096,ORD00302,PROD0437,3,25391.7,15.0
ITEM03097,ORD01332,PROD0147,5,4441.19,0.0
ITEM03098,ORD00756,PROD0288,4,23360.68,0.0
ITEM03099,ORD00275,PROD0367,1,81474.24,25.0
ITEM03100,ORD01479,PROD0075,3,37829.29,20.0
ITEM03101,ORD00146,PROD0048,2,36156.86,5.0
ITEM03102,ORD00803,PROD0423,1,17465.15,0.0
ITEM03103,ORD00044,PROD0461,4,40416.95,0.0
ITEM03104,ORD00543,PROD0177,5,49076.35,20.0
ITEM03105,ORD00734,PROD0459,1,59923.41,10.0
ITEM03106,ORD00453,PROD0025,5,34577.53,20.0
ITEM03107,ORD00997,PROD0296,1,69297.81,0.0
ITEM03108,ORD00783,PROD0327,3,27500.95,0.0
ITEM03109,ORD01152,PROD0124,4,18681.55,5.0
ITEM03110,ORD00721,PROD0261,2,40541.15,25.0
ITEM03111,ORD00876,PROD0098,1,62583.55,0.0
ITEM03112,ORD00043,PROD0331,3,28074.59,10.0
ITEM03113,ORD00426,PROD0181,2,73101.86,0.0
ITEM03114,ORD01418,PROD0328,4,47988.47,10.0
ITEM03115,ORD01279,PROD0163,4,8577.24,0.0
ITEM03116,ORD00464,PROD0431,5,32305.34,0.0
ITEM03117,ORD01498,PROD0047,5,91110.09,0.0
ITEM03118,ORD00104,PROD0455,1,30369.82,10.0
ITEM03119,ORD00239,PROD0311,5,39703.34,15.0
ITEM03120,ORD01427,PROD0105,1,33672.95,10.0
ITEM03121,ORD00400,PROD0055,4,1119.44,10.0
ITEM03122,ORD01302,PROD0410,4,63934.19,0.0
ITEM03123,ORD01265,PROD0292,4,18744.29,10.0
ITEM03124,ORD00493,PROD0297,5,23002.03,0.0
ITEM03125,ORD01268,PROD0102,1,42640.29,10.0
ITEM03126,ORD01027,PROD0022,1,82453.49,5.0
ITEM03127,ORD00234,PROD0275,2,43486.83,0.0
ITEM03128,ORD00509,PROD0330,5,59486.37,5.0
ITEM03129,ORD00667,PROD0168,-2,7350.69,10.0
ITEM03131,ORD01304,PROD0297,5,22060.03,0.0
ITEM03132,ORD00586,PROD0082,-2,25782.11,0.0
ITEM03133,ORD00397,PROD0464,4,31687.85,5.0
ITEM03134,ORD01138,PROD0023,3,20880.4,10.0
ITEM03135,ORD01493,PROD0138,4,86573.39,10.0
ITEM03136,ORD00127,PROD0310,1,49150.66,25.0
ITEM03137,ORD00877,PROD0398,2,25614.48,20.0
ITEM03138,ORD01212,PROD0175,4,57441.3,0.0
ITEM03139,ORD00321,PROD0387,5,12805.84,10.0
ITEM03140,ORD00087,PROD0332,3,41924.82,0.0
ITEM03141,ORD00823,PROD0190,1,71180.56,0.0
ITEM03142,ORD01275,PROD0065,3,40534.03,40.0
ITEM03143,ORD01277,PROD0219,2,4232.77,0.0
ITEM03145,ORD01045,PROD0004,5,37032.61,30.0
ITEM03146,ORD01002,PROD0065,1,40752.0,15.0
ITEM03147,ORD00418,PROD0392,5,22984.93,25.0
ITEM03148,ORD01459,PROD0433,4,41468.78,20.0
ITEM03149,ORD01398,PROD0241,1,40907.87,0.0
ITEM03150,ORD01018,PROD0390,2,55086.63,5.0
ITEM03151,ORD00987,PROD0355,5,47572.44,30.0
ITEM03152,ORD00481,PROD0102,5,37701.08,0.0
ITEM03153,ORD00260,PROD0227,-2,33453.28,0.0
ITEM03154,ORD00635,PROD0424,3,15597.0,0.0
ITEM03155,ORD01240,PROD0152,4,76862.5,0.0
ITEM03156,ORD00903,PROD0348,3,14478.4,20.0
ITEM03157,ORD00989,PROD0248,4,8961.72,50.0
ITEM03158,ORD00069,PROD0049,4,7848.2,30.0
ITEM03159,ORD01139,PROD0348,4,11917.44,0.0
ITEM03160,ORD01480,PROD0187,4,64914.66,5.0
ITEM03161,ORD00908,PROD0205,4,41885.14,10.0
ITEM03162,ORD00562,PROD0021,4,53687.17,10.0
ITEM03163,ORD00214,PROD0121,3,18672.33,0.0
ITEM03164,ORD00319,PROD0315,2,61004.25,0.0
ITEM03165,ORD01325,PROD0422,2,55696.87,50.0
ITEM03166,ORD00002,PROD0195,3,28091.48,0.0
ITEM03167,ORD00197,PROD0235,2,41280.44,0.0
ITEM03168,ORD00676,PROD0046,3,34104.44,0.0
ITEM03169,ORD00588,PROD0320,4,58977.61,0.0
ITEM03170,ORD00601,PROD0355,2,36604.32,10.0
ITEM03171,ORD00942,PROD0391,4,20776.6,20.0
ITEM03172,ORD00375,PROD0301,3,17102.88,0.0
ITEM03173,ORD01204,PROD0360,1,25630.81,5.0
ITEM03174,ORD00455,PROD0425,4,51380.73,0.0
ITEM03175,ORD00011,PROD0259,4,38882.78,5.0
ITEM03176,ORD00689,PROD0293,3,19429.87,25.0
ITEM03177,ORD00858,PROD0466,4,17474.27,25.0
ITEM03178,ORD00267,PROD0471,2,81226.04,5.0
ITEM03179,ORD00152,PROD0260,2,53911.84,5.0
ITEM03180,ORD00160,PROD0458,2,32626.72,0.0
ITEM03181,ORD01177,PROD0293,-5,16257.39,0.0
ITEM03182,ORD01136,PROD0130,5,51330.5,30.0
ITEM03183,ORD01451,PROD0325,3,572.32,15.0
ITEM03184,ORD01186,PROD0123,1,1727.45,25.0
ITEM03185,ORD00791,PROD0047,4,90285.82,15.0
ITEM03186,ORD00828,PROD0419,4,36171.07,5.0
ITEM03187,ORD01291,PROD0399,3,36258.29,5.0
ITEM03188,ORD00090,PROD0171,5,17386.64,30.0
ITEM03189,ORD00815,PROD0369,2,58290.86,0.0
ITEM03190,ORD01056,PROD0021,2,59700.03,0.0
ITEM03191,ORD00069,PROD0201,1,51492.85,5.0
ITEM03192,ORD00716,PROD0383,1,4671.42,5.0
ITEM03193,ORD00519,PROD0302,3,29723.66,0.0
ITEM03194,ORD00868,PROD0422,1,36778.05,10.0
ITEM03195,ORD01492,PROD0334,1,38514.36,25.0
ITEM03196,ORD01077,PROD0357,2,12203.92,5.0
ITEM03197,ORD00367,PROD0216,2,74468.65,5.0
ITEM03198,ORD01147,PROD0365,2,62028.12,25.0
ITEM03199,ORD00887,PROD0046,1,40346.55,20.0
ITEM03200,ORD00024,PROD0302,5,30405.65,10.0
ITEM03201,ORD00422,PROD0034,5,56890.44,0.0
ITEM03202,ORD00625,PROD0002,3,73945.61,25.0
ITEM03203,ORD01062,PROD0273,2,5904.76,10.0
ITEM03204,ORD01099,PROD0486,3,28304.86,0.0
ITEM03205,ORD00830,PROD0279,5,66717.86,20.0
ITEM03206,ORD00792,PROD0320,5,58346.6,20.0
ITEM03207,ORD00525,PROD0026,2,70805.67,15.0
ITEM03208,ORD00375,PROD0214,2,15137.39,20.0
ITEM03209,ORD00652,PROD0202,1,47524.72,10.0
ITEM03210,ORD01044,PROD0416,2,50788.65,15.0
ITEM03211,ORD00116,PROD0220,3,9632.63,25.0
ITEM03212,ORD01448,PROD0443,3,75584.06,20.0
ITEM03213,ORD01434,PROD0458,3,47892.24,20.0
ITEM03214,ORD00331,PROD0434,3,4130.9,30.0
ITEM03215,ORD01253,PROD0113,1,24786.69,0.0
ITEM03216,ORD01193,PROD0179,2,59522.93,15.0
ITEM03217,ORD01343,PROD0380,5,7317.56,10.0
ITEM03218,ORD00614,PROD0477,4,5317.54,15.0
ITEM03219,ORD01453,PROD0149,1,67295.96,10.0
ITEM03220,ORD01125,PROD0064,2,23122.32,15.0
ITEM03221,ORD00790,PROD0311,4,32978.09,20.0
ITEM03222,ORD00058,PROD0183,1,71402.28,10.0
ITEM03223,ORD01375,PROD0249,1,47730.11,10.0
ITEM03224,ORD01413,PROD0246,2,7620.42,15.0
ITEM03225,ORD00926,PROD0278,2,62532.82,10.0
ITEM03226,ORD00234,PROD0121,5,21830.29,30.0
ITEM03227,ORD00452,PROD0342,1,3712.29,20.0
ITEM03228,ORD01436,PROD0204,-2,37220.89,10.0
ITEM03229,ORD00274,PROD0206,2,57645.86,0.0
ITEM03230,ORD00641,PROD0222,5,14102.98,25.0
ITEM03231,ORD00069,PROD0264,2,20090.75,10.0
ITEM03232,ORD01472,PROD0204,4,23087.37,50.0
ITEM03233,ORD00924,PROD0167,5,35571.42,30.0
ITEM03234,ORD00251,PROD0309,5,73760.19,40.0
ITEM03235,ORD00388,PROD0001,5,62260.45,10.0
ITEM03236,ORD01356,PROD0414,5,63974.35,0.0
ITEM03237,ORD00175,PROD0166,4,53175.45,10.0
ITEM03238,ORD01078,PROD0078,5,40410.39,25.0
ITEM03239,ORD00385,PROD0195,5,22365.88,25.0
ITEM03240,ORD00730,PROD0468,5,27868.75,0.0
ITEM03241,ORD00817,PROD0016,3,7356.31,0.0
ITEM03242,ORD00769,PROD0226,4,40019.97,5.0
ITEM03243,ORD01246,PROD0283,5,76114.31,0.0
ITEM03244,ORD01278,PROD0422,3,36664.88,25.0
ITEM03245,ORD00309,PROD0180,5,22628.62,10.0
ITEM03247,ORD01299,PROD0021,3,37408.58,20.0
ITEM03248,ORD00616,PROD0003,2,61446.99,0.0
ITEM03249,ORD00735,PROD0305,2,4356.09,10.0
ITEM03250,ORD00380,PROD0229,4,73250.73,5.0
ITEM03251,ORD01302,PROD0238,2,52632.28,15.0
ITEM03252,ORD00041,PROD0397,2,29571.03,0.0
ITEM03253,ORD00587,PROD0053,2,71271.98,5.0
ITEM03254,ORD01345,PROD0007,-5,4166.07,5.0
ITEM03255,ORD00080,PROD0321,3,27968.46,0.0
ITEM03256,ORD00673,PROD0387,4,17501.64,15.0
ITEM03257,ORD00555,PROD0308,2,14174.76,0.0
ITEM03258,ORD00425,PROD0436,5,41557.21,0.0
ITEM03259,ORD00424,PROD0061,1,66833.42,5.0
ITEM03260,ORD01353,PROD0454,4,50796.26,15.0
ITEM03261,ORD01134,PROD0011,3,39997.49,20.0
ITEM03262,ORD00593,PROD0464,4,25439.23,0.0
ITEM03263,ORD01273,PROD0360,4,39532.74,5.0
ITEM03264,ORD01030,PROD0241,3,52919.73,50.0
ITEM03265,ORD00331,PROD0358,4,36444.13,30.0
ITEM03266,ORD00828,PROD0354,3,16321.31,5.0
ITEM03267,ORD00535,PROD0485,-5,3652.93,5.0
ITEM03268,ORD01286,PROD0209,4,23535.6,0.0
ITEM03269,ORD00066,PROD0369,4,54277.73,20.0
ITEM03270,ORD00838,PROD0186,3,9755.77,30.0
ITEM03272,ORD00051,PROD0336,5,16201.61,40.0
ITEM03273,ORD01403,PROD0340,3,14249.83,30.0
ITEM03274,ORD00580,PROD0264,3,23173.03,10.0
ITEM03275,ORD00680,PROD0403,2,31546.84,15.0
ITEM03276,ORD00618,PROD0475,5,53791.78,40.0
ITEM03277,ORD00372,PROD0323,4,638.81,25.0
ITEM03278,ORD00604,PROD0111,4,40856.03,25.0
ITEM03279,ORD00021,PROD0266,2,45161.75,0.0
ITEM03280,ORD01321,PROD0340,4,14170.51,5.0
ITEM03281,ORD00192,PROD0242,5,49591.92,30.0
ITEM03282,ORD01111,PROD0149,4,44701.79,20.0
ITEM03283,ORD00916,PROD0313,3,60821.0,5.0
ITEM03284,ORD00657,PROD0447,4,48462.84,50.0
ITEM03285,ORD01206,PROD0354,5,19393.67,0.0
ITEM03286,ORD00151,PROD0013,3,27470.47,5.0
ITEM03287,ORD00482,PROD0031,1,13586.94,10.0
ITEM03288,ORD01216,PROD0273,4,4012.06,0.0
ITEM03289,ORD00038,PROD0422,4,33109.11,0.0
ITEM03290,ORD00573,PROD0089,5,18728.03,20.0
ITEM03291,ORD00068,PROD0291,4,3702.76,10.0
ITEM03292,ORD00280,PROD0469,2,19143.23,25.0
ITEM03293,ORD00111,PROD0303,3,15923.3,15.0
ITEM03294,ORD00573,PROD0497,2,57688.38,10.0
ITEM03295,ORD00413,PROD0015,2,30863.53,5.0
ITEM03296,ORD01272,PROD0180,1,14851.35,15.0
ITEM03297,ORD00417,PROD0353,1,48740.85,0.0
ITEM03298,ORD01104,PROD0176,2,50045.82,40.0
ITEM03299,ORD00700,PROD0049,3,6070.56,0.0
ITEM03300,ORD01186,PROD0034,4,43542.6,10.0
ITEM03301,ORD00676,PROD0396,2,24830.16,25.0
ITEM03302,ORD00160,PROD0385,3,37606.52,0.0
ITEM03303,ORD00088,PROD0409,1,37227.03,0.0
ITEM03304,ORD01049,PROD0123,5,1594.67,0.0
ITEM03305,ORD00809,PROD0445,3,14669.31,0.0
ITEM03306,ORD00681,PROD0236,2,79077.99,10.0
ITEM03307,ORD00498,PROD0431,2,30073.21,25.0
ITEM03308,ORD01172,PROD0177,1,32466.89,10.0
ITEM03309,ORD01345,PROD0254,-2,57258.75,10.0
ITEM03310,ORD00664,PROD0347,3,53267.53,5.0
ITEM03311,ORD00129,PROD0042,-4,55772.86,40.0
ITEM03312,ORD01410,PROD0409,1,34954.92,10.0
ITEM03313,ORD00522,PROD0166,4,44690.56,15.0
ITEM03314,ORD01276,PROD0473,3,17651.84,5.0
ITEM03315,ORD00318,PROD0351,4,5437.58,15.0
ITEM03316,ORD00126,PROD0473,2,23016.64,10.0
ITEM03317,ORD00390,PROD0279,4,65582.77,10.0
ITEM03318,ORD00431,PROD0127,4,61938.54,0.0
ITEM03319,ORD00927,PROD0432,1,36168.32,15.0
ITEM03320,ORD01461,PROD0426,4,3433.97,20.0
ITEM03321,ORD00890,PROD0391,-2,32626.79,20.0
ITEM03322,ORD00299,PROD0132,2,60757.59,20.0
ITEM03323,ORD00961,PROD0015,5,41771.71,0.0
ITEM03324,ORD00891,PROD0500,4,39468.94,5.0
ITEM03326,ORD00548,PROD0120,4,53549.7,0.0
ITEM03327,ORD01319,PROD0405,5,14904.44,10.0
ITEM03328,ORD00966,PROD0487,4,35020.44,40.0
ITEM03329,ORD00049,PROD0160,3,61700.23,20.0
ITEM03330,ORD01283,PROD0421,2,25286.75,30.0
ITEM03331,ORD00546,PROD0065,4,41303.61,10.0
ITEM03332,ORD00534,PROD0347,2,68754.4,40.0
ITEM03333,ORD01004,PROD0111,2,37036.0,25.0
ITEM03334,ORD00339,PROD0272,5,47934.53,40.0
ITEM03335,ORD01231,PROD0158,1,4741.79,15.0
ITEM03336,ORD00300,PROD0333,2,23672.64,5.0
ITEM03337,ORD00857,PROD0418,3,30455.66,5.0
ITEM03338,ORD00694,PROD0440,5,42932.27,0.0
ITEM03339,ORD01099,PROD0370,2,8710.64,0.0
ITEM03340,ORD00023,PROD0242,3,64171.81,10.0
ITEM03341,ORD01383,PROD0239,5,42078.94,0.0
ITEM03342,ORD00824,PROD0368,5,62818.34,0.0
ITEM03343,ORD00754,PROD0147,2,3887.53,30.0
ITEM03344,ORD00436,PROD0267,2,27145.41,15.0
ITEM03345,ORD01317,PROD0128,5,11524.4,5.0
ITEM03346,ORD00150,PROD0469,1,19705.51,15.0
ITEM03347,ORD00617,PROD0439,5,45234.22,10.0
ITEM03348,ORD01384,PROD0061,1,68435.52,5.0
ITEM03349,ORD00526,PROD0209,5,16916.43,0.0
ITEM03350,ORD01276,PROD0345,5,32757.7,0.0
ITEM03351,ORD00969,PROD0463,3,42366.47,25.0
ITEM03352,ORD01033,PROD0466,2,18780.78,10.0
ITEM03353,ORD00835,PROD0432,5,43851.2,0.0
ITEM03354,ORD00045,PROD0028,4,75002.94,0.0
ITEM03355,ORD00242,PROD0317,1,22248.07,10.0
ITEM03356,ORD00953,PROD0127,1,60244.97,20.0
ITEM03357,ORD00422,PROD0227,4,22561.33,10.0
ITEM03358,ORD00345,PROD0248,1,5763.74,5.0
ITEM03359,ORD01391,PROD0290,4,45380.67,10.0
ITEM03360,ORD00234,PROD0227,3,29284.41,25.0
ITEM03361,ORD01137,PROD0380,1,9199.69,5.0
ITEM03362,ORD01244,PROD0101,3,28785.15,5.0
ITEM03363,ORD00285,PROD0006,2,1476.05,0.0
ITEM03364,ORD00579,PROD0398,5,33660.17,0.0
ITEM03365,ORD00681,PROD0254,1,70495.9,30.0
ITEM03366,ORD01024,PROD0382,3,43864.31,30.0
ITEM03367,ORD00331,PROD0088,5,3635.47,5.0
ITEM03368,ORD00411,PROD0390,2,51718.54,15.0
ITEM03369,ORD00851,PROD0025,5,35921.22,20.0
ITEM03370,ORD00641,PROD0404,4,17760.59,15.0
ITEM03371,ORD01117,PROD0236,3,73707.89,15.0
ITEM03372,ORD00391,PROD0275,2,58932.25,0.0
ITEM03373,ORD00343,PROD0218,1,30086.53,0.0
ITEM03374,ORD00528,PROD0455,5,26394.55,15.0
ITEM03375,ORD00442,PROD0229,1,57181.87,25.0
ITEM03376,ORD00589,PROD0161,2,2147.85,0.0
ITEM03377,ORD01362,PROD0031,3,11333.88,0.0
ITEM03378,ORD01273,PROD0002,5,47919.02,15.0
ITEM03379,ORD00217,PROD0087,2,28963.06,0.0
ITEM03380,ORD00447,PROD0395,2,50633.53,15.0
ITEM03381,ORD01151,PROD0040,4,10575.17,10.0
ITEM03382,ORD01065,PROD0371,4,56093.1,0.0
ITEM03383,ORD00285,PROD0431,5,19444.8,10.0
ITEM03384,ORD01361,PROD0342,4,4476.23,50.0
ITEM03385,ORD00951,PROD0378,1,26675.07,10.0
ITEM03387,ORD00252,PROD0220,1,9422.38,0.0
ITEM03388,ORD00102,PROD0182,3,7114.25,15.0
ITEM03389,ORD00316,PROD0052,4,28068.02,30.0
ITEM03390,ORD00918,PROD0234,2,39997.3,0.0
ITEM03391,ORD00185,PROD0187,1,70376.93,20.0
ITEM03392,ORD00444,PROD0344,5,47316.91,5.0
ITEM03393,ORD01221,PROD0093,1,24292.13,10.0
ITEM03394,ORD00008,PROD0042,5,74939.74,20.0
ITEM03395,ORD00636,PROD0319,3,10704.03,5.0
ITEM03396,ORD00100,PROD0479,5,24854.49,10.0
ITEM03397,ORD00118,PROD0316,3,20352.32,5.0
ITEM03398,ORD00012,PROD0059,4,73184.29,10.0
ITEM03399,ORD00270,PROD0041,4,61601.54,20.0
ITEM03400,ORD00071,PROD0416,5,52123.57,10.0
ITEM03401,ORD01136,PROD0385,4,29870.78,0.0
ITEM03402,ORD01002,PROD0182,2,8555.18,20.0
ITEM03403,ORD00193,PROD0392,4,22990.9,10.0
ITEM03404,ORD01497,PROD0482,3,40116.75,10.0
ITEM03405,ORD00247,PROD0235,5,29452.14,25.0
ITEM03406,ORD01165,PROD0269,3,15916.27,25.0
ITEM03407,ORD01455,PROD0024,2,1393.27,0.0
ITEM03408,ORD01280,PROD0336,3,21127.23,15.0
ITEM03409,ORD01107,PROD0493,3,22291.19,20.0
ITEM03410,ORD00059,PROD0454,4,64562.94,10.0
ITEM03411,ORD00911,PROD0373,3,33259.28,40.0
ITEM03412,ORD00382,PROD0057,4,28881.81,10.0
ITEM03413,ORD01128,PROD0050,2,63760.63,15.0
ITEM03414,ORD01193,PROD0053,3,58185.97,10.0
ITEM03415,ORD01473,PROD0058,5,60281.2,20.0
ITEM03416,ORD00588,PROD0107,4,56679.32,0.0
ITEM03417,ORD01112,PROD0014,4,32983.62,5.0
ITEM03418,ORD00188,PROD0276,4,75656.59,10.0
ITEM03419,ORD01083,PROD0463,1,36005.02,0.0
ITEM03420,ORD00409,PROD0283,2,75096.49,0.0
ITEM03421,ORD00831,PROD0143,4,2996.56,15.0
ITEM03422,ORD00552,PROD0472,4,17877.2,20.0
ITEM03423,ORD01123,PROD0354,3,25730.52,10.0
ITEM03424,ORD01238,PROD0093,2,33315.24,20.0
ITEM03425,ORD00096,PROD0362,5,41465.57,0.0
ITEM03426,ORD01171,PROD0330,1,46857.36,5.0
ITEM03427,ORD01489,PROD0307,1,53300.43,0.0
ITEM03428,ORD00182,PROD0136,2,15428.35,10.0
ITEM03429,ORD01326,PROD0042,2,66535.07,0.0
ITEM03430,ORD00044,PROD0081,1,4541.72,10.0
ITEM03431,ORD01279,PROD0011,1,24137.28,10.0
ITEM03432,ORD00063,PROD0299,4,59080.14,15.0
ITEM03433,ORD01112,PROD0435,3,856.05,15.0
ITEM03434,ORD00796,PROD0270,5,35540.26,15.0
ITEM03435,ORD00105,PROD0427,3,71015.98,10.0
ITEM03436,ORD00620,PROD0230,1,13490.3,5.0
ITEM03437,ORD01112,PROD0477,1,7821.22,10.0
ITEM03438,ORD00657,PROD0057,4,33556.92,20.0
ITEM03439,ORD00392,PROD0214,1,14500.95,10.0
ITEM03440,ORD00622,PROD0274,1,26374.4,10.0
ITEM03441,ORD00975,PROD0253,3,55516.7,10.0
ITEM03442,ORD01150,PROD0125,4,55797.67,0.0
ITEM03443,ORD01285,PROD0049,4,5498.31,50.0
ITEM03444,ORD01347,PROD0188,4,40911.7,25.0
ITEM03445,ORD00061,PROD0382,4,42367.3,0.0
ITEM03446,ORD01022,PROD0306,4,12285.09,0.0
ITEM03447,ORD00778,PROD0468,1,27924.09,0.0
ITEM03448,ORD01490,PROD0430,5,8533.08,25.0
ITEM03449,ORD00732,PROD0364,5,13785.55,30.0
ITEM03450,ORD00714,PROD0028,2,61900.74,15.0
ITEM03451,ORD00925,PROD0059,1,79795.9,10.0
ITEM03452,ORD01230,PROD0219,3,7075.83,0.0
ITEM03453,ORD01216,PROD0350,1,36320.73,5.0
ITEM03454,ORD00503,PROD0411,2,76077.01,10.0
ITEM03455,ORD00348,PROD0062,2,61345.87,0.0
ITEM03456,ORD01106,PROD0315,3,65683.84,0.0
ITEM03457,ORD00079,PROD0019,-1,75520.61,5.0
ITEM03458,ORD00358,PROD0309,2,79969.7,10.0
ITEM03459,ORD00538,PROD0084,3,12167.32,5.0
ITEM03460,ORD01090,PROD0398,2,27980.55,5.0
ITEM03461,ORD01460,PROD0216,2,76598.5,15.0
ITEM03462,ORD00499,PROD0470,1,18885.03,0.0
ITEM03463,ORD00183,PROD0436,2,44212.34,15.0
ITEM03464,ORD00152,PROD0079,3,1778.5,20.0
ITEM03465,ORD00507,PROD0457,4,64669.77,25.0
ITEM03466,ORD00563,PROD0036,2,46961.74,5.0
ITEM03467,ORD01116,PROD0451,-3,76885.61,25.0
ITEM03468,ORD00139,PROD0445,2,17375.51,30.0
ITEM03469,ORD01013,PROD0055,2,1441.2,20.0
ITEM03470,ORD00368,PROD0208,1,38940.65,15.0
ITEM03471,ORD00155,PROD0203,5,4605.79,0.0
ITEM03472,ORD00586,PROD0133,-2,43538.88,20.0
ITEM03473,ORD00943,PROD0285,2,11247.64,0.0
ITEM03474,ORD00100,PROD0200,1,37779.19,15.0
ITEM03475,ORD01235,PROD0005,-4,78294.6,10.0
ITEM03476,ORD01160,PROD0267,3,24651.77,20.0
ITEM03477,ORD00643,PROD0319,5,9117.38,10.0
ITEM03478,ORD00174,PROD0339,5,38102.35,10.0
ITEM03479,ORD01073,PROD0070,1,54073.96,10.0
ITEM03481,ORD00758,PROD0236,2,66065.26,5.0
ITEM03482,ORD00780,PROD0485,1,3842.19,10.0
ITEM03483,ORD00420,PROD0261,2,33335.88,0.0
ITEM03484,ORD01198,PROD0319,4,12195.97,10.0
ITEM03485,ORD00416,PROD0245,1,67379.21,10.0
ITEM03486,ORD00083,PROD0116,1,63506.2,20.0
ITEM03487,ORD00407,PROD0093,2,25805.92,15.0
ITEM03488,ORD00148,PROD0377,3,45082.35,0.0
ITEM03490,ORD01019,PROD0032,2,17913.58,0.0
ITEM03491,ORD00289,PROD0121,3,21849.38,30.0
ITEM03492,ORD00191,PROD0049,1,8383.27,15.0
ITEM03493,ORD00884,PROD0159,2,13024.26,0.0
ITEM03494,ORD01263,PROD0498,3,51089.3,0.0
ITEM03495,ORD01358,PROD0343,3,18136.6,0.0
ITEM03496,ORD00328,PROD0429,1,74101.11,15.0
ITEM03497,ORD00662,PROD0158,3,4567.74,20.0
ITEM03498,ORD00329,PROD0481,5,30173.84,10.0
ITEM03499,ORD01189,PROD0034,4,70659.41,50.0
ITEM03500,ORD00940,PROD0005,5,67804.62,0.0
ITEM03501,ORD00264,PROD0159,2,14801.68,15.0
ITEM03502,ORD00673,PROD0318,2,21198.88,10.0
ITEM03503,ORD00367,PROD0164,2,48379.78,5.0
ITEM03504,ORD01189,PROD0167,5,56743.82,0.0
ITEM03505,ORD00644,PROD0466,4,22991.64,25.0
ITEM03506,ORD00813,PROD0342,1,5000.84,0.0
ITEM03507,ORD01125,PROD0103,3,9670.41,15.0
ITEM03508,ORD00490,PROD0093,5,33358.29,50.0
ITEM03509,ORD01219,PROD0019,2,70902.91,0.0
ITEM03510,ORD00794,PROD0196,4,16243.69,10.0
ITEM03511,ORD00202,PROD0480,5,14364.58,0.0
ITEM03512,ORD00636,PROD0086,2,31603.19,0.0
ITEM03513,ORD00260,PROD0197,3,34284.79,0.0
ITEM03514,ORD01306,PROD0034,5,59215.26,20.0
ITEM03515,ORD01241,PROD0099,1,40818.31,25.0
ITEM03516,ORD00968,PROD0407,3,46845.34,0.0
ITEM03517,ORD01445,PROD0335,2,66567.77,0.0
ITEM03518,ORD01366,PROD0194,2,21345.8,10.0
ITEM03519,ORD00587,PROD0097,2,52685.55,0.0
ITEM03520,ORD00105,PROD0154,5,60260.08,15.0
ITEM03521,ORD00370,PROD0488,2,27000.72,10.0
ITEM03522,ORD01464,PROD0053,5,78906.6,5.0
ITEM03523,ORD00771,PROD0463,1,38753.03,10.0
ITEM03524,ORD00087,PROD0398,3,36600.13,0.0
ITEM03525,ORD01136,PROD0128,2,13565.38,5.0
ITEM03526,ORD00082,PROD0318,-5,23830.85,5.0
ITEM03527,ORD01429,PROD0011,2,30873.65,5.0
ITEM03528,ORD00404,PROD0427,3,48967.32,0.0
ITEM03529,ORD00530,PROD0389,5,34390.03,25.0
ITEM03530,ORD01351,PROD0192,4,10101.78,25.0
ITEM03531,ORD00368,PROD0444,5,18376.12,10.0
ITEM03532,ORD00523,PROD0464,4,28949.63,0.0
ITEM03533,ORD00452,PROD0108,1,33311.36,25.0
ITEM03535,ORD01378,PROD0064,5,23778.74,0.0
ITEM03536,ORD00845,PROD0020,5,6367.36,5.0
ITEM03537,ORD01109,PROD0070,4,51747.84,0.0
ITEM03538,ORD00683,PROD0141,5,35308.5,15.0
ITEM03539,ORD00062,PROD0342,4,3759.06,10.0
ITEM03540,ORD00907,PROD0302,5,42117.75,0.0
ITEM03541,ORD01390,PROD0009,1,43431.04,10.0
ITEM03542,ORD00253,PROD0437,1,33924.64,25.0
ITEM03543,ORD01264,PROD0444,5,31144.56,0.0
ITEM03544,ORD00187,PROD0434,4,5005.6,30.0
ITEM03545,ORD00473,PROD0042,2,46924.48,20.0
ITEM03546,ORD00369,PROD0134,4,68765.55,0.0
ITEM03547,ORD01392,PROD0201,3,46448.59,10.0
ITEM03548,ORD00067,PROD0373,3,35758.61,0.0
ITEM03550,ORD00564,PROD0197,3,44753.91,0.0
ITEM03551,ORD01100,PROD0455,2,35100.41,0.0
ITEM03552,ORD00224,PROD0356,3,8509.31,15.0
ITEM03553,ORD01068,PROD0328,5,86117.1,10.0
ITEM03554,ORD01230,PROD0010,3,21132.71,5.0
ITEM03555,ORD00275,PROD0466,3,13863.43,20.0
ITEM03556,ORD00601,PROD0210,5,85089.28,20.0
ITEM03557,ORD00973,PROD0118,3,52478.21,0.0
ITEM03558,ORD00289,PROD0423,3,18016.66,30.0
ITEM03559,ORD01015,PROD0408,1,7877.09,10.0
ITEM03560,ORD00108,PROD0360,2,34278.51,30.0
ITEM03561,ORD00541,PROD0411,3,57424.66,40.0
ITEM03562,ORD01072,PROD0433,1,40358.97,50.0
ITEM03563,ORD01324,PROD0350,5,39439.18,5.0
ITEM03564,ORD00903,PROD0362,4,41676.09,20.0
ITEM03565,ORD00229,PROD0387,3,12742.76,10.0
ITEM03566,ORD00250,PROD0405,4,9298.89,20.0
ITEM03567,ORD01033,PROD0128,3,12094.34,10.0
ITEM03568,ORD00590,PROD0389,5,32657.94,25.0
ITEM03569,ORD00204,PROD0344,3,43306.94,10.0
ITEM03570,ORD00882,PROD0114,1,2147.08,0.0
ITEM03571,ORD00383,PROD0041,2,87735.95,10.0
ITEM03572,ORD01098,PROD0296,3,59497.69,0.0
ITEM03573,ORD01192,PROD0413,2,44436.46,0.0
ITEM03574,ORD00119,PROD0151,5,52682.38,25.0
ITEM03575,ORD00789,PROD0076,4,14139.87,10.0
ITEM03576,ORD01024,PROD0269,4,14956.79,0.0
ITEM03577,ORD00392,PROD0111,4,39691.35,0.0
ITEM03578,ORD01448,PROD0485,4,2738.57,0.0
ITEM03579,ORD00035,PROD0156,2,3720.53,15.0
ITEM03580,ORD00308,PROD0133,5,53699.72,5.0
ITEM03581,ORD01118,PROD0379,2,39892.75,0.0
ITEM03582,ORD00936,PROD0037,2,47160.35,0.0
ITEM03583,ORD00606,PROD0190,4,58108.0,0.0
ITEM03584,ORD01339,PROD0366,1,33097.9,10.0
ITEM03585,ORD00525,PROD0113,4,39543.72,5.0
ITEM03586,ORD01040,PROD0444,4,23639.22,30.0
ITEM03587,ORD01103,PROD0089,2,16593.57,5.0
ITEM03588,ORD00859,PROD0483,5,14157.91,5.0
ITEM03589,ORD01424,PROD0022,5,73482.59,30.0
ITEM03590,ORD00466,PROD0310,4,40154.5,0.0
ITEM03591,ORD00117,PROD0254,3,86916.68,15.0
ITEM03592,ORD01307,PROD0351,2,5692.02,40.0
ITEM03593,ORD00903,PROD0430,3,6953.23,0.0
ITEM03594,ORD00722,PROD0182,4,10931.94,20.0
ITEM03595,ORD00475,PROD0404,1,18362.97,40.0
ITEM03596,ORD00089,PROD0402,4,25436.01,10.0
ITEM03597,ORD01135,PROD0286,1,60186.7,0.0
ITEM03598,ORD01014,PROD0077,4,18516.48,10.0
ITEM03599,ORD01333,PROD0182,5,6854.7,10.0
ITEM03600,ORD00824,PROD0103,1,9542.27,5.0
ITEM03601,ORD00215,PROD0242,2,80689.59,0.0
ITEM03602,ORD01177,PROD0302,1,30544.65,15.0
ITEM03603,ORD00644,PROD0024,3,1803.33,20.0
ITEM03604,ORD00768,PROD0408,4,7201.44,5.0
ITEM03605,ORD00461,PROD0260,3,42871.25,20.0
ITEM03606,ORD00897,PROD0176,3,59011.19,15.0
ITEM03607,ORD00396,PROD0217,3,49047.24,40.0
ITEM03608,ORD01211,PROD0468,2,22243.84,40.0
ITEM03609,ORD01263,PROD0221,1,74603.29,25.0
ITEM03610,ORD00327,PROD0019,1,56529.96,25.0
ITEM03611,ORD01463,PROD0293,1,19622.27,0.0
ITEM03612,ORD00908,PROD0126,5,73141.62,50.0
ITEM03613,ORD00307,PROD0341,4,25872.51,0.0
ITEM03614,ORD00115,PROD0308,5,17317.56,10.0
ITEM03615,ORD00309,PROD0303,3,20317.03,50.0
ITEM03616,ORD01119,PROD0045,3,2588.23,10.0
ITEM03617,ORD01432,PROD0384,3,78880.64,10.0
ITEM03618,ORD00611,PROD0040,3,7696.2,10.0
ITEM03619,ORD01197,PROD0218,5,36638.99,15.0
ITEM03620,ORD01002,PROD0332,4,47379.69,15.0
ITEM03621,ORD00950,PROD0144,5,37114.5,10.0
ITEM03622,ORD00456,PROD0344,4,50512.67,10.0
ITEM03623,ORD01230,PROD0076,1,12814.89,20.0
ITEM03624,ORD00968,PROD0365,4,42240.39,5.0
ITEM03625,ORD00738,PROD0308,1,16376.3,10.0
ITEM03626,ORD00329,PROD0317,-2,20817.89,20.0
ITEM03627,ORD00248,PROD0355,2,35307.74,10.0
ITEM03628,ORD01314,PROD0096,3,29632.48,25.0
ITEM03629,ORD01429,PROD0162,4,54886.18,15.0
ITEM03630,ORD00577,PROD0320,2,53788.71,30.0
ITEM03631,ORD00962,PROD0035,3,5752.54,0.0
ITEM03632,ORD01361,PROD0449,4,6347.36,5.0
ITEM03633,ORD00984,PROD0158,4,4693.26,25.0
ITEM03634,ORD00961,PROD0110,1,48615.4,0.0
ITEM03635,ORD01146,PROD0376,3,8969.71,0.0
ITEM03636,ORD01018,PROD0234,3,45586.03,25.0
ITEM03637,ORD00529,PROD0002,5,51192.93,0.0
ITEM03638,ORD01315,PROD0053,2,45048.08,30.0
ITEM03639,ORD00159,PROD0116,4,66039.6,15.0
ITEM03640,ORD00730,PROD0430,1,6364.3,10.0
ITEM03641,ORD00006,PROD0383,4,5568.82,10.0
ITEM03642,ORD00855,PROD0474,4,44668.39,10.0
ITEM03643,ORD01456,PROD0049,2,5640.38,30.0
ITEM03644,ORD01386,PROD0040,-2,8674.47,0.0
ITEM03645,ORD00272,PROD0182,2,9156.87,0.0
ITEM03646,ORD00276,PROD0484,3,89626.03,10.0
ITEM03647,ORD00998,PROD0041,5,66409.86,30.0
ITEM03648,ORD00014,PROD0398,2,31697.96,15.0
ITEM03649,ORD00878,PROD0251,3,56936.61,5.0
ITEM03650,ORD00115,PROD0319,1,14635.62,25.0
ITEM03651,ORD00150,PROD0268,1,41384.34,30.0
ITEM03652,ORD00454,PROD0498,4,63988.94,5.0
ITEM03653,ORD00566,PROD0414,1,72380.2,5.0
ITEM03654,ORD00364,PROD0177,-2,48359.36,0.0
ITEM03655,ORD00162,PROD0106,1,14033.1,10.0
ITEM03656,ORD01041,PROD0160,5,69558.11,0.0
ITEM03657,ORD00814,PROD0457,1,80267.1,20.0
ITEM03658,ORD00540,PROD0101,1,49324.01,25.0
ITEM03659,ORD01158,PROD0444,3,24059.14,0.0
ITEM03660,ORD00899,PROD0311,2,50097.67,5.0
ITEM03661,ORD00915,PROD0081,5,3999.71,25.0
ITEM03662,ORD00767,PROD0295,2,41375.84,40.0
ITEM03663,ORD01074,PROD0434,5,4295.14,20.0
ITEM03664,ORD00733,PROD0053,5,50800.23,5.0
ITEM03665,ORD00621,PROD0242,3,86324.72,0.0
ITEM03666,ORD01051,PROD0045,4,2217.41,0.0
ITEM03667,ORD01087,PROD0128,3,9060.27,5.0
ITEM03668,ORD00802,PROD0435,1,531.17,5.0
ITEM03669,ORD01094,PROD0020,3,4520.26,0.0
ITEM03670,ORD00902,PROD0231,1,2350.45,15.0
ITEM03671,ORD00955,PROD0052,5,29663.23,50.0
ITEM03672,ORD01439,PROD0380,5,8136.11,10.0
ITEM03673,ORD00033,PROD0340,3,13866.69,10.0
ITEM03674,ORD01398,PROD0380,4,10309.41,0.0
ITEM03675,ORD01008,PROD0410,3,56092.4,0.0
ITEM03676,ORD00033,PROD0286,2,69706.87,10.0
ITEM03677,ORD00226,PROD0051,-5,4060.89,25.0
ITEM03679,ORD00146,PROD0158,5,5246.69,30.0
ITEM03680,ORD00907,PROD0412,4,34636.65,40.0
ITEM03681,ORD00455,PROD0470,4,20028.5,50.0
ITEM03682,ORD00651,PROD0195,1,28208.3,0.0
ITEM03683,ORD01270,PROD0459,5,61337.14,15.0
ITEM03684,ORD00584,PROD0082,2,30238.06,25.0
ITEM03685,ORD00024,PROD0064,2,19076.72,10.0
ITEM03686,ORD00780,PROD0258,2,25026.98,15.0
ITEM03687,ORD01301,PROD0325,3,723.91,30.0
ITEM03688,ORD01453,PROD0206,4,57587.55,25.0
ITEM03689,ORD00483,PROD0292,2,20930.41,0.0
ITEM03690,ORD00015,PROD0100,4,17556.34,10.0
ITEM03692,ORD01500,PROD0292,3,15158.18,10.0
ITEM03693,ORD00158,PROD0390,4,43225.02,0.0
ITEM03694,ORD00097,PROD0104,1,44497.72,0.0
ITEM03695,ORD00763,PROD0331,3,36800.49,10.0
ITEM03696,ORD01112,PROD0316,2,21593.24,0.0
ITEM03697,ORD01480,PROD0098,1,63813.59,0.0
ITEM03698,ORD00304,PROD0180,3,14608.79,0.0
ITEM03699,ORD00575,PROD0368,3,82382.5,15.0
ITEM03700,ORD01212,PROD0263,1,42846.85,20.0
ITEM03701,ORD00039,PROD0076,5,14186.46,5.0
ITEM03702,ORD01357,PROD0413,3,38816.7,10.0
ITEM03703,ORD00813,PROD0089,2,17615.14,0.0
ITEM03704,ORD00346,PROD0215,3,24089.11,30.0
ITEM03705,ORD01131,PROD0135,4,45592.67,15.0
ITEM03706,ORD01374,PROD0311,1,49732.3,20.0
ITEM03707,ORD00934,PROD0012,1,10531.43,15.0
ITEM03708,ORD00642,PROD0498,5,56186.72,5.0
ITEM03709,ORD01340,PROD0201,3,59702.33,0.0
ITEM03710,ORD00305,PROD0049,3,8419.24,15.0
ITEM03711,ORD01112,PROD0182,2,8717.77,0.0
ITEM03712,ORD00912,PROD0287,5,49065.53,30.0
ITEM03713,ORD00792,PROD0227,4,30619.68,5.0
ITEM03714,ORD00989,PROD0357,5,13824.23,15.0
ITEM03715,ORD00324,PROD0122,4,36832.62,15.0
ITEM03716,ORD00461,PROD0027,2,44330.33,30.0
ITEM03717,ORD01449,PROD0071,1,73058.35,30.0
ITEM03718,ORD00478,PROD0051,2,6037.45,10.0
ITEM03719,ORD01212,PROD0005,4,79311.69,25.0
ITEM03720,ORD01231,PROD0142,4,67321.71,30.0
ITEM03721,ORD01141,PROD0041,5,83627.83,0.0
ITEM03722,ORD00561,PROD0261,3,32088.74,0.0
ITEM03723,ORD00743,PROD0370,5,11674.57,10.0
ITEM03724,ORD00356,PROD0392,2,17281.47,10.0
ITEM03725,ORD01078,PROD0487,3,52595.14,5.0
ITEM03726,ORD00981,PROD0302,1,46268.42,0.0
ITEM03727,ORD00710,PROD0415,1,72230.09,40.0
ITEM03728,ORD00145,PROD0120,2,62808.19,10.0
ITEM03729,ORD00441,PROD0302,1,37772.48,40.0
ITEM03730,ORD00492,PROD0210,1,69340.71,25.0
ITEM03731,ORD01154,PROD0170,2,29239.68,15.0
ITEM03732,ORD00925,PROD0202,5,58641.91,0.0
ITEM03733,ORD00684,PROD0262,4,7440.31,25.0
ITEM03734,ORD00449,PROD0271,4,63453.77,25.0
ITEM03735,ORD01209,PROD0170,2,23981.79,10.0
ITEM03736,ORD01308,PROD0086,5,28012.41,15.0
ITEM03737,ORD00747,PROD0447,5,46478.8,30.0
ITEM03738,ORD00517,PROD0368,1,71182.62,20.0
ITEM03739,ORD00518,PROD0057,2,39138.52,0.0
ITEM03740,ORD00039,PROD0108,5,27206.73,10.0
ITEM03741,ORD00503,PROD0219,3,5610.51,15.0
ITEM03742,ORD00941,PROD0426,4,3325.58,15.0
ITEM03743,ORD00421,PROD0258,4,14402.69,0.0
ITEM03744,ORD01155,PROD0411,4,61098.54,40.0
ITEM03745,ORD00833,PROD0376,3,6855.41,25.0
ITEM03746,ORD00844,PROD0244,1,43373.52,0.0
ITEM03747,ORD00106,PROD0326,4,31989.43,5.0
ITEM03748,ORD00733,PROD0177,3,46535.97,10.0
ITEM03749,ORD00291,PROD0082,5,34425.53,10.0
ITEM03750,ORD00734,PROD0276,3,66372.99,0.0
ITEM03751,ORD00028,PROD0352,3,5716.54,40.0
ITEM03752,ORD00800,PROD0198,2,13984.33,10.0
ITEM03753,ORD00049,PROD0166,1,67539.49,20.0
ITEM03754,ORD01012,PROD0317,3,27742.73,5.0
ITEM03755,ORD00635,PROD0138,3,73790.98,20.0
ITEM03756,ORD00355,PROD0037,4,49493.3,5.0
ITEM03757,ORD00163,PROD0058,4,60627.68,10.0
ITEM03758,ORD00928,PROD0219,1,4654.07,30.0
ITEM03759,ORD01059,PROD0026,2,58935.94,5.0
ITEM03760,ORD00113,PROD0259,1,63449.27,25.0
ITEM03761,ORD00692,PROD0203,1,6363.55,0.0
ITEM03762,ORD00035,PROD0378,4,25784.82,15.0
ITEM03763,ORD00933,PROD0080,3,20823.03,0.0
ITEM03764,ORD01455,PROD0269,5,14058.54,20.0
ITEM03765,ORD00531,PROD0111,5,37654.85,0.0
ITEM03766,ORD00848,PROD0196,1,13700.06,10.0
ITEM03767,ORD00394,PROD0267,4,26032.04,15.0
ITEM03768,ORD00578,PROD0026,5,71849.36,40.0
ITEM03769,ORD01142,PROD0141,2,19589.56,0.0
ITEM03770,ORD00598,PROD0154,1,56392.17,25.0
ITEM03771,ORD00949,PROD0171,4,24539.86,20.0
ITEM03772,ORD00435,PROD0192,5,11133.35,5.0
ITEM03773,ORD00238,PROD0383,3,4992.11,5.0
ITEM03774,ORD00348,PROD0140,1,34985.94,5.0
ITEM03775,ORD01063,PROD0300,4,22028.79,0.0
ITEM03776,ORD00762,PROD0456,3,19637.99,30.0
ITEM03777,ORD01182,PROD0423,2,20627.89,10.0
ITEM03778,ORD00694,PROD0025,2,44568.26,5.0
ITEM03779,ORD00989,PROD0357,3,13004.95,15.0
ITEM03780,ORD00917,PROD0033,2,45320.34,20.0
ITEM03781,ORD00713,PROD0421,4,30781.61,10.0
ITEM03782,ORD01298,PROD0321,2,47921.03,25.0
ITEM03783,ORD01122,PROD0187,2,65864.1,50.0
ITEM03784,ORD01180,PROD0451,3,76998.75,40.0
ITEM03785,ORD00486,PROD0370,2,12611.71,10.0
ITEM03786,ORD00679,PROD0441,4,18529.03,10.0
ITEM03787,ORD01167,PROD0448,2,42320.76,0.0
ITEM03788,ORD01423,PROD0082,4,25755.99,0.0
ITEM03789,ORD00408,PROD0483,4,16056.24,10.0
ITEM03790,ORD01288,PROD0263,4,30216.61,0.0
ITEM03791,ORD01450,PROD0288,1,19362.15,25.0
ITEM03792,ORD01085,PROD0426,5,3164.67,15.0
ITEM03793,ORD00146,PROD0481,5,30387.0,0.0
ITEM03794,ORD01140,PROD0248,1,6898.42,0.0
ITEM03795,ORD01299,PROD0347,3,64800.64,0.0
ITEM03796,ORD00146,PROD0158,2,5024.02,5.0
ITEM03797,ORD00863,PROD0345,3,20003.22,15.0
ITEM03798,ORD00562,PROD0092,2,39462.23,10.0
ITEM03799,ORD01079,PROD0330,5,52592.22,10.0
ITEM03800,ORD00955,PROD0226,-3,50195.04,5.0
ITEM03801,ORD00588,PROD0164,1,57006.1,10.0
ITEM03802,ORD00172,PROD0186,5,8075.23,0.0
ITEM03803,ORD00587,PROD0407,3,62380.07,0.0
ITEM03804,ORD00731,PROD0393,4,42971.0,15.0
ITEM03805,ORD00402,PROD0053,4,56779.78,25.0
ITEM03806,ORD01305,PROD0090,1,26860.06,25.0
ITEM03807,ORD00057,PROD0137,1,76574.52,10.0
ITEM03808,ORD01323,PROD0485,2,4210.68,0.0
ITEM03809,ORD01169,PROD0058,3,51789.17,10.0
ITEM03810,ORD00937,PROD0239,1,40275.07,15.0
ITEM03811,ORD00525,PROD0057,3,30040.81,15.0
ITEM03812,ORD00425,PROD0237,2,43483.76,20.0
ITEM03813,ORD00601,PROD0315,2,68853.34,15.0
ITEM03814,ORD00982,PROD0420,3,62563.09,15.0
ITEM03815,ORD00374,PROD0248,-3,5848.96,40.0
ITEM03816,ORD00164,PROD0240,3,32501.66,10.0
ITEM03818,ORD01231,PROD0375,3,44470.24,0.0
ITEM03819,ORD00198,PROD0274,3,21670.76,10.0
ITEM03820,ORD01398,PROD0318,2,20740.12,0.0
ITEM03821,ORD00030,PROD0075,3,44892.51,5.0
ITEM03822,ORD01218,PROD0010,5,20638.54,20.0
ITEM03823,ORD00952,PROD0429,5,58638.33,5.0
ITEM03824,ORD00397,PROD0250,5,27427.62,0.0
ITEM03825,ORD01326,PROD0210,2,66386.41,20.0
ITEM03826,ORD01145,PROD0466,3,19673.13,15.0
ITEM03827,ORD01041,PROD0061,4,72004.2,0.0
ITEM03828,ORD00745,PROD0110,3,53854.08,10.0
ITEM03829,ORD00382,PROD0154,1,39280.05,0.0
ITEM03830,ORD00724,PROD0414,4,75480.47,15.0
ITEM03831,ORD00989,PROD0050,4,49300.09,15.0
ITEM03832,ORD01313,PROD0251,2,62432.92,40.0
ITEM03833,ORD00503,PROD0064,3,20865.93,10.0
ITEM03834,ORD01038,PROD0022,2,73856.9,10.0
ITEM03835,ORD01116,PROD0146,-4,52565.98,0.0
ITEM03836,ORD01396,PROD0237,5,32270.5,25.0
ITEM03837,ORD00311,PROD0052,4,17336.74,5.0
ITEM03838,ORD00456,PROD0348,1,8266.72,20.0
ITEM03839,ORD01063,PROD0225,4,13742.42,10.0
ITEM03840,ORD00032,PROD0405,5,13469.02,0.0
ITEM03842,ORD00624,PROD0271,1,49341.99,5.0
ITEM03843,ORD00344,PROD0361,3,55438.52,10.0
ITEM03844,ORD00804,PROD0400,5,52097.53,20.0
ITEM03845,ORD00559,PROD0473,4,20925.26,10.0
ITEM03846,ORD00502,PROD0128,2,10943.85,20.0
ITEM03847,ORD00828,PROD0250,3,38549.9,25.0
ITEM03848,ORD00249,PROD0408,5,6965.8,10.0
ITEM03849,ORD00881,PROD0024,4,1720.4,0.0
ITEM03850,ORD00872,PROD0274,3,24620.57,20.0
ITEM03851,ORD00752,PROD0496,3,50911.14,25.0
ITEM03852,ORD00967,PROD0386,1,57547.73,0.0
ITEM03853,ORD00552,PROD0098,4,45418.35,30.0
ITEM03854,ORD00448,PROD0159,3,11937.5,40.0
ITEM03855,ORD00246,PROD0117,2,23236.92,5.0
ITEM03856,ORD01430,PROD0365,5,62319.33,10.0
ITEM03857,ORD01185,PROD0394,1,73425.65,40.0
ITEM03858,ORD00686,PROD0138,1,70029.17,0.0
ITEM03859,ORD00398,PROD0394,1,74653.95,15.0
ITEM03860,ORD00119,PROD0469,2,16372.9,25.0
ITEM03861,ORD00653,PROD0397,3,40237.12,10.0
ITEM03862,ORD00223,PROD0079,1,2098.95,10.0
ITEM03863,ORD00733,PROD0499,2,83867.2,40.0
ITEM03864,ORD00045,PROD0343,4,23750.86,25.0
ITEM03865,ORD01235,PROD0485,-1,2875.25,0.0
ITEM03866,ORD01454,PROD0260,5,65368.7,5.0
ITEM03867,ORD01107,PROD0481,1,41590.87,25.0
ITEM03868,ORD00306,PROD0345,2,20432.21,20.0
ITEM03869,ORD00303,PROD0086,2,22829.13,5.0
ITEM03870,ORD00186,PROD0082,1,32511.55,30.0
ITEM03871,ORD00617,PROD0300,5,27435.9,10.0
ITEM03872,ORD00442,PROD0076,5,13714.76,25.0
ITEM03873,ORD01062,PROD0202,3,75275.54,10.0
ITEM03874,ORD00972,PROD0136,3,22519.4,5.0
ITEM03875,ORD00327,PROD0191,2,52516.76,5.0
ITEM03876,ORD01379,PROD0420,3,45401.57,30.0
ITEM03877,ORD01003,PROD0057,5,38999.52,15.0
ITEM03878,ORD00141,PROD0392,3,23846.46,0.0
ITEM03879,ORD01214,PROD0196,2,18020.86,10.0
ITEM03880,ORD01380,PROD0010,2,19156.25,0.0
ITEM03881,ORD00488,PROD0283,5,86420.72,0.0
ITEM03882,ORD01202,PROD0304,4,56264.76,10.0
ITEM03883,ORD01469,PROD0400,3,47177.77,25.0
ITEM03884,ORD00989,PROD0481,4,29928.3,15.0
ITEM03885,ORD01147,PROD0085,1,23512.04,0.0
ITEM03886,ORD01405,PROD0268,2,39751.0,5.0
ITEM03887,ORD00108,PROD0500,1,25141.19,0.0
ITEM03888,ORD00523,PROD0227,2,21789.78,30.0
ITEM03889,ORD01452,PROD0006,5,1027.79,10.0
ITEM03890,ORD00982,PROD0399,3,33667.22,10.0
ITEM03891,ORD00118,PROD0248,5,5469.12,0.0
ITEM03892,ORD00364,PROD0216,4,67816.59,10.0
ITEM03893,ORD01275,PROD0498,4,50820.31,5.0
ITEM03894,ORD00136,PROD0380,1,9124.0,10.0
ITEM03895,ORD01032,PROD0335,1,61212.36,15.0
ITEM03896,ORD00501,PROD0095,4,53238.35,0.0
ITEM03897,ORD00543,PROD0145,5,19312.64,5.0
ITEM03898,ORD00300,PROD0026,1,61956.85,10.0
ITEM03899,ORD00721,PROD0417,1,19152.51,0.0
ITEM03900,ORD00583,PROD0424,4,21707.72,25.0
ITEM03901,ORD00099,PROD0336,4,15207.27,0.0
ITEM03902,ORD01481,PROD0220,1,9339.58,10.0
ITEM03903,ORD01349,PROD0043,3,25641.47,20.0
ITEM03904,ORD00140,PROD0351,5,7462.97,15.0
ITEM03905,ORD00183,PROD0199,3,7067.04,20.0
ITEM03906,ORD00518,PROD0292,5,13083.63,20.0
ITEM03907,ORD00414,PROD0385,1,37497.64,0.0
ITEM03908,ORD00446,PROD0067,1,58739.53,20.0
ITEM03909,ORD01216,PROD0306,1,13464.8,0.0
ITEM03910,ORD00376,PROD0036,3,44750.89,10.0
ITEM03911,ORD01455,PROD0052,5,19712.54,0.0
ITEM03912,ORD00241,PROD0201,1,46012.18,10.0
ITEM03913,ORD00051,PROD0090,3,16509.09,30.0
ITEM03914,ORD01079,PROD0035,4,7108.19,20.0
ITEM03915,ORD00134,PROD0400,2,75079.95,10.0
ITEM03916,ORD00495,PROD0002,1,49458.49,10.0
ITEM03917,ORD00684,PROD0377,1,46793.31,10.0
ITEM03918,ORD00064,PROD0262,3,6293.31,10.0
ITEM03919,ORD01398,PROD0073,5,52097.51,0.0
ITEM03920,ORD00638,PROD0396,5,28891.93,0.0
ITEM03921,ORD00737,PROD0258,2,23884.39,15.0
ITEM03922,ORD00820,PROD0319,1,13417.09,10.0
ITEM03923,ORD00812,PROD0230,3,10659.84,25.0
ITEM03924,ORD00418,PROD0246,3,7210.04,5.0
ITEM03925,ORD00586,PROD0112,-3,27345.52,0.0
ITEM03926,ORD00867,PROD0449,1,6712.37,5.0
ITEM03927,ORD00733,PROD0465,1,29008.02,0.0
ITEM03928,ORD00497,PROD0279,1,46420.31,10.0
ITEM03929,ORD00608,PROD0189,-5,22882.26,20.0
ITEM03930,ORD00283,PROD0290,2,47074.03,5.0
ITEM03931,ORD01225,PROD0389,4,34552.69,0.0
ITEM03932,ORD00765,PROD0476,4,63881.38,15.0
ITEM03933,ORD00334,PROD0099,4,27891.57,10.0
ITEM03934,ORD00484,PROD0465,5,18216.99,5.0
ITEM03936,ORD01400,PROD0048,3,37096.86,10.0
ITEM03937,ORD01176,PROD0119,5,49171.58,10.0
ITEM03938,ORD00838,PROD0107,4,39167.64,10.0
ITEM03939,ORD01067,PROD0060,4,54139.8,20.0
ITEM03940,ORD01130,PROD0207,-4,22841.95,25.0
ITEM03941,ORD00566,PROD0005,2,59440.13,5.0
ITEM03942,ORD00535,PROD0483,5,19119.59,20.0
ITEM03943,ORD01076,PROD0233,2,55742.05,25.0
ITEM03944,ORD00513,PROD0328,2,77449.13,0.0
ITEM03945,ORD00655,PROD0116,5,45964.08,20.0
ITEM03946,ORD00085,PROD0384,4,74052.91,5.0
ITEM03947,ORD00257,PROD0387,3,17618.82,50.0
ITEM03948,ORD01004,PROD0175,1,53861.02,5.0
ITEM03949,ORD01447,PROD0144,1,40504.03,10.0
ITEM03950,ORD01190,PROD0359,4,22540.23,20.0
ITEM03951,ORD00514,PROD0112,5,28341.78,0.0
ITEM03952,ORD00547,PROD0177,3,39247.7,25.0
ITEM03953,ORD01338,PROD0084,4,11376.75,10.0
ITEM03954,ORD00348,PROD0435,3,753.68,25.0
ITEM03955,ORD00942,PROD0368,4,85575.62,10.0
ITEM03956,ORD00955,PROD0061,-1,47673.02,10.0
ITEM03957,ORD00654,PROD0295,3,41606.87,30.0
ITEM03958,ORD00318,PROD0186,3,7884.93,10.0
ITEM03959,ORD00944,PROD0237,5,35520.19,20.0
ITEM03960,ORD00873,PROD0078,5,33838.64,0.0
ITEM03961,ORD00362,PROD0260,1,48790.12,20.0
ITEM03962,ORD01314,PROD0297,5,14429.0,0.0
ITEM03963,ORD01484,PROD0351,3,6046.96,20.0
ITEM03964,ORD01149,PROD0006,4,1500.89,20.0
ITEM03965,ORD00314,PROD0374,4,59465.27,0.0
ITEM03966,ORD01437,PROD0266,4,39797.85,20.0
ITEM03967,ORD00514,PROD0244,4,34926.09,30.0
ITEM03968,ORD01442,PROD0456,-5,19861.99,5.0
ITEM03969,ORD00327,PROD0021,2,58105.91,10.0
ITEM03970,ORD00323,PROD0458,2,51105.42,5.0
ITEM03971,ORD01104,PROD0255,2,13476.47,25.0
ITEM03972,ORD00537,PROD0414,4,82423.87,0.0
ITEM03973,ORD00916,PROD0403,4,27124.7,20.0
ITEM03974,ORD00363,PROD0184,5,38111.83,10.0
ITEM03975,ORD00215,PROD0089,1,12301.41,10.0
ITEM03976,ORD00988,PROD0496,2,75483.6,0.0
ITEM03977,ORD00300,PROD0084,2,9685.72,0.0
ITEM03978,ORD00473,PROD0074,5,21628.98,30.0
ITEM03979,ORD00587,PROD0130,1,47967.93,20.0
ITEM03980,ORD01290,PROD0417,1,20591.14,25.0
ITEM03981,ORD00964,PROD0488,5,40225.1,50.0
ITEM03982,ORD00946,PROD0133,1,63842.36,5.0
ITEM03983,ORD01483,PROD0177,2,45815.81,5.0
ITEM03984,ORD00270,PROD0276,3,72301.64,20.0
ITEM03985,ORD00313,PROD0307,2,56366.52,10.0
ITEM03986,ORD00996,PROD0125,1,72370.66,0.0
ITEM03987,ORD01347,PROD0196,3,17514.69,0.0
ITEM03988,ORD01000,PROD0454,3,82683.71,0.0
ITEM03989,ORD00508,PROD0246,3,9428.79,0.0
ITEM03990,ORD01201,PROD0060,5,59805.25,20.0
ITEM03991,ORD00021,PROD0132,3,39970.49,40.0
ITEM03992,ORD01491,PROD0464,1,21584.93,5.0
ITEM03993,ORD00799,PROD0499,3,67351.47,40.0
ITEM03994,ORD01103,PROD0187,1,52178.67,10.0
ITEM03995,ORD01299,PROD0441,4,32858.33,10.0
ITEM03997,ORD01420,PROD0348,2,9259.89,20.0
ITEM03998,ORD01089,PROD0487,1,36555.87,0.0
ITEM03999,ORD00248,PROD0039,1,57851.49,30.0
ITEM04000,ORD01487,PROD0048,3,31264.58,10.0
