customer_id,customer_name,city,segment,gender,signup_date,status
C00001,Customer_1,Delhi,Regular,Other,2024-10-08,active
C00002,Customer_2,Bengaluru,Silver,Other,2024-04-14,active
C00003,Customer_3,Gurugram,Platinum,M,2024-01-31,active
C00004,Customer_4,Bengaluru,Silver,Other,2025-09-08,active
C00005,Customer_5,Ahmedabad,Silver,Other,2025-10-27,inactive
C00006,Customer_6,Bengaluru,Platinum,Other,2024-10-11,active
C00007,Customer_7,Mumbai,Platinum,F,2024-10-11,active
C00008,Customer_8,Bengaluru,Gold,M,2024-04-04,inactive
C00009,Customer_9,Delhi,Gold,F,2025-09-10,active
C00010,Customer_10,Jaipur,Platinum,Other,2024-05-07,inactive
C00011,Customer_11,Delhi,Gold,Other,2025-09-25,active
C00012,Customer_12,Gurugram,Silver,Other,2024-03-12,active
C00013,Customer_13,Bengaluru,Gold,M,2024-08-26,active
C00014,Customer_14,Chennai,Gold,F,2025-10-12,active
C00015,Customer_15,Mumbai,Gold,F,2024-08-02,active
C00016,Customer_16,Delhi,Silver,Other,2026-01-16,active
C00017,Customer_17,Mumbai,Platinum,F,2024-10-03,active
C00018,Customer_18,Pune,Regular,M,2024-02-02,active
C00019,Customer_19,Chennai,Gold,M,2024-08-04,active
C00020,Customer_20,Bengaluru,Platinum,F,2025-10-20,inactive
C00021,Customer_21,Mumbai,Gold,M,2024-09-09,active
C00022,Customer_22,Gurugram,Platinum,Other,2025-02-12,active
C00023,Customer_23,Bengaluru,Silver,Other,2025-05-20,active
C00024,Customer_24,Jaipur,Regular,M,2025-10-04,active
C00025,Customer_25,Chennai,Regular,F,2025-01-25,inactive
C00026,Customer_26,Ahmedabad,Gold,Other,2024-01-12,active
C00027,Customer_27,Ahmedabad,Gold,Other,2024-12-14,active
C00028,Customer_28,Hyderabad,Platinum,M,2025-04-09,active
C00029,Customer_29,Hyderabad,Silver,Other,2024-04-18,active
C00030,Customer_30,Ahmedabad,Silver,M,2025-01-17,active
C00031,Customer_31,Ahmedabad,Regular,Other,2024-11-27,inactive
C00032,Customer_32,Jaipur,Regular,F,2024-11-10,active
C00033,Customer_33,Jaipur,Silver,Other,2024-03-21,active
C00034,Customer_34,Kolkata,Regular,Other,2024-05-08,active
C00035,Customer_35,Kolkata,Silver,F,31-31-2025,inactive
C00036,Customer_36,Bengaluru,Silver,Other,2024-11-15,inactive
C00037,Customer_37,Pune,Platinum,Other,2025-04-07,active
C00038,Customer_38,Bengaluru,Silver,M,2024-12-12,active
C00039,Customer_39,Gurugram,Silver,Other,2024-08-13,active
C00040,Customer_40,Delhi,Regular,M,2024-03-10,active
C00041,Customer_41,Pune,Regular,Other,2024-08-31,active
C00042,Customer_42,Kolkata,Silver,Other,2024-05-15,inactive
C00043,Customer_43,Bengaluru,Platinum,F,2024-07-13,active
C00044,Customer_44,Delhi,Platinum,F,2025-03-09,inactive
C00045,Customer_45,Kolkata,Regular,Other,2025-10-31,active
C00046,Customer_46,Jaipur,Platinum,Other,2024-12-13,active
C00047,Customer_47,Bengaluru,Silver,M,2025-07-03,inactive
C00048,Customer_48,Mumbai,Platinum,M,2024-10-12,inactive
C00049,Customer_49,Bengaluru,Regular,F,2025-07-17,active
C00050,Customer_50,Jaipur,Regular,M,2024-08-30,active
C00051,Customer_51,Chennai,Platinum,F,2024-08-06,inactive
C00052,Customer_52,Jaipur,Silver,F,2024-01-03,inactive
C00053,Customer_53,Hyderabad,Platinum,F,2025-03-09,inactive
C00054,Customer_54,Mumbai,Silver,F,2024-08-10,active
C00055,Customer_55,Gurugram,Regular,Other,2024-11-17,active
C00056,Customer_56,Jaipur,Platinum,Other,2025-06-27,active
C00057,Customer_57,Jaipur,Regular,M,2024-03-11,active
C00058,Customer_58,Bengaluru,Platinum,M,2025-08-06,active
C00059,Customer_59,Gurugram,Regular,Other,2024-03-24,inactive
C00060,Customer_60,Gurugram,Gold,F,2024-07-28,active
C00061,Customer_61,Bengaluru,Gold,F,2024-05-14,active
C00062,Customer_62,Kolkata,Gold,M,2024-01-10,inactive
C00063,Customer_63,Gurugram,Regular,M,2025-07-04,active
C00064,Customer_64,Ahmedabad,Gold,M,2024-12-23,active
C00065,Customer_65,Bengaluru,Gold,F,2024-06-10,inactive
C00066,Customer_66,Ahmedabad,Gold,Other,31-31-2025,active
C00067,Customer_67,Ahmedabad,Gold,Other,2024-04-16,active
C00068,Customer_68,Hyderabad,Regular,M,2026-01-30,active
C00069,Customer_69,Hyderabad,Gold,Other,2024-08-03,active
C00070,Customer_70,Bengaluru,Gold,Other,2025-05-15,active
C00071,Customer_71,Jaipur,Regular,Other,2025-03-09,active
C00072,Customer_72,Jaipur,Regular,F,2024-05-13,active
C00073,Customer_73,Mumbai,Platinum,Other,2025-12-23,inactive
C00074,Customer_74,Ahmedabad,Regular,M,2024-03-18,active
C00075,Customer_75,Ahmedabad,Regular,F,2025-08-19,active
C00076,Customer_76,Chennai,Silver,M,2024-11-11,active
C00077,Customer_77,Jaipur,Gold,M,2025-11-29,active
C00078,Customer_78,Delhi,Gold,Other,2025-02-20,active
C00079,Customer_79,Bengaluru,Silver,M,2025-02-26,active
C00080,Customer_80,Mumbai,Gold,F,2025-11-16,active
C00081,Customer_81,Hyderabad,Silver,Other,2024-04-20,inactive
C00082,Customer_82,Jaipur,Platinum,M,2024-07-23,inactive
C00083,Customer_83,Pune,Gold,M,2024-08-16,active
C00084,Customer_84,Bengaluru,Platinum,F,2024-10-12,active
C00085,Customer_85,Hyderabad,Gold,Other,2025-06-05,inactive
C00086,Customer_86,Ahmedabad,Gold,M,2024-04-28,active
C00087,Customer_87,Mumbai,Gold,M,2024-04-21,inactive
C00088,Customer_88,Pune,Gold,F,2025-09-12,active
C00089,Customer_89,Chennai,Silver,F,2024-02-15,inactive
C00090,Customer_90,Jaipur,Silver,F,2025-03-17,active
C00091,Customer_91,Pune,Gold,Other,2024-05-07,active
C00092,Customer_92,Ahmedabad,Gold,Other,2025-02-22,active
C00093,Customer_93,Chennai,Gold,Other,2024-05-10,active
C00094,Customer_94,Chennai,Platinum,Other,2024-06-27,active
C00095,Customer_95,Chennai,Regular,F,2024-10-20,active
C00096,Customer_96,Chennai,Gold,F,2025-03-28,inactive
C00097,Customer_97,Bengaluru,Platinum,Other,2024-06-22,active
C00098,Customer_98,Hyderabad,Gold,M,2024-08-28,active
C00099,Customer_99,Bengaluru,Silver,M,2024-01-26,active
C00100,Customer_100,Bengaluru,Platinum,Other,2024-03-15,inactive
C00101,Customer_101,Chennai,Silver,Other,2025-12-14,inactive
C00102,Customer_102,Kolkata,Platinum,M,2024-05-31,active
C00103,Customer_103,Delhi,Platinum,M,2024-06-29,inactive
C00104,Customer_104,Jaipur,Silver,M,2025-04-12,active
C00105,Customer_105,Kolkata,Gold,F,2025-09-19,inactive
C00106,Customer_106,Ahmedabad,Platinum,M,2025-05-01,inactive
C00107,Customer_107,Hyderabad,Silver,Other,2024-10-10,inactive
C00108,Customer_108,Bengaluru,Gold,F,2024-03-20,active
C00109,Customer_109,Bengaluru,Gold,F,2024-11-23,active
C00110,Customer_110,Mumbai,Silver,M,2025-01-27,active
C00111,Customer_111,Bengaluru,Regular,F,2025-02-21,active
C00112,Customer_112,Ahmedabad,Platinum,F,2024-03-04,active
C00113,Customer_113,Chennai,Platinum,Other,2025-12-13,active
C00114,Customer_114,Gurugram,Platinum,F,2024-01-07,active
C00115,Customer_115,Hyderabad,Platinum,F,2025-07-05,active
C00116,Customer_116,Kolkata,Silver,F,2025-03-22,inactive
C00117,Customer_117,Jaipur,Platinum,F,2025-11-15,inactive
C00118,Customer_118,Mumbai,Platinum,M,2025-09-29,active
C00119,Customer_119,Chennai,Regular,M,2025-10-20,inactive
C00120,Customer_120,Mumbai,Platinum,M,2024-02-21,active
C00121,Customer_121,Chennai,Gold,M,2025-04-10,active
C00122,Customer_122,Pune,Platinum,F,2025-03-07,active
C00123,Customer_123,Delhi,Platinum,M,2025-07-06,active
C00124,Customer_124,Pune,Silver,Other,2024-03-11,active
C00125,Customer_125,Jaipur,Silver,M,2024-01-21,active
C00126,Customer_126,Bengaluru,Silver,F,2025-11-16,active
C00127,Customer_127,Gurugram,Silver,F,2025-12-17,active
C00128,Customer_128,Pune,Silver,Other,2025-09-13,active
C00129,Customer_129,Mumbai,Gold,M,2025-08-15,active
C00130,Customer_130,Hyderabad,Platinum,F,2026-01-02,active
C00131,Customer_131,Delhi,Silver,M,2025-12-14,active
C00132,Customer_132,Gurugram,Regular,Other,2024-02-12,active
C00133,Customer_133,Ahmedabad,Platinum,Other,2025-01-14,active
C00134,Customer_134,Ahmedabad,Gold,M,2025-03-06,inactive
C00135,Customer_135,Delhi,Platinum,F,2025-10-12,inactive
C00136,Customer_136,Mumbai,Platinum,M,2026-01-21,active
C00137,Customer_137,Gurugram,Platinum,F,2025-03-22,active
C00138,Customer_138,Pune,Silver,M,2024-10-12,inactive
C00139,Customer_139,Bengaluru,Platinum,Other,2025-09-16,inactive
C00140,Customer_140,Pune,Regular,F,2024-11-28,active
C00141,Customer_141,Kolkata,Silver,F,2024-09-21,active
C00142,Customer_142,Hyderabad,Gold,Other,2024-01-11,active
C00143,Customer_143,Delhi,Silver,Other,2025-02-20,inactive
C00144,Customer_144,Ahmedabad,Silver,Other,2025-05-02,inactive
C00145,Customer_145,Kolkata,Regular,M,2024-10-28,active
C00146,Customer_146,Chennai,Silver,F,2025-11-10,active
C00147,Customer_147,Kolkata,Gold,F,2025-07-17,active
C00148,Customer_148,Pune,Platinum,F,2024-11-09,active
C00149,Customer_149,Bengaluru,Regular,Other,2024-07-16,active
C00150,Customer_150,Delhi,Silver,M,2024-08-09,inactive
C00151,Customer_151,Hyderabad,Gold,M,2024-07-17,active
C00152,Customer_152,Bengaluru,Gold,M,2024-11-05,active
C00153,Customer_153,Ahmedabad,Silver,F,2024-02-16,active
C00154,Customer_154,Ahmedabad,Gold,Other,2024-05-09,inactive
C00155,Customer_155,Delhi,Regular,Other,2024-10-18,inactive
C00156,Customer_156,Kolkata,Platinum,F,2024-07-07,active
C00157,Customer_157,Hyderabad,Platinum,M,2024-03-07,inactive
C00158,Customer_158,Kolkata,Regular,Other,2025-10-06,active
C00159,Customer_159,Mumbai,Silver,Other,2024-11-07,active
C00160,Customer_160,Bengaluru,Regular,Other,2025-03-02,active
C00161,Customer_161,Ahmedabad,Platinum,F,2025-03-29,active
C00162,Customer_162,Gurugram,Platinum,F,2025-08-05,active
C00163,Customer_163,Gurugram,Regular,M,2025-10-02,active
C00164,Customer_164,Hyderabad,Regular,M,2024-09-02,active
C00165,Customer_165,Ahmedabad,Regular,M,2024-01-03,inactive
C00166,Customer_166,Kolkata,Platinum,F,2024-02-03,active
C00167,Customer_167,Hyderabad,Gold,Other,2025-04-09,active
C00168,Customer_168,Bengaluru,Gold,Other,2025-08-26,active
C00169,Customer_169,Chennai,Regular,Other,2024-08-18,active
C00170,Customer_170,Hyderabad,Silver,M,2024-03-02,active
C00171,Customer_171,Hyderabad,Gold,F,2024-05-07,inactive
C00172,Customer_172,Hyderabad,Platinum,F,2025-05-27,inactive
C00173,Customer_173,Kolkata,Regular,Other,2024-02-10,inactive
C00174,Customer_174,Pune,Gold,M,2024-04-03,active
C00175,Customer_175,Gurugram,Regular,Other,2024-10-02,active
C00176,Customer_176,Mumbai,Platinum,Other,2025-10-29,inactive
C00177,Customer_177,Hyderabad,Silver,Other,2025-03-22,inactive
C00178,Customer_178,Delhi,Platinum,F,2025-02-22,active
C00179,Customer_179,Pune,Regular,M,2024-12-03,inactive
C00180,Customer_180,Kolkata,Gold,Other,2025-02-14,active
C00181,Customer_181,Kolkata,Regular,F,2024-09-15,active
C00182,Customer_182,Delhi,Platinum,Other,2024-01-02,inactive
C00183,Customer_183,Chennai,Regular,M,2025-06-14,active
C00184,Customer_184,Gurugram,Platinum,Other,2025-03-28,active
C00185,Customer_185,Bengaluru,Gold,Other,2024-05-14,active
C00186,Customer_186,Kolkata,Platinum,M,2024-01-30,active
C00187,Customer_187,Mumbai,Gold,Other,2024-01-15,inactive
C00188,Customer_188,Delhi,Silver,M,2025-04-17,active
C00189,Customer_189,Mumbai,Platinum,Other,2024-10-25,active
C00190,Customer_190,Chennai,Platinum,F,2024-09-06,inactive
C00191,Customer_191,Ahmedabad,Silver,F,2024-07-14,active
C00192,Customer_192,Delhi,Gold,F,2024-12-14,active
C00193,Customer_193,Jaipur,Gold,Other,2024-11-01,inactive
C00194,Customer_194,Mumbai,Platinum,Other,2025-05-10,active
C00195,Customer_195,,Platinum,F,2024-11-25,active
C00196,Customer_196,Bengaluru,Platinum,M,2025-02-24,active
C00197,Customer_197,,Platinum,Other,2025-01-25,inactive
C00198,Customer_198,Mumbai,Platinum,M,2024-05-09,active
C00199,Customer_199,Delhi,Platinum,M,2025-06-22,inactive
C00200,Customer_200,Jaipur,Silver,F,2025-11-01,active
C00201,Customer_201,Delhi,Platinum,F,2024-12-12,inactive
C00202,Customer_202,Delhi,Gold,Other,2025-06-30,inactive
C00203,Customer_203,Pune,Platinum,Other,2024-02-06,active
C00204,Customer_204,Bengaluru,Gold,M,2024-04-02,inactive
C00205,Customer_205,Delhi,Regular,F,2024-06-19,active
C00206,Customer_206,Jaipur,Regular,F,2024-02-27,active
C00207,Customer_207,Pune,Gold,F,2024-05-29,active
C00208,Customer_208,Ahmedabad,Platinum,Other,2025-11-29,active
C00209,Customer_209,Mumbai,Silver,M,2025-09-16,inactive
C00210,Customer_210,Gurugram,Silver,F,2025-08-20,active
C00211,Customer_211,Bengaluru,Platinum,Other,2024-09-17,inactive
C00212,Customer_212,Hyderabad,Regular,F,2024-10-21,active
C00213,Customer_213,Delhi,Platinum,F,2025-08-24,active
C00214,Customer_214,Chennai,Gold,F,2024-11-05,active
C00215,Customer_215,Chennai,Platinum,M,2024-08-30,inactive
C00216,Customer_216,Gurugram,Gold,Other,2024-10-29,active
C00217,Customer_217,Jaipur,Platinum,F,2024-01-09,active
C00218,Customer_218,Gurugram,Platinum,F,2024-08-23,active
C00219,Customer_219,Bengaluru,Silver,Other,2024-09-13,active
C00220,Customer_220,Delhi,Regular,F,2025-03-27,active
C00221,Customer_221,Gurugram,Gold,Other,2024-05-14,active
C00222,Customer_222,Hyderabad,Gold,Other,2025-03-01,active
C00223,Customer_223,Bengaluru,Silver,Other,2025-01-09,active
C00224,Customer_224,Mumbai,Gold,F,2024-10-29,active
C00225,Customer_225,Delhi,Platinum,M,2024-05-24,active
C00226,Customer_226,Chennai,Gold,M,2025-02-08,active
C00227,Customer_227,Hyderabad,Regular,F,2025-01-12,active
C00228,Customer_228,Gurugram,Platinum,Other,2025-01-15,active
C00229,Customer_229,Bengaluru,Platinum,M,2025-09-26,active
C00230,Customer_230,Gurugram,Silver,Other,2024-03-05,inactive
C00231,Customer_231,Hyderabad,Platinum,M,2024-05-23,active
C00232,Customer_232,Jaipur,Gold,F,2024-04-28,active
C00233,Customer_233,Bengaluru,Silver,F,2025-04-09,active
C00234,Customer_234,Ahmedabad,Platinum,Other,2026-01-30,active
C00235,Customer_235,Chennai,Regular,F,2025-09-22,inactive
C00236,Customer_236,Hyderabad,Regular,Other,2025-01-14,active
C00237,Customer_237,Kolkata,Platinum,M,2025-01-06,active
C00238,Customer_238,Pune,Gold,M,2025-02-11,active
C00239,Customer_239,Bengaluru,Regular,F,2024-04-03,active
C00240,Customer_240,Gurugram,Regular,M,2024-12-07,active
C00241,Customer_241,Mumbai,Silver,M,2025-07-21,active
C00242,Customer_242,Gurugram,Silver,M,2024-12-02,active
C00243,Customer_243,Gurugram,Regular,F,2024-05-28,active
C00244,Customer_244,Ahmedabad,Gold,M,2024-04-22,active
C00245,Customer_245,Mumbai,Regular,F,2024-08-31,active
C00246,Customer_246,Jaipur,Silver,F,2024-02-23,active
C00247,Customer_247,,Regular,Other,2024-03-06,inactive
C00248,Customer_248,Kolkata,Gold,Other,2025-08-30,active
C00249,Customer_249,Kolkata,Silver,Other,2024-02-14,active
C00250,Customer_250,Kolkata,Regular,M,2025-05-05,inactive
C00251,Customer_251,Chennai,Regular,F,2025-12-30,inactive
C00252,Customer_252,Delhi,Regular,F,2025-09-14,active
C00253,Customer_253,Delhi,Silver,F,2025-10-01,active
C00254,Customer_254,Chennai,Gold,F,2025-06-01,inactive
C00255,Customer_255,Delhi,Regular,Other,2025-10-28,active
C00256,Customer_256,Chennai,Platinum,M,2025-02-27,active
C00257,Customer_257,Kolkata,Platinum,F,2026-01-17,active
C00258,Customer_258,Pune,Platinum,F,2025-11-12,active
C00259,Customer_259,Pune,Silver,Other,2025-04-30,active
C00260,Customer_260,Delhi,Regular,M,2025-03-18,active
C00261,Customer_261,Pune,Silver,Other,2024-03-02,active
C00262,Customer_262,Delhi,Platinum,F,2025-11-12,inactive
C00263,Customer_263,Jaipur,Gold,Other,2024-11-15,active
C00264,Customer_264,Delhi,Silver,M,2025-11-03,inactive
C00265,Customer_265,Bengaluru,Regular,F,2025-07-23,active
C00266,Customer_266,Delhi,Gold,Other,2024-08-19,inactive
C00267,Customer_267,Ahmedabad,Regular,Other,2025-11-04,active
C00268,Customer_268,Jaipur,Silver,F,2025-12-20,active
C00269,Customer_269,Pune,Gold,M,2024-07-04,active
C00270,Customer_270,Gurugram,Platinum,M,2024-05-25,active
C00271,Customer_271,Delhi,Silver,F,2025-03-05,inactive
C00272,Customer_272,Pune,Silver,F,2024-11-15,active
C00273,Customer_273,Gurugram,Regular,M,2024-06-08,active
C00274,Customer_274,Gurugram,Regular,Other,2024-03-24,active
C00275,Customer_275,Kolkata,Platinum,F,2025-09-13,inactive
C00276,Customer_276,Chennai,Gold,M,2025-06-08,active
C00277,Customer_277,Pune,Platinum,M,2024-10-17,inactive
C00278,Customer_278,Ahmedabad,Gold,M,2024-08-13,inactive
C00279,Customer_279,Gurugram,Regular,M,2024-07-28,active
C00280,Customer_280,Bengaluru,Silver,F,2024-10-23,active
C00281,Customer_281,Delhi,Regular,F,2025-03-16,active
C00282,Customer_282,Mumbai,Platinum,Other,2025-12-21,active
C00283,Customer_283,Ahmedabad,Gold,M,2025-02-10,active
C00284,Customer_284,Chennai,Regular,F,2024-03-20,active
C00285,Customer_285,Gurugram,Platinum,Other,2025-02-18,inactive
C00286,Customer_286,Hyderabad,Regular,F,2024-01-22,active
C00287,Customer_287,Mumbai,Platinum,Other,2025-01-05,active
C00288,Customer_288,Chennai,Regular,M,2025-03-22,inactive
C00289,Customer_289,Ahmedabad,Regular,F,2024-11-13,active
C00290,Customer_290,Bengaluru,Gold,M,2024-03-19,active
C00291,Customer_291,Ahmedabad,Silver,F,2024-12-25,active
C00292,Customer_292,Bengaluru,Regular,M,2024-09-19,active
C00293,Customer_293,Mumbai,Silver,Other,2024-03-18,active
C00294,Customer_294,Kolkata,Platinum,Other,2025-08-16,inactive
C00295,Customer_295,Gurugram,Gold,Other,2024-11-19,active
C00296,Customer_296,Kolkata,Regular,F,2025-03-28,active
C00297,Customer_297,Hyderabad,Regular,F,2025-06-03,active
C00298,Customer_298,Hyderabad,Platinum,F,2024-02-08,active
C00299,Customer_299,Pune,Gold,M,2025-10-22,active
C00300,Customer_300,Gurugram,Platinum,F,2025-08-17,active
C00301,Customer_301,Kolkata,Silver,F,2025-09-11,inactive
C00302,Customer_302,Ahmedabad,Silver,M,2025-04-06,active
C00303,Customer_303,Pune,Regular,Other,2025-10-23,active
C00304,Customer_304,Jaipur,Silver,Other,2025-03-24,inactive
C00305,Customer_305,Ahmedabad,Silver,F,2025-01-16,active
C00306,Customer_306,Chennai,Platinum,F,2025-11-26,active
C00307,Customer_307,Pune,Regular,F,2024-04-06,inactive
C00308,Customer_308,Hyderabad,Gold,Other,2025-11-03,active
C00309,Customer_309,Pune,Regular,Other,2025-11-10,active
C00310,Customer_310,Pune,Gold,Other,2025-12-16,inactive
C00311,Customer_311,Mumbai,Regular,F,2025-07-26,inactive
C00312,Customer_312,Pune,Silver,Other,2025-12-20,active
C00313,Customer_313,Chennai,Gold,M,2025-01-06,active
C00314,Customer_314,Mumbai,Silver,F,2025-05-12,active
C00315,Customer_315,Bengaluru,Silver,M,2024-03-20,active
C00316,Customer_316,Delhi,Regular,Other,2024-12-10,active
C00317,Customer_317,Gurugram,Platinum,M,2024-06-15,active
C00318,Customer_318,Gurugram,Silver,Other,2025-03-24,active
C00319,Customer_319,Chennai,Gold,Other,2026-01-06,active
C00320,Customer_320,Kolkata,Gold,Other,2025-04-04,active
C00321,Customer_321,Ahmedabad,Silver,F,2025-04-25,active
C00322,Customer_322,Pune,Platinum,F,2024-10-15,inactive
C00323,Customer_323,Ahmedabad,Platinum,M,2024-07-23,active
C00324,Customer_324,Hyderabad,Regular,Other,2025-05-07,active
C00325,Customer_325,Ahmedabad,Regular,Other,2025-06-12,active
C00326,Customer_326,Hyderabad,Regular,M,2024-10-06,inactive
C00327,Customer_327,Ahmedabad,Silver,F,2024-04-03,active
C00328,Customer_328,Kolkata,Gold,M,2025-02-28,active
C00329,Customer_329,Chennai,Gold,M,2025-01-30,active
C00330,Customer_330,Pune,Silver,M,2024-11-22,active
C00331,Customer_331,Pune,Silver,M,2024-02-09,active
C00332,Customer_332,Kolkata,Silver,Other,2025-04-25,inactive
C00333,Customer_333,Gurugram,Regular,M,2024-01-20,active
C00334,Customer_334,Bengaluru,Silver,Other,2026-01-14,inactive
C00335,Customer_335,Delhi,Gold,M,2024-11-04,active
C00336,Customer_336,Jaipur,Silver,F,2025-10-16,inactive
C00337,Customer_337,Delhi,Regular,F,2025-09-03,active
C00338,Customer_338,Ahmedabad,Silver,Other,2024-05-27,active
C00339,Customer_339,Chennai,Regular,Other,2024-12-27,active
C00340,Customer_340,Gurugram,Platinum,M,2025-11-11,active
C00341,Customer_341,Ahmedabad,Gold,M,2025-06-22,active
C00342,Customer_342,Chennai,Platinum,M,2025-10-12,inactive
C00343,Customer_343,Pune,Gold,Other,2024-01-17,active
C00344,Customer_344,Delhi,Gold,M,2026-01-20,active
C00345,Customer_345,Gurugram,Gold,M,2024-02-15,active
C00346,Customer_346,Ahmedabad,Gold,Other,2024-06-28,inactive
C00347,Customer_347,Kolkata,Silver,M,2024-03-05,inactive
C00348,Customer_348,Jaipur,Gold,M,2024-02-14,active
C00349,Customer_349,Jaipur,Gold,F,2025-06-11,inactive
C00350,Customer_350,Ahmedabad,Platinum,F,31-31-2025,active
C00351,Customer_351,Hyderabad,Gold,M,2025-11-02,active
C00352,Customer_352,Hyderabad,Regular,F,2025-03-23,inactive
C00353,Customer_353,Kolkata,Platinum,F,2024-07-10,inactive
C00354,Customer_354,Kolkata,Gold,Other,2024-09-30,active
C00355,Customer_355,Chennai,Regular,F,2025-09-08,active
C00356,Customer_356,Ahmedabad,Gold,F,2024-04-15,active
C00357,Customer_357,Pune,Gold,F,2025-04-01,inactive
C00358,Customer_358,Mumbai,Platinum,F,2025-04-02,active
C00359,Customer_359,Pune,Platinum,F,2025-10-16,active
C00360,Customer_360,Delhi,Platinum,F,2025-06-09,active
C00361,Customer_361,Jaipur,Silver,Other,2025-11-25,inactive
C00362,Customer_362,Jaipur,Silver,M,2024-08-29,active
C00363,Customer_363,Pune,Platinum,Other,2024-02-03,active
C00364,Customer_364,Kolkata,Gold,F,2025-03-30,active
C00365,Customer_365,Gurugram,Silver,Other,2025-01-10,inactive
C00366,Customer_366,Pune,Gold,M,2024-04-26,active
C00367,Customer_367,Mumbai,Platinum,Other,2025-01-31,active
C00368,Customer_368,Hyderabad,Gold,Other,2025-04-01,active
C00369,Customer_369,Gurugram,Gold,Other,2025-05-17,active
C00370,Customer_370,Delhi,Silver,M,2025-04-07,active
C00371,Customer_371,Kolkata,Regular,Other,2024-11-23,active
C00372,Customer_372,Delhi,Gold,F,2024-06-10,active
C00373,Customer_373,Pune,Silver,M,2024-07-24,active
C00374,Customer_374,Bengaluru,Platinum,M,2025-01-04,active
C00375,Customer_375,Kolkata,Silver,Other,2024-03-29,active
C00376,Customer_376,Hyderabad,Platinum,Other,2026-01-06,inactive
C00377,Customer_377,Ahmedabad,Platinum,F,2025-08-11,active
C00378,Customer_378,Mumbai,Gold,Other,2024-03-16,inactive
C00379,Customer_379,Kolkata,Gold,M,2025-07-18,active
C00380,Customer_380,Mumbai,Platinum,Other,2024-02-26,active
C00381,Customer_381,Ahmedabad,Silver,F,2024-06-17,active
C00382,Customer_382,Pune,Silver,F,2025-06-15,active
C00383,Customer_383,Delhi,Gold,M,2025-10-12,active
C00384,Customer_384,Mumbai,Gold,Other,2025-06-30,active
C00385,Customer_385,Ahmedabad,Silver,Other,2025-08-17,active
C00386,Customer_386,Mumbai,Gold,Other,2024-02-12,active
C00387,Customer_387,Delhi,Regular,Other,2025-08-13,active
C00388,Customer_388,Bengaluru,Platinum,Other,2025-10-16,active
C00389,Customer_389,Kolkata,Gold,Other,2024-11-05,inactive
C00390,Customer_390,Bengaluru,Platinum,F,2025-04-09,active
C00391,Customer_391,Jaipur,Silver,F,2025-03-01,inactive
C00392,Customer_392,Kolkata,Silver,F,2025-09-13,active
C00393,Customer_393,Pune,Gold,Other,2024-12-19,inactive
C00394,Customer_394,Mumbai,Gold,Other,2025-07-29,active
C00395,Customer_395,Pune,Silver,F,2024-05-05,active
C00396,Customer_396,Kolkata,Silver,M,2024-04-09,active
C00397,Customer_397,Hyderabad,Platinum,Other,2025-03-04,active
C00398,Customer_398,Mumbai,Gold,Other,2026-01-08,active
C00399,Customer_399,Bengaluru,Silver,F,2025-06-11,inactive
C00400,Customer_400,Kolkata,Gold,F,2024-01-24,active
C00401,Customer_401,Chennai,Platinum,M,2024-08-08,active
C00402,Customer_402,Jaipur,Regular,F,2025-05-21,inactive
C00403,Customer_403,,Regular,M,2025-03-17,active
C00404,Customer_404,Hyderabad,Gold,F,2025-01-09,active
C00405,Customer_405,Chennai,Regular,Other,2025-07-29,active
C00406,Customer_406,Pune,Gold,M,2025-01-30,inactive
C00407,Customer_407,Ahmedabad,Gold,Other,2025-11-27,active
C00408,Customer_408,Mumbai,Regular,F,2025-01-17,active
C00409,Customer_409,Ahmedabad,Gold,M,2024-07-22,inactive
C00410,Customer_410,Ahmedabad,Regular,M,31-31-2025,active
C00411,Customer_411,Pune,Platinum,Other,2025-04-12,active
C00412,Customer_412,Gurugram,Silver,F,2025-09-19,active
C00413,Customer_413,Mumbai,Platinum,Other,2026-01-27,active
C00414,Customer_414,Gurugram,Gold,Other,2025-06-05,inactive
C00415,Customer_415,Gurugram,Gold,F,2024-01-18,active
C00416,Customer_416,Pune,Regular,F,2025-08-20,active
C00417,Customer_417,Jaipur,Platinum,F,2025-11-02,active
C00418,Customer_418,Jaipur,Platinum,M,2025-06-20,inactive
C00419,Customer_419,Mumbai,Silver,M,2025-08-09,active
C00420,Customer_420,Bengaluru,Regular,F,2024-11-17,inactive
C00421,Customer_421,Mumbai,Platinum,Other,2024-07-27,inactive
C00422,Customer_422,Ahmedabad,Platinum,Other,2026-01-14,active
C00423,Customer_423,Mumbai,Silver,Other,31-31-2025,inactive
C00424,Customer_424,Ahmedabad,Platinum,F,2024-06-26,inactive
C00425,Customer_425,Ahmedabad,Gold,Other,2024-12-28,active
C00426,Customer_426,Gurugram,Platinum,M,2024-09-09,active
C00427,Customer_427,Ahmedabad,Gold,M,2024-10-31,active
C00428,Customer_428,Bengaluru,Platinum,F,2025-05-06,active
C00429,Customer_429,Ahmedabad,Gold,F,2024-05-04,inactive
C00430,Customer_430,Chennai,Gold,M,2024-10-24,active
C00431,Customer_431,Hyderabad,Regular,F,2025-03-28,active
C00432,Customer_432,Kolkata,Silver,M,2025-07-05,active
C00433,Customer_433,Ahmedabad,Gold,M,2024-04-21,active
C00434,Customer_434,Bengaluru,Regular,Other,2025-06-27,active
C00435,Customer_435,Bengaluru,Regular,M,2025-02-27,active
C00436,Customer_436,Kolkata,Regular,Other,2024-05-20,active
C00437,Customer_437,Ahmedabad,Silver,F,2025-10-30,inactive
C00438,Customer_438,Kolkata,Silver,F,2024-11-24,active
C00439,Customer_439,Jaipur,Regular,Other,2025-08-10,active
C00440,Customer_440,Ahmedabad,Regular,M,2025-03-03,active
C00441,Customer_441,Jaipur,Platinum,F,2024-07-09,active
C00442,Customer_442,Jaipur,Regular,F,2025-08-04,active
C00443,Customer_443,Pune,Gold,F,2025-10-18,inactive
C00444,Customer_444,Mumbai,Platinum,F,2024-07-16,active
C00445,Customer_445,Pune,Silver,Other,2025-04-14,active
C00446,Customer_446,Mumbai,Regular,Other,2024-12-11,active
C00447,Customer_447,Gurugram,Silver,M,2025-09-17,inactive
C00448,Customer_448,Chennai,Gold,M,2025-02-14,active
C00449,Customer_449,Mumbai,Silver,F,2024-11-27,active
C00450,Customer_450,Jaipur,Gold,F,2024-08-29,inactive
C00451,Customer_451,Hyderabad,Gold,F,2025-08-19,active
C00452,Customer_452,Hyderabad,Gold,Other,2024-08-29,active
C00453,Customer_453,Delhi,Platinum,F,2024-06-12,inactive
C00454,Customer_454,Ahmedabad,Gold,Other,2024-04-30,active
C00455,Customer_455,Pune,Silver,M,2024-05-16,inactive
C00456,Customer_456,Mumbai,Platinum,Other,2025-09-12,active
C00457,Customer_457,Chennai,Platinum,Other,2025-11-11,active
C00458,Customer_458,Bengaluru,Regular,Other,2025-04-02,active
C00459,Customer_459,Delhi,Regular,M,2025-07-14,active
C00460,Customer_460,Gurugram,Silver,M,2024-12-01,inactive
C00461,Customer_461,Delhi,Silver,Other,2025-08-20,inactive
C00462,Customer_462,Delhi,Platinum,M,2025-04-09,active
C00463,Customer_463,Ahmedabad,Platinum,F,2025-07-31,active
C00464,Customer_464,Ahmedabad,Platinum,Other,2024-11-11,active
C00465,Customer_465,Chennai,Gold,M,2024-08-11,active
C00466,Customer_466,Jaipur,Platinum,F,2025-12-18,active
C00467,Customer_467,Ahmedabad,Regular,M,2025-04-28,active
C00468,Customer_468,Hyderabad,Platinum,M,2024-05-18,inactive
C00469,Customer_469,Pune,Platinum,F,2025-01-21,inactive
C00470,Customer_470,Delhi,Silver,Other,2024-12-22,active
C00471,Customer_471,Mumbai,Platinum,Other,2024-05-10,active
C00472,Customer_472,,Regular,F,2025-04-19,inactive
C00473,Customer_473,Ahmedabad,Platinum,M,31-31-2025,inactive
C00474,Customer_474,Pune,Silver,F,2024-07-12,active
C00475,Customer_475,Jaipur,Platinum,Other,2024-01-17,active
C00476,Customer_476,Bengaluru,Regular,M,2025-08-31,active
C00477,Customer_477,Kolkata,Regular,M,2026-01-28,active
C00478,Customer_478,Chennai,Platinum,M,2025-07-06,active
C00479,Customer_479,Jaipur,Silver,Other,2024-10-23,active
C00480,Customer_480,Gurugram,Gold,Other,2025-09-04,active
C00481,Customer_481,Bengaluru,Gold,M,2025-11-07,active
C00482,Customer_482,Chennai,Gold,F,2024-03-03,active
C00483,Customer_483,Chennai,Platinum,M,2024-12-18,inactive
C00484,Customer_484,Ahmedabad,Gold,Other,2025-03-02,inactive
C00485,Customer_485,Mumbai,Gold,F,2024-07-07,inactive
C00486,Customer_486,Bengaluru,Silver,F,2025-12-25,active
C00487,Customer_487,Kolkata,Regular,Other,2025-02-26,inactive
C00488,Customer_488,Ahmedabad,Silver,F,2024-09-05,active
C00489,Customer_489,Bengaluru,Gold,Other,2024-03-21,inactive
C00490,Customer_490,Pune,Regular,Other,2026-01-11,active
C00491,Customer_491,Jaipur,Gold,F,2025-11-20,active
C00492,Customer_492,Delhi,Silver,Other,2026-01-11,active
C00493,Customer_493,Kolkata,Silver,F,2024-11-06,active
C00494,Customer_494,Bengaluru,Silver,Other,2024-04-30,inactive
C00495,Customer_495,Bengaluru,Silver,F,2024-09-02,active
C00496,Customer_496,Hyderabad,Platinum,F,2025-06-30,active
C00497,Customer_497,Hyderabad,Gold,F,2025-06-09,inactive
C00498,Customer_498,,Regular,Other,2025-04-25,active
C00499,Customer_499,Bengaluru,Gold,F,2025-02-27,active
C00500,Customer_500,Gurugram,Silver,Other,2024-05-29,active
C00501,Customer_501,Hyderabad,Platinum,F,2024-06-05,active
C00502,Customer_502,Pune,Silver,F,2025-08-06,active
C00503,Customer_503,Kolkata,Gold,F,2025-05-15,inactive
C00504,Customer_504,Kolkata,Silver,Other,2024-12-26,active
C00505,Customer_505,Mumbai,Platinum,M,2025-07-09,active
C00506,Customer_506,Ahmedabad,Regular,M,2025-11-15,active
C00507,Customer_507,Jaipur,Platinum,M,2025-10-07,active
C00508,Customer_508,Delhi,Silver,M,2024-08-11,inactive
C00509,Customer_509,Pune,Regular,Other,2025-10-15,inactive
C00510,Customer_510,,Regular,M,2025-06-28,inactive
C00511,Customer_511,Jaipur,Regular,Other,2026-01-09,active
C00512,Customer_512,Ahmedabad,Gold,M,2025-05-29,inactive
C00513,Customer_513,Mumbai,Regular,M,2025-06-20,active
C00514,Customer_514,Bengaluru,Silver,Other,2025-06-23,active
C00515,Customer_515,Pune,Gold,F,2024-03-21,active
C00516,Customer_516,Chennai,Platinum,Other,2024-09-06,active
C00517,Customer_517,Hyderabad,Regular,Other,2025-10-27,active
C00518,Customer_518,Delhi,Platinum,F,2025-01-21,inactive
C00519,Customer_519,Jaipur,Regular,Other,2024-06-24,active
C00520,Customer_520,Kolkata,Platinum,Other,2024-12-05,active
C00521,Customer_521,Ahmedabad,Regular,M,2024-08-04,inactive
C00522,Customer_522,Hyderabad,Regular,M,2025-12-01,active
C00523,Customer_523,Ahmedabad,Regular,M,2024-11-18,active
C00524,Customer_524,Bengaluru,Silver,Other,2025-02-11,active
C00525,Customer_525,Hyderabad,Silver,Other,2024-09-03,inactive
C00526,Customer_526,Ahmedabad,Gold,F,2026-01-27,active
C00527,Customer_527,Delhi,Gold,M,2024-04-10,inactive
C00528,Customer_528,Bengaluru,Regular,F,2025-09-11,inactive
C00529,Customer_529,Pune,Regular,Other,2024-10-06,inactive
C00530,Customer_530,Kolkata,Silver,F,2025-07-20,inactive
C00531,Customer_531,Chennai,Silver,Other,2025-08-22,inactive
C00532,Customer_532,Delhi,Gold,M,2025-12-31,active
C00533,Customer_533,Delhi,Gold,M,2025-01-24,active
C00534,Customer_534,Chennai,Gold,F,2024-04-19,active
C00535,Customer_535,Jaipur,Gold,F,2025-01-03,active
C00536,Customer_536,Delhi,Silver,M,2024-07-10,inactive
C00537,Customer_537,Kolkata,Platinum,M,2024-01-27,active
C00538,Customer_538,Pune,Regular,Other,2025-09-04,active
C00539,Customer_539,Chennai,Regular,F,2025-02-27,inactive
C00540,Customer_540,Delhi,Silver,Other,2025-06-17,active
C00541,Customer_541,Chennai,Silver,M,2024-10-02,active
C00542,Customer_542,Hyderabad,Platinum,M,2024-03-05,active
C00543,Customer_543,Chennai,Gold,F,2024-11-02,inactive
C00544,Customer_544,Delhi,Gold,F,2024-09-09,inactive
C00545,Customer_545,Gurugram,Silver,F,2024-04-19,active
C00546,Customer_546,Hyderabad,Regular,F,2024-12-06,inactive
C00547,Customer_547,Pune,Platinum,F,2025-03-16,active
C00548,Customer_548,Hyderabad,Gold,Other,2025-12-12,active
C00549,Customer_549,Kolkata,Gold,M,2025-02-11,active
C00550,Customer_550,Hyderabad,Platinum,Other,2024-09-05,active
C00551,Customer_551,Chennai,Gold,F,2025-01-08,active
C00552,Customer_552,Gurugram,Silver,Other,2025-07-12,active
C00553,Customer_553,Ahmedabad,Regular,Other,2025-04-17,active
C00554,Customer_554,Kolkata,Gold,Other,2024-03-11,inactive
C00555,Customer_555,Kolkata,Silver,Other,2024-11-06,active
C00556,Customer_556,Hyderabad,Silver,Other,2025-03-09,inactive
C00557,Customer_557,Delhi,Platinum,Other,2025-05-05,inactive
C00558,Customer_558,Ahmedabad,Platinum,Other,2024-02-07,active
C00559,Customer_559,Ahmedabad,Regular,M,2024-09-11,active
C00560,Customer_560,Mumbai,Regular,Other,2025-10-22,inactive
C00561,Customer_561,Pune,Platinum,M,2024-01-11,active
C00562,Customer_562,Hyderabad,Silver,Other,2025-06-15,active
C00563,Customer_563,Kolkata,Gold,F,2025-04-19,active
C00564,Customer_564,Pune,Regular,F,2024-04-17,active
C00565,Customer_565,Chennai,Regular,M,2026-01-17,active
C00566,Customer_566,Pune,Gold,F,2025-04-11,active
C00567,Customer_567,Ahmedabad,Platinum,F,2025-05-02,active
C00568,Customer_568,Kolkata,Platinum,F,2024-03-09,active
C00569,Customer_569,Jaipur,Regular,M,2024-12-17,active
C00570,Customer_570,Mumbai,Silver,Other,2024-06-27,active
C00571,Customer_571,Pune,Platinum,F,2024-08-25,inactive
C00572,Customer_572,Mumbai,Silver,Other,2025-11-04,inactive
C00573,Customer_573,Chennai,Regular,Other,2025-09-20,active
C00574,Customer_574,Kolkata,Platinum,F,2024-01-05,active
C00575,Customer_575,Bengaluru,Gold,Other,2024-03-05,active
C00576,Customer_576,Ahmedabad,Silver,F,2024-11-29,active
C00577,Customer_577,Kolkata,Regular,F,2025-11-17,inactive
C00578,Customer_578,Ahmedabad,Gold,Other,2025-02-01,inactive
C00579,Customer_579,Gurugram,Regular,F,2024-12-26,inactive
C00580,Customer_580,Gurugram,Silver,Other,2025-12-23,active
C00581,Customer_581,Gurugram,Regular,Other,2024-05-17,active
C00582,Customer_582,Delhi,Silver,F,2024-04-29,active
C00583,Customer_583,Pune,Silver,Other,2025-02-01,inactive
C00584,Customer_584,Gurugram,Silver,Other,2025-01-27,inactive
C00585,Customer_585,Mumbai,Platinum,Other,2025-07-04,active
C00586,Customer_586,Ahmedabad,Silver,F,2024-10-22,active
C00587,Customer_587,Mumbai,Gold,F,2025-09-26,active
C00588,Customer_588,Pune,Regular,F,2024-05-19,active
C00589,Customer_589,Chennai,Platinum,F,2025-12-02,inactive
C00590,Customer_590,Chennai,Platinum,F,2024-06-20,active
C00591,Customer_591,Gurugram,Regular,M,2024-10-26,active
C00592,Customer_592,Hyderabad,Silver,Other,2024-10-22,active
C00593,Customer_593,Kolkata,Platinum,Other,2025-06-07,active
C00594,Customer_594,Gurugram,Regular,F,2025-07-10,active
C00595,Customer_595,Ahmedabad,Regular,Other,2025-03-27,active
C00596,Customer_596,Chennai,Regular,Other,2025-10-31,active
C00597,Customer_597,Hyderabad,Regular,F,2024-09-26,active
C00598,Customer_598,Delhi,Platinum,M,2024-08-30,active
C00599,Customer_599,Gurugram,Gold,Other,2025-09-16,inactive
C00600,Customer_600,Mumbai,Silver,M,2024-07-30,active
C00601,Customer_601,Gurugram,Gold,Other,2024-10-14,active
C00602,Customer_602,Pune,Gold,F,2025-08-09,active
C00603,Customer_603,Ahmedabad,Regular,M,2025-02-25,active
C00604,Customer_604,Hyderabad,Silver,Other,2024-05-15,active
C00605,Customer_605,Mumbai,Gold,M,2025-11-23,inactive
C00606,Customer_606,Kolkata,Silver,Other,2025-10-09,active
C00607,Customer_607,Chennai,Platinum,F,2024-03-18,active
C00608,Customer_608,Chennai,Gold,Other,2025-01-12,inactive
C00609,Customer_609,Kolkata,Gold,Other,2024-01-03,active
C00610,Customer_610,Kolkata,Gold,M,2025-07-01,inactive
C00611,Customer_611,Bengaluru,Platinum,M,2025-05-21,active
C00612,Customer_612,Pune,Gold,F,2025-07-14,active
C00613,Customer_613,Gurugram,Platinum,F,2025-11-29,active
C00614,Customer_614,Jaipur,Regular,Other,2025-04-15,active
C00615,Customer_615,Delhi,Silver,F,2025-04-12,active
C00616,Customer_616,Chennai,Silver,Other,2024-05-15,active
C00617,Customer_617,Mumbai,Gold,M,2025-11-01,active
C00618,Customer_618,Hyderabad,Regular,F,2025-11-11,active
C00619,Customer_619,Jaipur,Platinum,Other,2024-11-08,active
C00620,Customer_620,Chennai,Regular,Other,2024-04-07,active
C00621,Customer_621,Bengaluru,Platinum,M,2024-05-15,active
C00622,Customer_622,Ahmedabad,Platinum,M,2024-01-09,active
C00623,Customer_623,Delhi,Platinum,Other,2024-05-15,inactive
C00624,Customer_624,Delhi,Silver,F,2024-04-01,active
C00625,Customer_625,Delhi,Gold,F,2024-11-02,active
C00626,Customer_626,Chennai,Silver,Other,2025-11-24,active
C00627,Customer_627,Delhi,Regular,Other,2025-10-27,active
C00628,Customer_628,Kolkata,Gold,Other,2024-08-06,active
C00629,Customer_629,Chennai,Platinum,M,2024-03-29,active
C00630,Customer_630,Mumbai,Regular,Other,2026-01-17,inactive
C00631,Customer_631,Pune,Platinum,F,2024-05-23,active
C00632,Customer_632,Hyderabad,Regular,M,2025-07-20,active
C00633,Customer_633,Jaipur,Gold,M,2025-06-14,active
C00634,Customer_634,Chennai,Gold,Other,2024-02-25,active
C00635,Customer_635,Kolkata,Platinum,M,2024-09-03,inactive
C00636,Customer_636,Gurugram,Regular,Other,2024-01-13,active
C00637,Customer_637,Pune,Silver,F,2025-08-05,inactive
C00638,Customer_638,Pune,Silver,F,2024-03-15,active
C00639,Customer_639,Gurugram,Regular,M,2024-09-25,active
C00640,Customer_640,Jaipur,Regular,F,2025-06-02,active
C00641,Customer_641,Ahmedabad,Platinum,F,2025-12-19,inactive
C00642,Customer_642,Delhi,Silver,F,2024-03-26,active
C00643,Customer_643,Delhi,Silver,M,2025-07-03,active
C00644,Customer_644,Chennai,Regular,F,2025-12-16,inactive
C00645,Customer_645,Bengaluru,Regular,M,2024-03-29,inactive
C00646,Customer_646,Delhi,Platinum,Other,2025-09-15,active
C00647,Customer_647,Hyderabad,Silver,M,2024-01-13,active
C00648,Customer_648,Jaipur,Silver,F,2024-12-21,active
C00649,Customer_649,Mumbai,Gold,M,2024-10-02,active
C00650,Customer_650,Jaipur,Gold,F,2024-10-05,active
C00651,Customer_651,Hyderabad,Regular,F,2025-04-11,active
C00652,Customer_652,Jaipur,Platinum,Other,2024-06-19,active
C00653,Customer_653,Mumbai,Gold,M,2025-08-10,active
C00654,Customer_654,Bengaluru,Regular,M,2024-01-13,active
C00655,Customer_655,Jaipur,Platinum,F,2025-01-27,active
C00656,Customer_656,Mumbai,Regular,Other,2026-01-01,inactive
C00657,Customer_657,Bengaluru,Gold,M,2025-03-02,active
C00658,Customer_658,Hyderabad,Regular,Other,2025-01-16,active
C00659,Customer_659,Ahmedabad,Regular,M,2024-08-16,active
C00660,Customer_660,Chennai,Regular,F,2024-10-16,active
C00661,Customer_661,Pune,Regular,Other,2025-04-12,active
C00662,Customer_662,Pune,Silver,F,2025-07-31,active
C00663,Customer_663,Gurugram,Silver,F,2025-01-12,inactive
C00664,Customer_664,Bengaluru,Silver,M,2024-01-07,inactive
C00665,Customer_665,Jaipur,Silver,Other,2024-12-20,active
C00666,Customer_666,Pune,Regular,Other,2025-01-20,active
C00667,Customer_667,Delhi,Silver,Other,2024-08-31,inactive
C00668,Customer_668,Kolkata,Regular,M,2025-12-29,active
C00669,Customer_669,,Regular,M,2025-06-16,inactive
C00670,Customer_670,Pune,Platinum,Other,2024-03-27,active
C00671,Customer_671,,Silver,Other,2025-02-07,active
C00672,Customer_672,Gurugram,Regular,F,2025-11-09,active
C00673,Customer_673,Bengaluru,Gold,F,2024-11-18,inactive
C00674,Customer_674,Pune,Gold,F,2024-10-05,active
C00675,Customer_675,Delhi,Silver,M,2025-08-21,active
C00676,Customer_676,Mumbai,Regular,M,2025-04-05,inactive
C00677,Customer_677,Pune,Platinum,M,2025-07-02,active
C00678,Customer_678,Bengaluru,Platinum,F,2025-04-19,active
C00679,Customer_679,Delhi,Regular,M,2025-12-03,active
C00680,Customer_680,Gurugram,Regular,M,2024-12-01,active
C00681,Customer_681,Delhi,Silver,F,2025-02-09,active
C00682,Customer_682,Hyderabad,Gold,M,2024-02-01,inactive
C00683,Customer_683,Kolkata,Silver,M,2025-04-18,active
C00684,Customer_684,Mumbai,Regular,M,2024-03-04,active
C00685,Customer_685,Mumbai,Silver,F,2025-01-16,active
C00686,Customer_686,Gurugram,Gold,M,2024-01-23,active
C00687,Customer_687,Bengaluru,Platinum,M,2024-04-04,active
C00688,Customer_688,Delhi,Regular,F,2024-02-21,active
C00689,Customer_689,Gurugram,Platinum,Other,2025-02-08,inactive
C00690,Customer_690,Jaipur,Platinum,Other,2025-03-12,active
C00691,Customer_691,Pune,Silver,M,2024-10-08,active
C00692,Customer_692,Kolkata,Silver,M,2025-09-20,active
C00693,Customer_693,Hyderabad,Platinum,F,2025-07-17,inactive
C00694,Customer_694,Jaipur,Regular,F,2025-01-27,active
C00695,Customer_695,Chennai,Silver,Other,2025-06-22,active
C00696,Customer_696,Ahmedabad,Regular,F,2025-12-31,active
C00697,Customer_697,Kolkata,Platinum,F,2025-08-02,active
C00698,Customer_698,Chennai,Gold,M,2024-01-27,active
C00699,Customer_699,Gurugram,Silver,M,2024-10-14,active
C00700,Customer_700,Kolkata,Gold,Other,2024-08-26,active
C00701,Customer_701,Delhi,Silver,Other,2024-09-03,active
C00702,Customer_702,Ahmedabad,Regular,M,2025-08-12,inactive
C00703,Customer_703,Pune,Silver,M,2024-08-30,active
C00704,Customer_704,Pune,Regular,Other,2025-12-18,active
C00705,Customer_705,Gurugram,Silver,Other,2024-07-11,inactive
C00706,Customer_706,Ahmedabad,Gold,M,2025-05-17,active
C00707,Customer_707,Delhi,Regular,M,2025-09-08,active
C00708,Customer_708,Jaipur,Platinum,M,2024-12-05,active
C00709,Customer_709,Mumbai,Gold,Other,2024-06-30,active
C00710,Customer_710,Jaipur,Regular,M,31-31-2025,active
C00711,Customer_711,Delhi,Gold,M,2025-01-17,inactive
C00712,Customer_712,Gurugram,Regular,F,2024-11-05,active
C00713,Customer_713,Mumbai,Silver,Other,2025-03-23,inactive
C00714,Customer_714,Pune,Silver,Other,2025-07-29,active
C00715,Customer_715,Bengaluru,Silver,F,2024-11-10,active
C00716,Customer_716,Mumbai,Silver,Other,2024-01-02,inactive
C00717,Customer_717,Gurugram,Regular,M,2025-09-08,active
C00718,Customer_718,Gurugram,Silver,Other,2025-08-02,active
C00719,Customer_719,Kolkata,Silver,F,2024-03-20,active
C00720,Customer_720,,Gold,M,2025-10-13,active
C00721,Customer_721,Pune,Platinum,M,2024-09-28,active
C00722,Customer_722,Bengaluru,Regular,F,2024-09-19,active
C00723,Customer_723,Jaipur,Regular,F,2025-03-24,inactive
C00724,Customer_724,Mumbai,Platinum,F,2025-01-22,active
C00725,Customer_725,Ahmedabad,Platinum,M,2025-05-05,active
C00726,Customer_726,Mumbai,Platinum,M,2024-02-04,active
C00727,Customer_727,Jaipur,Gold,F,2024-04-17,active
C00728,Customer_728,Pune,Silver,F,2024-06-13,active
C00729,Customer_729,Ahmedabad,Regular,F,2025-08-31,inactive
C00730,Customer_730,Jaipur,Platinum,Other,2024-06-17,inactive
C00731,Customer_731,Mumbai,Regular,M,2024-12-05,active
C00732,Customer_732,Bengaluru,Platinum,Other,2025-07-21,active
C00733,Customer_733,Hyderabad,Gold,M,2024-04-08,active
C00734,Customer_734,Chennai,Platinum,M,2024-02-25,active
C00735,Customer_735,Jaipur,Platinum,M,2024-10-28,inactive
C00736,Customer_736,Bengaluru,Regular,M,2024-07-30,active
C00737,Customer_737,Hyderabad,Regular,F,2024-04-28,active
C00738,Customer_738,Chennai,Platinum,F,2025-11-07,active
C00739,Customer_739,Delhi,Platinum,M,2025-01-14,inactive
C00740,Customer_740,Pune,Silver,F,2024-02-15,active
C00741,Customer_741,Kolkata,Platinum,F,2024-08-19,active
C00742,Customer_742,Gurugram,Regular,M,2025-12-14,active
C00743,Customer_743,Delhi,Gold,Other,2025-02-27,active
C00744,Customer_744,Ahmedabad,Regular,F,2025-06-19,inactive
C00745,Customer_745,Ahmedabad,Platinum,Other,2024-08-29,inactive
C00746,Customer_746,Hyderabad,Regular,F,2026-01-01,active
C00747,Customer_747,Ahmedabad,Silver,M,2025-04-04,active
C00748,Customer_748,Mumbai,Silver,M,2024-05-09,active
C00749,Customer_749,Chennai,Regular,Other,2025-03-21,active
C00750,Customer_750,Mumbai,Gold,F,2026-01-14,active
C00751,Customer_751,Delhi,Platinum,Other,2025-02-10,active
C00752,Customer_752,Hyderabad,Platinum,M,2025-12-18,inactive
C00753,Customer_753,Delhi,Platinum,M,2024-05-31,active
C00754,Customer_754,Delhi,Regular,F,2025-07-02,active
C00755,Customer_755,Chennai,Gold,F,2025-11-01,inactive
C00756,Customer_756,Gurugram,Platinum,M,2024-06-25,active
C00757,Customer_757,Chennai,Silver,Other,2025-09-15,inactive
C00758,Customer_758,Jaipur,Platinum,F,2025-12-08,active
C00759,Customer_759,Jaipur,Platinum,F,2025-01-16,active
C00760,Customer_760,Pune,Gold,F,2024-10-14,inactive
C00761,Customer_761,Delhi,Silver,M,2024-11-03,inactive
C00762,Customer_762,Pune,Gold,Other,2025-03-02,active
C00763,Customer_763,Bengaluru,Platinum,M,2025-02-20,inactive
C00764,Customer_764,Ahmedabad,Gold,M,2025-06-11,active
C00765,Customer_765,Delhi,Gold,Other,2025-06-02,inactive
C00766,Customer_766,Mumbai,Regular,M,2024-07-16,active
C00767,Customer_767,Jaipur,Silver,M,2025-04-12,active
C00768,Customer_768,Pune,Silver,F,2025-01-12,inactive
C00769,Customer_769,Ahmedabad,Platinum,Other,2024-05-06,active
C00770,Customer_770,Bengaluru,Gold,F,2025-08-31,inactive
C00771,Customer_771,Mumbai,Platinum,Other,2025-07-18,active
C00772,Customer_772,Pune,Silver,F,2025-12-06,active
C00773,Customer_773,Hyderabad,Regular,F,2024-02-20,active
C00774,Customer_774,Gurugram,Silver,M,2025-10-24,active
C00775,Customer_775,Bengaluru,Gold,Other,2025-02-23,active
C00776,Customer_776,Jaipur,Platinum,M,2025-10-24,active
C00777,Customer_777,Gurugram,Regular,M,2024-09-15,active
C00778,Customer_778,Hyderabad,Platinum,F,2024-12-23,inactive
C00779,Customer_779,Hyderabad,Silver,F,2024-11-05,inactive
C00780,Customer_780,Gurugram,Regular,M,2025-06-07,active
C00781,Customer_781,Ahmedabad,Gold,F,2025-12-01,active
C00782,Customer_782,Kolkata,Regular,F,2024-10-10,active
C00783,Customer_783,Hyderabad,Gold,Other,2025-12-29,active
C00784,Customer_784,Bengaluru,Silver,Other,2024-09-03,active
C00785,Customer_785,Gurugram,Platinum,Other,2024-11-23,active
C00786,Customer_786,Jaipur,Platinum,F,2024-09-22,inactive
C00787,Customer_787,Chennai,Platinum,Other,2024-02-06,active
C00788,Customer_788,Pune,Silver,Other,2025-07-01,inactive
C00789,Customer_789,Pune,Gold,M,2025-11-04,active
C00790,Customer_790,Hyderabad,Regular,F,2024-05-11,active
C00791,Customer_791,Ahmedabad,Silver,Other,2024-12-09,active
C00792,Customer_792,Bengaluru,Gold,M,2024-11-10,inactive
C00793,Customer_793,Pune,Gold,F,2025-08-22,active
C00794,Customer_794,Kolkata,Regular,F,2024-02-24,active
C00795,Customer_795,Kolkata,Silver,Other,2024-05-02,inactive
C00796,Customer_796,Ahmedabad,Gold,F,2024-02-25,active
C00797,Customer_797,Mumbai,Silver,F,2025-02-23,inactive
C00798,Customer_798,Mumbai,Gold,Other,2024-07-03,active
C00799,Customer_799,Kolkata,Gold,Other,2024-06-30,active
C00800,Customer_800,Jaipur,Regular,F,2024-10-07,active
C00801,Customer_801,Mumbai,Silver,F,31-31-2025,active
C00802,Customer_802,Gurugram,Platinum,Other,2025-03-15,inactive
C00803,Customer_803,Chennai,Platinum,F,2024-01-05,active
C00804,Customer_804,Ahmedabad,Silver,Other,2025-01-17,active
C00805,Customer_805,Pune,Silver,M,2025-11-23,active
C00806,Customer_806,Bengaluru,Silver,Other,2024-12-18,active
C00807,Customer_807,Mumbai,Regular,F,2025-05-30,active
C00808,Customer_808,Mumbai,Regular,M,2024-11-01,active
C00809,Customer_809,Kolkata,Gold,F,2025-12-04,active
C00810,Customer_810,Pune,Platinum,F,2024-07-11,active
C00811,Customer_811,Chennai,Regular,M,2024-08-17,active
C00812,Customer_812,Bengaluru,Regular,Other,2025-05-31,active
C00813,Customer_813,Delhi,Gold,Other,2025-10-28,active
C00814,Customer_814,Chennai,Gold,Other,2025-09-30,active
C00815,Customer_815,Gurugram,Regular,Other,2024-04-20,active
C00816,Customer_816,Jaipur,Regular,F,2025-03-30,inactive
C00817,Customer_817,Delhi,Gold,F,2025-12-19,active
C00818,Customer_818,Bengaluru,Regular,F,2025-03-06,active
C00819,Customer_819,Ahmedabad,Gold,Other,2025-09-12,active
C00820,Customer_820,Chennai,Regular,Other,2026-01-06,active
C00821,Customer_821,Hyderabad,Regular,M,2025-05-24,active
C00822,Customer_822,Gurugram,Silver,F,2025-06-19,active
C00823,Customer_823,Pune,Platinum,F,2024-06-13,active
C00824,Customer_824,Ahmedabad,Platinum,M,2025-12-05,inactive
C00825,Customer_825,Pune,Silver,M,2024-01-14,active
C00826,Customer_826,Delhi,Platinum,M,2024-04-02,active
C00827,Customer_827,Delhi,Gold,Other,2024-08-24,inactive
C00828,Customer_828,Hyderabad,Gold,F,2024-02-21,active
C00829,Customer_829,Mumbai,Regular,F,2025-01-03,active
C00830,Customer_830,Chennai,Regular,M,2024-02-16,active
C00831,Customer_831,Mumbai,Silver,F,2025-01-01,inactive
C00832,Customer_832,Gurugram,Gold,Other,2024-04-05,active
C00833,Customer_833,Pune,Silver,M,2025-02-14,inactive
C00834,Customer_834,Kolkata,Gold,F,2025-12-07,inactive
C00835,Customer_835,Chennai,Silver,M,2024-05-15,active
C00836,Customer_836,Mumbai,Regular,F,2025-08-27,inactive
C00837,Customer_837,Gurugram,Platinum,M,2025-09-17,inactive
C00838,Customer_838,Pune,Regular,Other,2026-01-14,active
C00839,Customer_839,Kolkata,Platinum,M,2025-02-25,inactive
C00840,Customer_840,Jaipur,Regular,F,2025-11-01,active
C00841,Customer_841,Jaipur,Silver,Other,2024-12-12,active
C00842,Customer_842,Chennai,Silver,F,2024-12-20,inactive
C00843,Customer_843,Mumbai,Regular,M,2025-10-20,active
C00844,Customer_844,Ahmedabad,Platinum,F,2024-06-18,active
C00845,Customer_845,Kolkata,Gold,M,2024-12-04,active
C00846,Customer_846,Jaipur,Silver,Other,2025-10-20,inactive
C00847,Customer_847,Chennai,Silver,M,2025-04-15,inactive
C00848,Customer_848,Gurugram,Platinum,M,2025-05-25,inactive
C00849,Customer_849,Pune,Regular,F,2025-10-31,active
C00850,Customer_850,Delhi,Platinum,F,2024-02-06,active
C00851,Customer_851,Delhi,Gold,Other,2025-07-29,active
C00852,Customer_852,Kolkata,Gold,F,2024-02-25,active
C00853,Customer_853,Kolkata,Gold,Other,2025-09-26,inactive
C00854,Customer_854,Pune,Platinum,M,2024-04-09,active
C00855,Customer_855,Jaipur,Gold,F,2025-10-10,active
C00856,Customer_856,Ahmedabad,Gold,Other,2024-04-18,active
C00857,Customer_857,Mumbai,Platinum,M,31-31-2025,inactive
C00858,Customer_858,Delhi,Gold,Other,2024-07-19,active
C00859,Customer_859,Delhi,Platinum,M,2025-04-13,active
C00860,Customer_860,Pune,Regular,F,2024-02-17,active
C00861,Customer_861,Kolkata,Platinum,Other,2025-08-26,active
C00862,Customer_862,Kolkata,Regular,Other,2026-01-23,active
C00863,Customer_863,Ahmedabad,Platinum,Other,2025-05-09,active
C00864,Customer_864,Gurugram,Silver,Other,2024-05-11,active
C00865,Customer_865,Chennai,Gold,Other,2025-01-28,inactive
C00866,Customer_866,Gurugram,Silver,F,2025-02-11,active
C00867,Customer_867,Hyderabad,Platinum,M,2024-05-21,inactive
C00868,Customer_868,Gurugram,Gold,Other,2025-07-14,active
C00869,Customer_869,Ahmedabad,Silver,M,2024-08-02,active
C00870,Customer_870,Pune,Silver,Other,2025-10-27,active
C00871,Customer_871,Ahmedabad,Gold,Other,2024-04-28,active
C00872,Customer_872,Ahmedabad,Platinum,Other,2025-08-07,inactive
C00873,Customer_873,Ahmedabad,Gold,F,2024-01-14,active
C00874,Customer_874,Jaipur,Platinum,M,2024-02-24,active
C00875,Customer_875,Bengaluru,Gold,M,2024-10-20,active
C00876,Customer_876,Mumbai,Regular,Other,2024-10-29,active
C00877,Customer_877,Ahmedabad,Regular,F,2025-04-08,active
C00878,Customer_878,Gurugram,Silver,Other,2025-10-24,inactive
C00879,Customer_879,Bengaluru,Gold,Other,2025-11-11,active
C00880,Customer_880,Chennai,Platinum,F,2025-12-02,active
C00881,Customer_881,Ahmedabad,Regular,M,2024-09-14,active
C00882,Customer_882,Gurugram,Platinum,M,2025-10-10,active
C00883,Customer_883,Gurugram,Silver,Other,2024-07-17,active
C00884,Customer_884,Kolkata,Silver,Other,2024-03-17,active
C00885,Customer_885,Mumbai,Regular,F,2024-02-11,inactive
C00886,Customer_886,Hyderabad,Gold,M,2024-06-13,active
C00887,Customer_887,Jaipur,Gold,F,2025-12-27,active
C00888,Customer_888,Jaipur,Silver,F,2025-09-03,active
C00889,Customer_889,Gurugram,Gold,F,2025-08-09,active
C00890,Customer_890,Delhi,Gold,Other,2024-08-13,active
C00891,Customer_891,Ahmedabad,Regular,Other,2024-06-12,inactive
C00892,Customer_892,,Platinum,M,2024-12-23,active
C00893,Customer_893,Bengaluru,Gold,F,2025-01-04,active
C00894,Customer_894,Bengaluru,Platinum,Other,2025-10-26,active
C00895,Customer_895,Delhi,Gold,F,2024-09-03,active
C00896,Customer_896,Jaipur,Gold,F,2024-04-26,inactive
C00897,Customer_897,Hyderabad,Gold,M,2025-06-13,active
C00898,Customer_898,Ahmedabad,Platinum,F,2024-02-14,active
C00899,Customer_899,Bengaluru,Gold,Other,2024-03-25,active
C00900,Customer_900,Mumbai,Regular,Other,2024-03-08,active
C00901,Customer_901,Bengaluru,Platinum,M,2024-07-29,inactive
C00902,Customer_902,Delhi,Silver,M,2025-04-15,active
C00903,Customer_903,Jaipur,Regular,M,2024-02-25,active
C00904,Customer_904,Hyderabad,Regular,Other,2024-08-21,active
C00905,Customer_905,Chennai,Platinum,F,2025-10-07,inactive
C00906,Customer_906,Chennai,Gold,M,2025-02-02,active
C00907,Customer_907,Ahmedabad,Regular,Other,2026-01-07,active
C00908,Customer_908,Gurugram,Regular,Other,2024-03-15,active
C00909,Customer_909,Ahmedabad,Regular,F,2025-12-03,active
C00910,Customer_910,Gurugram,Regular,F,2025-03-24,inactive
C00911,Customer_911,Chennai,Regular,F,2024-06-09,active
C00912,Customer_912,Mumbai,Platinum,Other,2024-10-29,active
C00913,Customer_913,Hyderabad,Gold,M,2025-07-20,active
C00914,Customer_914,Delhi,Regular,M,2025-08-09,inactive
C00915,Customer_915,Ahmedabad,Regular,F,2024-08-03,active
C00916,Customer_916,Bengaluru,Platinum,Other,2025-06-08,active
C00917,Customer_917,,Silver,M,2025-09-23,active
C00918,Customer_918,Bengaluru,Regular,M,2025-11-18,active
C00919,Customer_919,Ahmedabad,Platinum,Other,2025-07-16,active
C00920,Customer_920,Hyderabad,Regular,F,2024-04-10,active
C00921,Customer_921,Gurugram,Platinum,F,2024-12-31,active
C00922,Customer_922,Bengaluru,Regular,F,2025-09-26,active
C00923,Customer_923,Bengaluru,Gold,F,2025-04-06,active
C00924,Customer_924,,Gold,Other,2025-08-21,active
C00925,Customer_925,Gurugram,Gold,F,2025-03-14,active
C00926,Customer_926,Jaipur,Gold,M,2024-08-14,inactive
C00927,Customer_927,Hyderabad,Gold,M,2025-11-26,active
C00928,Customer_928,Kolkata,Platinum,F,2025-01-02,active
C00929,Customer_929,Kolkata,Regular,M,2025-10-23,active
C00930,Customer_930,Hyderabad,Silver,Other,2024-07-20,active
C00931,Customer_931,Delhi,Regular,M,2025-06-03,active
C00932,Customer_932,Gurugram,Platinum,Other,2024-08-05,active
C00933,Customer_933,,Gold,Other,2025-07-06,inactive
C00934,Customer_934,Mumbai,Gold,F,2024-08-16,active
C00935,Customer_935,Mumbai,Platinum,Other,2025-06-06,active
C00936,Customer_936,Chennai,Gold,Other,2024-01-11,active
C00937,Customer_937,Gurugram,Silver,Other,2024-05-23,inactive
C00938,Customer_938,Mumbai,Silver,Other,2025-08-02,active
C00939,Customer_939,Kolkata,Gold,M,2024-08-12,inactive
C00940,Customer_940,Bengaluru,Regular,F,2025-01-13,active
C00941,Customer_941,Jaipur,Silver,Other,2025-01-04,inactive
C00942,Customer_942,Kolkata,Platinum,M,2024-02-10,active
C00943,Customer_943,Delhi,Gold,Other,2024-09-26,active
C00944,Customer_944,Chennai,Platinum,F,2025-08-24,active
C00945,Customer_945,Ahmedabad,Gold,F,2024-08-16,inactive
C00946,Customer_946,Pune,Gold,F,2025-05-08,active
C00947,Customer_947,Ahmedabad,Silver,F,2024-06-18,active
C00948,Customer_948,Delhi,Gold,M,2024-06-02,active
C00949,Customer_949,Mumbai,Gold,Other,2026-01-04,active
C00950,Customer_950,Bengaluru,Platinum,F,2026-01-07,active
C00951,Customer_951,Kolkata,Platinum,F,2024-08-03,active
C00952,Customer_952,Chennai,Regular,M,2024-02-14,active
C00953,Customer_953,Gurugram,Silver,M,2025-10-06,active
C00954,Customer_954,Gurugram,Silver,M,2024-06-19,active
C00955,Customer_955,Mumbai,Platinum,Other,2025-07-31,active
C00956,Customer_956,Hyderabad,Regular,M,31-31-2025,inactive
C00957,Customer_957,Kolkata,Silver,M,2025-02-24,active
C00958,Customer_958,Gurugram,Silver,Other,2025-11-06,active
C00959,Customer_959,Mumbai,Gold,F,2025-09-02,active
C00960,Customer_960,Bengaluru,Platinum,F,2024-05-15,active
C00961,Customer_961,Jaipur,Silver,Other,2025-05-31,inactive
C00962,Customer_962,Mumbai,Regular,M,2025-05-02,active
C00963,Customer_963,Ahmedabad,Regular,M,2025-05-08,active
C00964,Customer_964,Gurugram,Regular,Other,2025-10-26,inactive
C00965,Customer_965,Ahmedabad,Platinum,F,2024-02-14,inactive
C00966,Customer_966,Bengaluru,Platinum,F,2024-12-24,active
C00967,Customer_967,Chennai,Silver,F,2025-05-03,active
C00968,Customer_968,Delhi,Gold,Other,2025-07-10,inactive
C00969,Customer_969,Hyderabad,Silver,M,2025-12-27,active
C00970,Customer_970,Gurugram,Regular,Other,2024-01-08,inactive
C00971,Customer_971,Bengaluru,Gold,F,2025-01-05,active
C00972,Customer_972,Mumbai,Platinum,Other,2025-08-22,active
C00973,Customer_973,Hyderabad,Platinum,Other,2025-01-09,active
C00974,Customer_974,Chennai,Silver,F,2025-07-19,inactive
C00975,Customer_975,Mumbai,Gold,Other,2025-07-22,inactive
C00976,Customer_976,Hyderabad,Gold,Other,2024-12-18,inactive
C00977,Customer_977,Mumbai,Regular,Other,2024-08-23,inactive
C00978,Customer_978,Mumbai,Regular,M,2025-06-04,inactive
C00979,Customer_979,Pune,Regular,M,2025-02-02,active
C00980,Customer_980,Delhi,Silver,F,2025-09-06,inactive
C00981,Customer_981,Delhi,Regular,F,2024-08-15,active
C00982,Customer_982,Delhi,Regular,Other,2025-01-28,inactive
C00983,Customer_983,Gurugram,Gold,Other,2025-09-03,active
C00984,Customer_984,Mumbai,Platinum,F,2024-01-11,active
C00985,Customer_985,Ahmedabad,Gold,M,2024-02-04,active
C00986,Customer_986,Gurugram,Silver,Other,2024-02-06,active
C00987,Customer_987,Bengaluru,Regular,M,2024-03-29,active
C00988,Customer_988,Chennai,Gold,Other,2025-02-08,inactive
C00989,Customer_989,Gurugram,Silver,Other,2024-01-16,active
C00990,Customer_990,Delhi,Gold,Other,2025-07-26,active
C00991,Customer_991,Pune,Gold,M,2025-09-12,active
C00992,Customer_992,Kolkata,Platinum,Other,2024-01-05,active
C00993,Customer_993,Mumbai,Platinum,Other,2024-04-19,active
C00994,Customer_994,Ahmedabad,Gold,F,2024-04-29,active
C00995,Customer_995,Ahmedabad,Gold,Other,2025-03-29,inactive
C00996,Customer_996,Gurugram,Platinum,M,2024-12-13,inactive
C00997,Customer_997,Kolkata,Regular,F,2024-04-29,active
C00998,Customer_998,Delhi,Platinum,Other,2024-08-13,active
C00999,Customer_999,Pune,Platinum,F,2025-06-12,active
C01000,Customer_1000,Hyderabad,Silver,F,2024-04-05,inactive
C01001,Customer_1001,Pune,Regular,Other,2024-07-01,inactive
C01002,Customer_1002,Pune,Gold,M,2025-08-10,active
C01003,Customer_1003,Mumbai,Silver,F,2026-01-24,active
C01004,Customer_1004,Bengaluru,Silver,F,2024-07-30,active
C01005,Customer_1005,Bengaluru,Silver,Other,2024-12-30,active
C01006,Customer_1006,Delhi,Regular,M,31-31-2025,inactive
C01007,Customer_1007,Gurugram,Regular,Other,2024-02-13,inactive
C01008,Customer_1008,Pune,Gold,F,2025-08-11,active
C01009,Customer_1009,Kolkata,Silver,Other,2024-10-13,inactive
C01010,Customer_1010,Bengaluru,Silver,M,2025-06-22,inactive
C01011,Customer_1011,Kolkata,Regular,Other,2024-12-21,inactive
C01012,Customer_1012,Mumbai,Platinum,M,2025-12-16,inactive
C01013,Customer_1013,Pune,Regular,M,2025-11-21,active
C01014,Customer_1014,Chennai,Regular,F,2025-01-05,active
C01015,Customer_1015,Mumbai,Gold,M,2024-10-02,inactive
C01016,Customer_1016,Gurugram,Gold,F,2024-07-07,inactive
C01017,Customer_1017,Chennai,Silver,F,2025-12-18,active
C01018,Customer_1018,Pune,Platinum,F,2025-04-06,active
C01019,Customer_1019,Gurugram,Silver,Other,2025-12-03,active
C01020,Customer_1020,Delhi,Gold,M,2025-07-22,inactive
C01021,Customer_1021,Chennai,Silver,M,2026-01-26,active
C01022,Customer_1022,Kolkata,Regular,M,31-31-2025,inactive
C01023,Customer_1023,Mumbai,Gold,F,2024-11-03,active
C01024,Customer_1024,Ahmedabad,Regular,F,2024-04-11,active
C01025,Customer_1025,Jaipur,Silver,F,2025-05-02,active
C01026,Customer_1026,Kolkata,Gold,F,2025-01-04,active
C01027,Customer_1027,Ahmedabad,Gold,F,2024-01-21,inactive
C01028,Customer_1028,Delhi,Gold,Other,2025-09-12,active
C01029,Customer_1029,Gurugram,Silver,F,2024-12-29,active
C01030,Customer_1030,Ahmedabad,Platinum,Other,2025-04-02,active
C01031,Customer_1031,Chennai,Gold,F,2025-10-08,active
C01032,Customer_1032,Mumbai,Gold,F,2025-10-08,inactive
C01033,Customer_1033,Delhi,Regular,M,2024-12-17,active
C01034,Customer_1034,Pune,Gold,Other,2024-10-25,active
C01035,Customer_1035,,Platinum,F,2025-03-31,active
C01036,Customer_1036,Gurugram,Platinum,F,2024-06-20,active
C01037,Customer_1037,Jaipur,Silver,Other,2024-08-28,active
C01038,Customer_1038,Delhi,Silver,M,2025-02-10,active
C01039,Customer_1039,Delhi,Regular,F,2025-07-15,active
C01040,Customer_1040,Jaipur,Platinum,Other,2024-03-26,active
C01041,Customer_1041,Hyderabad,Silver,M,2025-11-01,inactive
C01042,Customer_1042,Hyderabad,Silver,M,2026-01-25,active
C01043,Customer_1043,Kolkata,Silver,M,2025-06-23,active
C01044,Customer_1044,Jaipur,Regular,Other,2024-12-31,active
C01045,Customer_1045,Kolkata,Platinum,Other,2024-10-05,inactive
C01046,Customer_1046,Mumbai,Silver,Other,2025-09-03,inactive
C01047,Customer_1047,Gurugram,Platinum,Other,2025-10-17,active
C01048,Customer_1048,Pune,Platinum,Other,2024-08-20,active
C01049,Customer_1049,Kolkata,Gold,F,2025-02-26,active
C01050,Customer_1050,Mumbai,Gold,M,2024-01-01,active
C01051,Customer_1051,Pune,Gold,F,2025-07-01,active
C01052,Customer_1052,Kolkata,Platinum,F,2024-01-10,inactive
C01053,Customer_1053,Hyderabad,Silver,M,2025-07-15,active
C01054,Customer_1054,Bengaluru,Platinum,Other,2025-03-23,inactive
C01055,Customer_1055,Bengaluru,Silver,Other,2026-01-24,inactive
C01056,Customer_1056,Chennai,Silver,F,2024-03-22,inactive
C01057,Customer_1057,Bengaluru,Gold,F,2025-10-26,active
C01058,Customer_1058,Chennai,Silver,M,2024-07-05,active
C01059,Customer_1059,Hyderabad,Regular,Other,2025-04-11,inactive
C01060,Customer_1060,Hyderabad,Platinum,M,2024-11-24,active
C01061,Customer_1061,Mumbai,Regular,Other,2024-01-23,active
C01062,Customer_1062,Delhi,Gold,F,2024-05-08,inactive
C01063,Customer_1063,Jaipur,Silver,M,2024-06-03,active
C01064,Customer_1064,Kolkata,Silver,F,2025-03-06,active
C01065,Customer_1065,,Gold,F,2025-12-14,active
C01066,Customer_1066,Pune,Regular,M,2024-02-27,active
C01067,Customer_1067,Chennai,Regular,Other,2025-04-26,active
C01068,Customer_1068,Bengaluru,Gold,F,2024-01-13,active
C01069,Customer_1069,Bengaluru,Platinum,F,2024-09-10,active
C01070,Customer_1070,Bengaluru,Platinum,Other,2024-04-06,active
C01071,Customer_1071,Kolkata,Platinum,Other,2024-11-15,active
C01072,Customer_1072,Mumbai,Regular,Other,2025-07-16,active
C01073,Customer_1073,Hyderabad,Platinum,Other,2024-11-01,active
C01074,Customer_1074,Pune,Regular,Other,2024-08-11,active
C01075,Customer_1075,Bengaluru,Platinum,F,2024-01-16,active
C01076,Customer_1076,Hyderabad,Regular,F,2024-09-05,active
C01077,Customer_1077,Jaipur,Platinum,Other,2025-09-02,active
C01078,Customer_1078,Pune,Regular,M,2024-06-10,inactive
C01079,Customer_1079,Delhi,Gold,Other,2024-03-02,active
C01080,Customer_1080,Pune,Silver,Other,2025-07-03,active
C01081,Customer_1081,Mumbai,Platinum,M,2024-11-20,active
C01082,Customer_1082,Kolkata,Silver,M,2025-12-06,inactive
C01083,Customer_1083,Pune,Silver,F,2024-02-10,inactive
C01084,Customer_1084,Kolkata,Gold,Other,2025-12-14,inactive
C01085,Customer_1085,Bengaluru,Silver,Other,2024-12-22,active
C01086,Customer_1086,Kolkata,Gold,Other,2025-07-21,active
C01087,Customer_1087,Delhi,Silver,F,2024-10-29,active
C01088,Customer_1088,Ahmedabad,Gold,F,2024-01-01,inactive
C01089,Customer_1089,Mumbai,Regular,Other,2025-01-07,active
C01090,Customer_1090,Pune,Regular,Other,2025-07-05,inactive
C01091,Customer_1091,Bengaluru,Platinum,Other,2024-06-06,active
C01092,Customer_1092,Pune,Platinum,Other,2024-11-25,active
C01093,Customer_1093,Delhi,Regular,M,2024-05-12,active
C01094,Customer_1094,Jaipur,Silver,M,2025-05-12,active
C01095,Customer_1095,Delhi,Regular,Other,2025-10-19,inactive
C01096,Customer_1096,Kolkata,Gold,M,2025-01-10,active
C01097,Customer_1097,Gurugram,Regular,M,2024-08-01,inactive
C01098,Customer_1098,Delhi,Platinum,Other,2024-03-03,active
C01099,Customer_1099,Ahmedabad,Platinum,F,2025-12-26,active
C01100,Customer_1100,Gurugram,Gold,Other,2024-02-11,active
C01101,Customer_1101,Hyderabad,Regular,M,2025-06-15,active
C01102,Customer_1102,Delhi,Silver,Other,2025-01-29,active
C01103,Customer_1103,Bengaluru,Silver,Other,2025-10-02,active
C01104,Customer_1104,,Platinum,Other,2024-04-18,active
C01105,Customer_1105,Kolkata,Platinum,M,2024-06-19,active
C01106,Customer_1106,Ahmedabad,Platinum,Other,2024-12-11,active
C01107,Customer_1107,Ahmedabad,Platinum,F,2024-11-18,active
C01108,Customer_1108,Pune,Platinum,Other,2025-03-16,active
C01109,Customer_1109,Gurugram,Silver,Other,2025-07-12,active
C01110,Customer_1110,Chennai,Gold,F,2025-04-08,inactive
C01111,Customer_1111,Chennai,Regular,Other,2024-02-05,active
C01112,Customer_1112,Gurugram,Regular,Other,2024-05-18,active
C01113,Customer_1113,Jaipur,Gold,M,2024-08-07,active
C01114,Customer_1114,Jaipur,Gold,Other,2025-06-07,active
C01115,Customer_1115,,Regular,F,2024-12-30,active
C01116,Customer_1116,Mumbai,Gold,F,2025-08-19,active
C01117,Customer_1117,Bengaluru,Gold,F,2024-04-04,inactive
C01118,Customer_1118,Gurugram,Silver,Other,2024-03-20,active
C01119,Customer_1119,Kolkata,Silver,F,2025-12-07,active
C01120,Customer_1120,Gurugram,Gold,M,2026-01-18,inactive
C01121,Customer_1121,Delhi,Regular,F,2024-12-22,inactive
C01122,Customer_1122,Chennai,Regular,M,2025-10-30,active
C01123,Customer_1123,Chennai,Regular,F,2025-06-20,active
C01124,Customer_1124,Pune,Silver,F,2025-05-29,active
C01125,Customer_1125,,Regular,Other,2026-01-19,inactive
C01126,Customer_1126,Kolkata,Regular,M,2025-03-18,active
C01127,Customer_1127,Chennai,Silver,M,2024-12-10,active
C01128,Customer_1128,Kolkata,Regular,Other,2025-02-12,active
C01129,Customer_1129,Delhi,Platinum,Other,2025-03-20,active
C01130,Customer_1130,Mumbai,Platinum,Other,2024-07-21,inactive
C01131,Customer_1131,Chennai,Silver,Other,2025-09-22,active
C01132,Customer_1132,,Regular,F,2025-03-16,active
C01133,Customer_1133,Gurugram,Regular,M,2025-11-18,inactive
C01134,Customer_1134,Chennai,Gold,F,2024-07-14,active
C01135,Customer_1135,Pune,Regular,F,2024-06-22,active
C01136,Customer_1136,Gurugram,Platinum,Other,2024-05-29,inactive
C01137,Customer_1137,Jaipur,Silver,M,2025-12-02,active
C01138,Customer_1138,Mumbai,Regular,M,2026-01-27,active
C01139,Customer_1139,Bengaluru,Silver,F,2024-01-15,active
C01140,Customer_1140,Delhi,Gold,F,2025-04-27,active
C01141,Customer_1141,Pune,Silver,Other,2025-07-04,active
C01142,Customer_1142,Bengaluru,Gold,Other,2025-05-09,active
C01143,Customer_1143,Jaipur,Platinum,Other,2025-11-10,active
C01144,Customer_1144,Hyderabad,Silver,M,2024-10-17,active
C01145,Customer_1145,Gurugram,Gold,M,2025-04-21,active
C01146,Customer_1146,Delhi,Platinum,Other,2024-10-04,active
C01147,Customer_1147,Delhi,Regular,F,2025-10-26,inactive
C01148,Customer_1148,Bengaluru,Platinum,Other,2025-12-27,active
C01149,Customer_1149,Pune,Platinum,Other,2025-06-28,active
C01150,Customer_1150,Mumbai,Silver,Other,2025-04-13,active
C01151,Customer_1151,Jaipur,Silver,Other,2024-11-08,active
C01152,Customer_1152,Kolkata,Platinum,Other,2024-06-09,active
C01153,Customer_1153,Pune,Gold,F,2025-10-02,active
C01154,Customer_1154,Bengaluru,Gold,M,2025-10-02,active
C01155,Customer_1155,Chennai,Regular,Other,2024-10-13,active
C01156,Customer_1156,Mumbai,Gold,F,2025-11-03,active
C01157,Customer_1157,Delhi,Platinum,Other,31-31-2025,active
C01158,Customer_1158,Chennai,Silver,Other,2024-06-05,inactive
C01159,Customer_1159,Hyderabad,Gold,F,2025-07-09,active
C01160,Customer_1160,Bengaluru,Silver,Other,2025-07-08,active
C01161,Customer_1161,Mumbai,Gold,Other,2025-12-23,active
C01162,Customer_1162,Chennai,Silver,Other,2025-08-01,active
C01163,Customer_1163,Pune,Regular,Other,2025-06-29,active
C01164,Customer_1164,Mumbai,Gold,M,2026-01-14,active
C01165,Customer_1165,Pune,Platinum,F,2024-11-06,inactive
C01166,Customer_1166,Hyderabad,Silver,M,2024-04-19,active
C01167,Customer_1167,Mumbai,Regular,Other,2025-09-23,active
C01168,Customer_1168,Gurugram,Silver,Other,2024-08-25,active
C01169,Customer_1169,Jaipur,Gold,M,2025-12-05,inactive
C01170,Customer_1170,Mumbai,Platinum,Other,2025-10-27,active
C01171,Customer_1171,Mumbai,Platinum,F,31-31-2025,active
C01172,Customer_1172,Mumbai,Silver,M,2024-02-03,inactive
C01173,Customer_1173,Jaipur,Gold,F,2024-08-15,active
C01174,Customer_1174,Bengaluru,Regular,M,2025-03-25,inactive
C01175,Customer_1175,Pune,Platinum,M,2025-03-13,inactive
C01176,Customer_1176,Jaipur,Platinum,Other,2024-11-16,inactive
C01177,Customer_1177,Gurugram,Regular,Other,2024-04-21,inactive
C01178,Customer_1178,Kolkata,Regular,M,2025-06-15,inactive
C01179,Customer_1179,Jaipur,Platinum,Other,2025-10-07,active
C01180,Customer_1180,,Gold,F,2025-02-11,active
C01181,Customer_1181,Hyderabad,Platinum,M,2025-03-08,active
C01182,Customer_1182,Gurugram,Regular,Other,2025-06-13,active
C01183,Customer_1183,Kolkata,Platinum,M,2026-01-09,active
C01184,Customer_1184,Mumbai,Silver,F,2025-02-27,active
C01185,Customer_1185,Kolkata,Regular,M,2025-04-09,active
C01186,Customer_1186,Kolkata,Regular,F,2024-11-27,active
C01187,Customer_1187,Delhi,Regular,M,2025-12-24,inactive
C01188,Customer_1188,Pune,Regular,Other,2025-12-25,inactive
C01189,Customer_1189,Ahmedabad,Silver,F,2025-07-17,inactive
C01190,Customer_1190,Jaipur,Silver,F,2025-08-02,active
C01191,Customer_1191,Mumbai,Silver,M,2025-12-30,active
C01192,Customer_1192,Chennai,Gold,F,2026-01-17,inactive
C01193,Customer_1193,Hyderabad,Silver,M,2024-05-14,active
C01194,Customer_1194,Jaipur,Gold,M,2025-04-14,inactive
C01195,Customer_1195,Kolkata,Regular,Other,2025-05-20,active
C01196,Customer_1196,Bengaluru,Platinum,F,2025-02-23,inactive
C01197,Customer_1197,Delhi,Regular,M,2025-07-14,active
C01198,Customer_1198,Gurugram,Silver,M,2024-07-08,active
C01199,Customer_1199,Jaipur,Gold,M,2024-05-28,active
C01200,Customer_1200,Gurugram,Gold,F,2024-03-30,active
C01201,Customer_1201,Delhi,Platinum,M,2024-06-14,active
C01202,Customer_1202,Gurugram,Silver,F,2025-08-15,active
C01203,Customer_1203,Jaipur,Regular,F,2024-11-26,active
C01204,Customer_1204,Chennai,Regular,F,2025-07-17,active
C01205,Customer_1205,Hyderabad,Platinum,M,2024-05-04,active
C01206,Customer_1206,Pune,Platinum,Other,2024-08-02,active
C01207,Customer_1207,Gurugram,Regular,M,2025-08-08,active
C01208,Customer_1208,Kolkata,Gold,F,2025-09-15,active
C01209,Customer_1209,Hyderabad,Gold,M,2025-09-21,inactive
C01210,Customer_1210,Ahmedabad,Platinum,F,2024-07-03,active
C01211,Customer_1211,Hyderabad,Silver,M,2024-05-01,active
C01212,Customer_1212,Kolkata,Regular,Other,2024-07-31,inactive
C01213,Customer_1213,Chennai,Regular,F,2024-12-24,active
C01214,Customer_1214,Jaipur,Silver,Other,2024-10-15,active
C01215,Customer_1215,Delhi,Gold,F,2025-06-02,active
C01216,Customer_1216,Jaipur,Regular,Other,2024-12-07,active
C01217,Customer_1217,Chennai,Regular,M,2024-07-17,active
C01218,Customer_1218,Pune,Platinum,F,2024-02-06,active
C01219,Customer_1219,Kolkata,Silver,Other,2025-04-16,active
C01220,Customer_1220,Kolkata,Platinum,Other,2024-02-27,active
C01221,Customer_1221,Gurugram,Gold,Other,2025-07-02,active
C01222,Customer_1222,Bengaluru,Gold,F,2024-03-08,active
C01223,Customer_1223,Hyderabad,Regular,F,2025-01-19,active
C01224,Customer_1224,Gurugram,Platinum,M,2025-09-01,active
C01225,Customer_1225,Hyderabad,Gold,Other,2024-02-02,active
C01226,Customer_1226,Chennai,Regular,F,2024-08-31,active
C01227,Customer_1227,Kolkata,Gold,M,2025-06-21,active
C01228,Customer_1228,Mumbai,Regular,F,2024-02-08,active
C01229,Customer_1229,Delhi,Platinum,Other,2024-01-26,inactive
C01230,Customer_1230,Ahmedabad,Silver,M,2024-12-14,inactive
C01231,Customer_1231,Ahmedabad,Gold,F,2024-05-26,active
C01232,Customer_1232,Ahmedabad,Silver,M,2026-01-11,active
C01233,Customer_1233,Kolkata,Platinum,Other,2025-06-18,active
C01234,Customer_1234,Jaipur,Gold,M,2025-12-04,active
C01235,Customer_1235,Pune,Platinum,M,2024-04-15,active
C01236,Customer_1236,Jaipur,Gold,Other,2024-08-02,active
C01237,Customer_1237,Bengaluru,Silver,F,2024-10-10,active
C01238,Customer_1238,Kolkata,Regular,F,2024-06-01,active
C01239,Customer_1239,Hyderabad,Regular,M,2025-09-29,active
C01240,Customer_1240,Bengaluru,Gold,Other,2024-11-22,active
C01241,Customer_1241,Mumbai,Gold,Other,2024-09-07,active
C01242,Customer_1242,Delhi,Gold,Other,2024-12-12,inactive
C01243,Customer_1243,Jaipur,Silver,M,2025-04-27,active
C01244,Customer_1244,Delhi,Platinum,M,2024-03-29,inactive
C01245,Customer_1245,Chennai,Silver,Other,2025-09-02,inactive
C01246,Customer_1246,Gurugram,Gold,F,2024-12-06,active
C01247,Customer_1247,Ahmedabad,Regular,F,2025-08-04,active
C01248,Customer_1248,Delhi,Platinum,M,2025-04-11,active
C01249,Customer_1249,Kolkata,Platinum,M,2024-08-17,active
C01250,Customer_1250,Gurugram,Gold,F,2025-02-05,active
C01251,Customer_1251,Pune,Gold,F,2025-05-14,active
C01252,Customer_1252,Delhi,Platinum,M,2024-12-25,inactive
C01253,Customer_1253,Kolkata,Silver,F,2024-12-22,active
C01254,Customer_1254,Ahmedabad,Regular,F,31-31-2025,active
C01255,Customer_1255,Pune,Regular,F,2025-06-29,inactive
C01256,Customer_1256,Chennai,Platinum,M,2025-09-27,active
C01257,Customer_1257,Ahmedabad,Silver,F,2025-01-28,active
C01258,Customer_1258,Pune,Silver,Other,2025-08-28,inactive
C01259,Customer_1259,,Gold,Other,2025-12-11,active
C01260,Customer_1260,Mumbai,Regular,Other,2025-12-29,inactive
C01261,Customer_1261,Delhi,Platinum,F,2025-07-22,active
C01262,Customer_1262,Kolkata,Silver,F,2025-02-19,active
C01263,Customer_1263,Gurugram,Regular,Other,2025-09-02,inactive
C01264,Customer_1264,Pune,Platinum,Other,2025-11-07,active
C01265,Customer_1265,,Silver,M,2025-08-17,active
C01266,Customer_1266,Mumbai,Silver,F,2025-06-28,active
C01267,Customer_1267,Chennai,Platinum,M,2024-07-29,active
C01268,Customer_1268,Hyderabad,Gold,F,2026-01-05,active
C01269,Customer_1269,Delhi,Regular,Other,2025-06-06,inactive
C01270,Customer_1270,Mumbai,Gold,M,31-31-2025,active
C01271,Customer_1271,Jaipur,Gold,M,2024-10-15,active
C01272,Customer_1272,Bengaluru,Platinum,Other,2025-08-27,inactive
C01273,Customer_1273,Pune,Platinum,F,2025-01-25,inactive
C01274,Customer_1274,Ahmedabad,Silver,Other,2024-06-26,inactive
C01275,Customer_1275,Mumbai,Silver,Other,2025-01-28,active
C01276,Customer_1276,Chennai,Silver,F,2025-11-17,active
C01277,Customer_1277,Mumbai,Regular,M,2025-10-25,active
C01278,Customer_1278,Mumbai,Platinum,Other,2025-03-23,active
C01279,Customer_1279,Delhi,Silver,Other,2025-03-01,inactive
C01280,Customer_1280,Gurugram,Platinum,Other,2024-07-03,inactive
C01281,Customer_1281,Ahmedabad,Platinum,Other,2025-04-05,inactive
C01282,Customer_1282,Pune,Silver,M,2025-03-10,active
C01283,Customer_1283,Gurugram,Platinum,Other,2024-08-30,active
C01284,Customer_1284,Chennai,Gold,M,2024-02-08,inactive
C01285,Customer_1285,Pune,Regular,Other,2025-05-08,active
C01286,Customer_1286,Mumbai,Gold,F,2025-06-13,active
C01287,Customer_1287,Ahmedabad,Regular,M,2025-04-28,active
C01288,Customer_1288,Ahmedabad,Gold,Other,2024-02-24,active
C01289,Customer_1289,Ahmedabad,Regular,F,2025-04-09,inactive
C01290,Customer_1290,Gurugram,Gold,F,2024-12-27,active
C01291,Customer_1291,Hyderabad,Silver,M,2025-12-12,active
C01292,Customer_1292,Gurugram,Gold,M,2025-10-06,inactive
C01293,Customer_1293,Gurugram,Silver,Other,2024-02-22,active
C01294,Customer_1294,Gurugram,Regular,F,2025-05-11,active
C01295,Customer_1295,Mumbai,Regular,F,2024-09-15,active
C01296,Customer_1296,Gurugram,Gold,F,2024-09-20,active
C01297,Customer_1297,Delhi,Silver,Other,2026-01-26,active
C01298,Customer_1298,Kolkata,Gold,M,2024-09-24,active
C01299,Customer_1299,Kolkata,Silver,Other,2024-02-03,active
C01300,Customer_1300,Delhi,Silver,Other,2024-06-06,inactive
C01301,Customer_1301,Chennai,Platinum,M,2025-11-07,inactive
C01302,Customer_1302,Mumbai,Silver,Other,2026-01-21,active
C01303,Customer_1303,Jaipur,Gold,M,2024-02-23,active
C01304,Customer_1304,Kolkata,Platinum,F,2024-11-04,inactive
C01305,Customer_1305,Ahmedabad,Silver,F,2025-11-30,inactive
C01306,Customer_1306,Kolkata,Gold,M,2025-06-27,inactive
C01307,Customer_1307,Jaipur,Gold,F,2025-01-26,active
C01308,Customer_1308,Ahmedabad,Regular,M,2025-06-28,active
C01309,Customer_1309,Chennai,Gold,F,2024-10-03,active
C01310,Customer_1310,Delhi,Gold,Other,2025-08-21,inactive
C01311,Customer_1311,Kolkata,Silver,Other,2025-11-19,active
C01312,Customer_1312,Ahmedabad,Gold,Other,2025-12-07,active
C01313,Customer_1313,Pune,Regular,Other,2024-01-09,active
C01314,Customer_1314,Jaipur,Platinum,M,2025-06-21,active
C01315,Customer_1315,Kolkata,Gold,M,2026-01-12,active
C01316,Customer_1316,Hyderabad,Silver,M,2024-01-25,active
C01317,Customer_1317,Jaipur,Silver,Other,2025-10-15,active
C01318,Customer_1318,Delhi,Regular,Other,2024-05-13,inactive
C01319,Customer_1319,Gurugram,Silver,M,2025-12-13,active
C01320,Customer_1320,Hyderabad,Gold,F,2025-11-07,active
C01321,Customer_1321,Kolkata,Gold,F,2025-12-09,active
C01322,Customer_1322,Hyderabad,Silver,M,2024-10-10,active
C01323,Customer_1323,Chennai,Platinum,F,2024-03-02,active
C01324,Customer_1324,Hyderabad,Silver,F,2024-03-12,inactive
C01325,Customer_1325,Bengaluru,Platinum,M,2025-10-22,inactive
C01326,Customer_1326,,Silver,Other,2025-03-17,active
C01327,Customer_1327,Gurugram,Regular,F,2026-01-02,active
C01328,Customer_1328,Delhi,Regular,M,2024-03-13,active
C01329,Customer_1329,Kolkata,Regular,F,2024-06-01,active
C01330,Customer_1330,Jaipur,Platinum,F,2024-06-04,active
C01331,Customer_1331,Chennai,Regular,Other,2025-12-25,inactive
C01332,Customer_1332,Kolkata,Platinum,F,2026-01-15,active
C01333,Customer_1333,Ahmedabad,Silver,M,2025-01-28,inactive
C01334,Customer_1334,Delhi,Gold,F,2025-11-29,active
C01335,Customer_1335,Chennai,Regular,Other,2025-10-24,active
C01336,Customer_1336,Pune,Gold,M,2025-04-15,active
C01337,Customer_1337,Bengaluru,Silver,Other,2024-02-10,inactive
C01338,Customer_1338,Bengaluru,Gold,Other,2025-02-03,active
C01339,Customer_1339,Pune,Platinum,M,2025-10-09,inactive
C01340,Customer_1340,Bengaluru,Silver,M,2024-07-16,active
C01341,Customer_1341,Gurugram,Silver,F,2025-02-02,active
C01342,Customer_1342,Ahmedabad,Gold,F,2025-06-30,inactive
C01343,Customer_1343,Jaipur,Regular,F,2024-02-27,active
C01344,Customer_1344,Jaipur,Platinum,M,2024-08-04,inactive
C01345,Customer_1345,Ahmedabad,Silver,Other,2025-08-16,active
C01346,Customer_1346,Delhi,Regular,Other,2024-05-24,inactive
C01347,Customer_1347,Jaipur,Platinum,Other,2024-02-16,active
C01348,Customer_1348,Mumbai,Regular,M,2025-10-09,active
C01349,Customer_1349,Hyderabad,Regular,F,2025-09-17,active
C01350,Customer_1350,Gurugram,Regular,M,2024-04-26,inactive
C01351,Customer_1351,Gurugram,Silver,M,2024-07-26,inactive
C01352,Customer_1352,Pune,Platinum,F,2024-05-03,active
C01353,Customer_1353,Pune,Silver,M,2025-08-30,active
C01354,Customer_1354,Pune,Regular,M,2024-10-07,active
C01355,Customer_1355,Chennai,Silver,Other,2025-01-13,active
C01356,Customer_1356,Kolkata,Silver,Other,2024-02-11,active
C01357,Customer_1357,Delhi,Platinum,M,2024-01-17,inactive
C01358,Customer_1358,Delhi,Regular,M,2024-07-02,active
C01359,Customer_1359,Gurugram,Gold,F,2025-12-11,inactive
C01360,Customer_1360,Mumbai,Silver,M,2025-10-17,active
C01361,Customer_1361,Ahmedabad,Platinum,F,2024-09-01,active
C01362,Customer_1362,Gurugram,Regular,Other,2024-07-03,inactive
C01363,Customer_1363,Gurugram,Regular,Other,2024-11-04,active
C01364,Customer_1364,Chennai,Regular,Other,2024-08-29,active
C01365,Customer_1365,Delhi,Regular,Other,2025-01-05,active
C01366,Customer_1366,Kolkata,Silver,F,2024-02-24,active
C01367,Customer_1367,,Silver,Other,2025-04-30,inactive
C01368,Customer_1368,Mumbai,Silver,Other,2024-02-14,active
C01369,Customer_1369,Pune,Gold,M,2025-03-21,active
C01370,Customer_1370,Pune,Platinum,M,2024-04-16,active
C01371,Customer_1371,Ahmedabad,Silver,M,2024-01-30,inactive
C01372,Customer_1372,Ahmedabad,Regular,M,2024-08-28,inactive
C01373,Customer_1373,Gurugram,Gold,F,2024-07-22,active
C01374,Customer_1374,Bengaluru,Regular,F,2024-08-21,active
C01375,Customer_1375,Bengaluru,Platinum,M,2025-01-19,active
C01376,Customer_1376,Delhi,Platinum,Other,2025-05-11,active
C01377,Customer_1377,Chennai,Silver,M,2025-09-16,inactive
C01378,Customer_1378,Mumbai,Platinum,F,2024-05-19,inactive
C01379,Customer_1379,Bengaluru,Gold,F,2024-07-26,active
C01380,Customer_1380,Mumbai,Regular,Other,2025-08-05,active
C01381,Customer_1381,Hyderabad,Silver,M,2025-04-21,inactive
C01382,Customer_1382,Chennai,Silver,F,2024-08-13,active
C01383,Customer_1383,Gurugram,Silver,Other,2025-09-18,active
C01384,Customer_1384,Gurugram,Silver,M,2025-02-25,inactive
C01385,Customer_1385,Bengaluru,Platinum,F,2024-10-12,active
C01386,Customer_1386,Chennai,Silver,M,2024-12-01,inactive
C01387,Customer_1387,Gurugram,Silver,Other,2024-06-01,active
C01388,Customer_1388,Chennai,Regular,M,2025-04-26,active
C01389,Customer_1389,Chennai,Platinum,F,2025-12-14,active
C01390,Customer_1390,Kolkata,Platinum,M,2024-03-26,active
C01391,Customer_1391,Chennai,Silver,M,2025-01-02,active
C01392,Customer_1392,Bengaluru,Regular,M,2025-05-06,active
C01393,Customer_1393,Mumbai,Platinum,Other,2025-08-20,active
C01394,Customer_1394,Kolkata,Platinum,M,2025-12-21,inactive
C01395,Customer_1395,Mumbai,Gold,Other,2025-04-20,active
C01396,Customer_1396,Delhi,Platinum,Other,2024-12-06,active
C01397,Customer_1397,Hyderabad,Platinum,F,2025-12-15,active
C01398,Customer_1398,Delhi,Gold,Other,2024-02-26,active
C01399,Customer_1399,Jaipur,Regular,F,2025-01-09,inactive
C01400,Customer_1400,Gurugram,Regular,F,2025-01-10,active
C01401,Customer_1401,Ahmedabad,Regular,Other,2025-12-27,active
C01402,Customer_1402,Mumbai,Gold,M,2025-07-06,active
C01403,Customer_1403,Kolkata,Silver,Other,2024-08-18,active
C01404,Customer_1404,Pune,Gold,Other,2025-11-27,inactive
C01405,Customer_1405,Hyderabad,Regular,M,2025-01-16,active
C01406,Customer_1406,Kolkata,Platinum,Other,2025-06-23,active
C01407,Customer_1407,Kolkata,Gold,F,2025-09-27,active
C01408,Customer_1408,Delhi,Silver,F,2024-03-30,active
C01409,Customer_1409,Chennai,Silver,F,2024-03-19,active
C01410,Customer_1410,Mumbai,Gold,M,2025-12-14,active
C01411,Customer_1411,Kolkata,Silver,M,2025-06-17,active
C01412,Customer_1412,Hyderabad,Platinum,Other,2025-07-08,active
C01413,Customer_1413,Kolkata,Gold,F,2025-03-30,active
C01414,Customer_1414,Hyderabad,Silver,M,2024-01-23,active
C01415,Customer_1415,,Gold,F,2025-08-15,active
C01416,Customer_1416,Pune,Platinum,Other,2025-11-12,inactive
C01417,Customer_1417,Kolkata,Gold,Other,2024-05-15,active
C01418,Customer_1418,Mumbai,Gold,M,2025-05-10,active
C01419,Customer_1419,Hyderabad,Regular,M,2024-12-27,active
C01420,Customer_1420,Kolkata,Silver,Other,2024-06-13,active
C01421,Customer_1421,Mumbai,Silver,Other,2025-12-10,active
C01422,Customer_1422,Mumbai,Silver,M,31-31-2025,active
C01423,Customer_1423,Gurugram,Silver,F,2024-09-23,active
C01424,Customer_1424,Mumbai,Silver,Other,2025-12-25,active
C01425,Customer_1425,Pune,Gold,M,2025-01-16,inactive
C01426,Customer_1426,Ahmedabad,Silver,Other,2024-11-04,active
C01427,Customer_1427,Jaipur,Platinum,F,2024-05-28,inactive
C01428,Customer_1428,,Silver,M,2026-01-26,active
C01429,Customer_1429,Hyderabad,Platinum,F,2025-08-10,active
C01430,Customer_1430,Gurugram,Platinum,F,2025-12-06,active
C01431,Customer_1431,Kolkata,Regular,M,2025-11-25,active
C01432,Customer_1432,Hyderabad,Regular,F,2025-09-24,active
C01433,Customer_1433,Kolkata,Gold,M,2024-11-30,active
C01434,Customer_1434,Gurugram,Silver,Other,2025-06-23,active
C01435,Customer_1435,Hyderabad,Silver,M,2024-03-26,inactive
C01436,Customer_1436,Delhi,Platinum,M,2025-05-17,active
C01437,Customer_1437,Gurugram,Regular,Other,2025-01-04,inactive
C01438,Customer_1438,Mumbai,Platinum,F,2025-01-30,active
C01439,Customer_1439,Jaipur,Gold,F,2024-12-25,active
C01440,Customer_1440,Kolkata,Regular,M,2026-01-15,inactive
C01441,Customer_1441,Chennai,Platinum,F,2024-06-16,inactive
C01442,Customer_1442,Chennai,Silver,Other,2025-09-04,active
C01443,Customer_1443,Mumbai,Silver,F,2025-05-01,active
C01444,Customer_1444,Delhi,Platinum,M,2024-01-07,inactive
C01445,Customer_1445,Hyderabad,Platinum,M,2025-07-23,inactive
C01446,Customer_1446,Gurugram,Silver,M,2024-07-09,inactive
C01447,Customer_1447,Hyderabad,Platinum,M,2024-11-05,active
C01448,Customer_1448,,Platinum,M,2024-01-28,active
C01449,Customer_1449,Mumbai,Gold,F,2025-10-17,inactive
C01450,Customer_1450,Delhi,Gold,F,2024-07-02,inactive
C01451,Customer_1451,Bengaluru,Regular,M,2024-10-10,inactive
C01452,Customer_1452,Delhi,Gold,Other,2025-05-07,inactive
C01453,Customer_1453,Hyderabad,Platinum,Other,2024-05-02,active
C01454,Customer_1454,Ahmedabad,Regular,F,2024-06-15,active
C01455,Customer_1455,Mumbai,Gold,F,2025-12-10,active
C01456,Customer_1456,Pune,Silver,M,2024-10-06,active
C01457,Customer_1457,Chennai,Gold,M,2024-10-23,active
C01458,Customer_1458,Ahmedabad,Regular,Other,2024-07-17,active
C01459,Customer_1459,Delhi,Silver,Other,2024-11-26,active
C01460,Customer_1460,Hyderabad,Gold,Other,2025-12-15,active
C01461,Customer_1461,Delhi,Gold,M,2024-01-14,active
C01462,Customer_1462,Ahmedabad,Gold,F,2025-05-11,inactive
C01463,Customer_1463,Pune,Silver,M,2024-08-11,active
C01464,Customer_1464,Ahmedabad,Silver,M,2025-07-26,active
C01465,Customer_1465,Chennai,Platinum,M,2024-04-29,active
C01466,Customer_1466,Jaipur,Platinum,F,2024-11-15,active
C01467,Customer_1467,Mumbai,Platinum,Other,2025-06-19,active
C01468,Customer_1468,Mumbai,Gold,M,2024-05-01,active
C01469,Customer_1469,Mumbai,Silver,Other,2024-08-20,active
C01470,Customer_1470,Mumbai,Silver,M,2024-03-21,inactive
C01471,Customer_1471,Delhi,Regular,M,2025-05-10,inactive
C01472,Customer_1472,Jaipur,Silver,M,2024-02-03,active
C01473,Customer_1473,Kolkata,Regular,F,2024-02-14,active
C01474,Customer_1474,Hyderabad,Regular,M,2024-05-06,active
C01475,Customer_1475,Gurugram,Silver,M,2025-11-17,active
C01476,Customer_1476,Jaipur,Regular,M,2024-10-11,active
C01477,Customer_1477,Pune,Silver,Other,2026-01-16,active
C01478,Customer_1478,Ahmedabad,Regular,M,2025-08-15,active
C01479,Customer_1479,Ahmedabad,Silver,Other,2024-07-15,active
C01480,Customer_1480,Mumbai,Regular,Other,2024-04-11,active
C01481,Customer_1481,Ahmedabad,Platinum,F,2025-12-15,active
C01482,Customer_1482,Kolkata,Regular,M,2024-12-29,inactive
C01483,Customer_1483,Chennai,Silver,Other,2024-08-21,inactive
C01484,Customer_1484,Delhi,Gold,M,2025-04-22,active
C01485,Customer_1485,Ahmedabad,Silver,F,2025-01-04,active
C01486,Customer_1486,Ahmedabad,Regular,M,2024-12-01,inactive
C01487,Customer_1487,Delhi,Platinum,F,2025-04-12,active
C01488,Customer_1488,Kolkata,Silver,Other,2025-02-21,active
C01489,Customer_1489,Chennai,Silver,M,2025-05-02,active
C01490,Customer_1490,Mumbai,Regular,Other,2025-05-18,active
C01491,Customer_1491,Chennai,Platinum,Other,2025-11-05,active
C01492,Customer_1492,Delhi,Silver,F,2025-02-14,active
C01493,Customer_1493,Mumbai,Regular,F,2024-07-22,active
C01494,Customer_1494,Bengaluru,Platinum,M,2024-08-26,inactive
C01495,Customer_1495,Kolkata,Gold,Other,2025-08-18,active
C01496,Customer_1496,Chennai,Gold,F,2025-11-13,inactive
C01497,Customer_1497,Kolkata,Gold,M,2025-04-10,active
C01498,Customer_1498,Delhi,Gold,F,2025-05-24,active
C01499,Customer_1499,Mumbai,Regular,M,2026-01-25,active
C01500,Customer_1500,Delhi,Platinum,Other,2024-01-28,active
C01501,Customer_1501,Chennai,Gold,M,2024-11-06,active
C01502,Customer_1502,Delhi,Platinum,F,2024-07-25,active
C01503,Customer_1503,Kolkata,Platinum,Other,2024-09-24,active
C01504,Customer_1504,Ahmedabad,Regular,M,2025-03-16,active
C01505,Customer_1505,Chennai,Platinum,F,2025-01-20,inactive
C01506,Customer_1506,Kolkata,Regular,M,2024-06-30,active
C01507,Customer_1507,Mumbai,Platinum,F,2024-05-17,active
C01508,Customer_1508,Chennai,Platinum,M,2025-08-05,inactive
C01509,Customer_1509,Ahmedabad,Platinum,F,2025-07-29,active
C01510,Customer_1510,Ahmedabad,Regular,F,2024-09-26,inactive
C01511,Customer_1511,Gurugram,Platinum,Other,2025-11-23,active
C01512,Customer_1512,Hyderabad,Gold,M,2024-01-29,active
C01513,Customer_1513,Mumbai,Gold,F,2026-01-29,active
C01514,Customer_1514,Pune,Platinum,M,2025-03-14,active
C01515,Customer_1515,Pune,Platinum,F,2024-02-27,active
C01516,Customer_1516,Bengaluru,Silver,Other,2024-11-15,active
C01517,Customer_1517,Delhi,Gold,M,2024-12-11,active
C01518,Customer_1518,Jaipur,Gold,M,2025-04-16,inactive
C01519,Customer_1519,Gurugram,Platinum,F,2024-01-21,inactive
C01520,Customer_1520,Gurugram,Regular,F,2025-01-21,inactive
C01521,Customer_1521,Pune,Regular,F,2024-04-12,active
C01522,Customer_1522,Pune,Platinum,Other,2025-11-14,active
C01523,Customer_1523,Mumbai,Gold,F,2025-03-22,active
C01524,Customer_1524,Kolkata,Regular,Other,2024-08-07,active
C01525,Customer_1525,Hyderabad,Regular,F,2025-08-10,inactive
C01526,Customer_1526,Bengaluru,Regular,Other,2025-08-15,active
C01527,Customer_1527,Gurugram,Gold,F,2024-03-09,inactive
C01528,Customer_1528,Chennai,Silver,F,2024-03-19,active
C01529,Customer_1529,Ahmedabad,Gold,F,2025-11-10,active
C01530,Customer_1530,Bengaluru,Platinum,F,2024-09-14,inactive
C01531,Customer_1531,Ahmedabad,Silver,M,2025-10-04,active
C01532,Customer_1532,Gurugram,Platinum,M,2025-11-07,inactive
C01533,Customer_1533,Hyderabad,Platinum,Other,2026-01-14,active
C01534,Customer_1534,Ahmedabad,Silver,F,2025-04-18,active
C01535,Customer_1535,Bengaluru,Silver,Other,2025-12-02,active
C01536,Customer_1536,Chennai,Platinum,F,2024-03-06,active
C01537,Customer_1537,Chennai,Gold,F,2025-10-23,active
C01538,Customer_1538,,Silver,F,2024-09-01,active
C01539,Customer_1539,Mumbai,Silver,M,2024-09-08,active
C01540,Customer_1540,Kolkata,Platinum,Other,2025-03-22,inactive
C01541,Customer_1541,Jaipur,Silver,M,2024-10-06,active
C01542,Customer_1542,Jaipur,Gold,F,2025-11-05,active
C01543,Customer_1543,Jaipur,Platinum,M,2024-02-26,active
C01544,Customer_1544,Pune,Gold,M,31-31-2025,active
C01545,Customer_1545,Delhi,Platinum,Other,2024-05-23,active
C01546,Customer_1546,Delhi,Regular,Other,2025-11-11,active
C01547,Customer_1547,Kolkata,Regular,M,2025-09-06,active
C01548,Customer_1548,Pune,Gold,Other,2026-01-24,inactive
C01549,Customer_1549,Bengaluru,Platinum,M,2024-05-27,active
C01550,Customer_1550,Mumbai,Silver,F,2025-03-26,inactive
C01551,Customer_1551,Hyderabad,Regular,F,2025-06-30,active
C01552,Customer_1552,Delhi,Gold,Other,2025-03-09,inactive
C01553,Customer_1553,Bengaluru,Gold,M,2025-01-06,inactive
C01554,Customer_1554,Pune,Gold,M,2025-10-22,active
C01555,Customer_1555,Jaipur,Silver,F,2025-07-19,inactive
C01556,Customer_1556,Hyderabad,Gold,Other,2024-05-04,active
C01557,Customer_1557,Kolkata,Platinum,M,2025-02-06,active
C01558,Customer_1558,Hyderabad,Regular,M,2024-10-31,active
C01559,Customer_1559,Mumbai,Platinum,Other,2024-11-20,inactive
C01560,Customer_1560,Jaipur,Gold,M,2025-05-18,inactive
C01561,Customer_1561,Chennai,Gold,Other,2025-03-08,active
C01562,Customer_1562,Mumbai,Gold,Other,2024-03-08,active
C01563,Customer_1563,Chennai,Gold,F,2025-12-12,active
C01564,Customer_1564,Jaipur,Silver,Other,2025-03-30,active
C01565,Customer_1565,Jaipur,Platinum,M,2025-10-05,active
C01566,Customer_1566,Pune,Regular,M,2024-06-10,active
C01567,Customer_1567,Ahmedabad,Silver,Other,2025-12-03,inactive
C01568,Customer_1568,Pune,Platinum,F,2026-01-22,active
C01569,Customer_1569,Hyderabad,Silver,Other,2025-08-30,active
C01570,Customer_1570,Hyderabad,Silver,M,2025-02-28,active
C01571,Customer_1571,Mumbai,Platinum,F,2025-08-07,active
C01572,Customer_1572,Jaipur,Regular,Other,2025-10-24,active
C01573,Customer_1573,Delhi,Platinum,M,2024-09-25,active
C01574,Customer_1574,Jaipur,Platinum,Other,2025-03-15,active
C01575,Customer_1575,Mumbai,Regular,F,2024-06-23,active
C01576,Customer_1576,Jaipur,Platinum,F,2025-11-20,inactive
C01577,Customer_1577,Delhi,Silver,Other,2024-07-27,active
C01578,Customer_1578,Hyderabad,Gold,Other,2025-05-21,inactive
C01579,Customer_1579,Mumbai,Platinum,M,2025-09-06,active
C01580,Customer_1580,Hyderabad,Silver,F,2024-07-03,inactive
C01581,Customer_1581,Mumbai,Regular,F,2024-09-25,active
C01582,Customer_1582,Gurugram,Platinum,M,2025-01-13,inactive
C01583,Customer_1583,Delhi,Regular,F,2024-05-16,active
C01584,Customer_1584,,Silver,Other,2025-01-27,inactive
C01585,Customer_1585,Gurugram,Gold,M,2024-04-07,active
C01586,Customer_1586,Jaipur,Gold,M,2025-04-27,active
C01587,Customer_1587,Gurugram,Regular,M,2024-09-16,inactive
C01588,Customer_1588,Hyderabad,Platinum,Other,2025-01-14,active
C01589,Customer_1589,Ahmedabad,Regular,Other,2024-07-02,active
C01590,Customer_1590,Mumbai,Platinum,F,2025-04-24,active
C01591,Customer_1591,Delhi,Gold,Other,2025-06-27,inactive
C01592,Customer_1592,Mumbai,Gold,M,2024-11-16,active
C01593,Customer_1593,Mumbai,Platinum,F,2025-01-04,inactive
C01594,Customer_1594,Hyderabad,Gold,Other,2024-09-27,active
C01595,Customer_1595,Chennai,Silver,F,2026-01-24,inactive
C01596,Customer_1596,Mumbai,Platinum,M,2024-07-12,active
C01597,Customer_1597,Jaipur,Silver,M,2024-02-06,inactive
C01598,Customer_1598,Hyderabad,Silver,Other,2025-04-23,inactive
C01599,Customer_1599,Delhi,Platinum,M,2025-03-28,active
C01600,Customer_1600,Ahmedabad,Platinum,F,2025-05-19,active
C01601,Customer_1601,Mumbai,Regular,F,2024-04-05,active
C01602,Customer_1602,Hyderabad,Silver,M,2025-06-04,active
C01603,Customer_1603,Gurugram,Silver,Other,2024-01-05,active
C01604,Customer_1604,Chennai,Regular,M,2025-05-25,active
C01605,Customer_1605,Pune,Regular,F,2025-11-28,active
C01606,Customer_1606,Chennai,Gold,Other,2024-04-18,active
C01607,Customer_1607,,Regular,M,2025-04-16,inactive
C01608,Customer_1608,Kolkata,Gold,Other,2025-11-04,active
C01609,Customer_1609,Pune,Regular,Other,2025-09-29,inactive
C01610,Customer_1610,Pune,Silver,M,2024-02-19,active
C01611,Customer_1611,Pune,Regular,Other,2024-03-13,inactive
C01612,Customer_1612,Delhi,Platinum,F,2024-07-01,active
C01613,Customer_1613,Chennai,Regular,M,2024-08-01,active
C01614,Customer_1614,Chennai,Platinum,F,2025-10-24,active
C01615,Customer_1615,Delhi,Gold,F,2025-03-18,active
C01616,Customer_1616,Gurugram,Silver,F,2025-11-12,active
C01617,Customer_1617,Pune,Silver,F,2025-04-01,inactive
C01618,Customer_1618,Kolkata,Gold,Other,2025-09-06,inactive
C01619,Customer_1619,Delhi,Platinum,F,2025-09-20,active
C01620,Customer_1620,Chennai,Platinum,M,2024-02-11,active
C01621,Customer_1621,Kolkata,Silver,Other,2025-12-03,active
C01622,Customer_1622,Kolkata,Regular,F,2025-04-24,inactive
C01623,Customer_1623,Delhi,Platinum,F,2024-06-01,active
C01624,Customer_1624,Hyderabad,Silver,Other,2025-03-13,active
C01625,Customer_1625,Gurugram,Regular,Other,31-31-2025,active
C01626,Customer_1626,Ahmedabad,Regular,Other,2025-03-11,inactive
C01627,Customer_1627,Delhi,Platinum,Other,2026-01-07,active
C01628,Customer_1628,Pune,Gold,Other,2024-03-24,active
C01629,Customer_1629,Delhi,Platinum,M,2024-07-05,inactive
C01630,Customer_1630,Jaipur,Regular,F,2025-12-22,active
C01631,Customer_1631,Pune,Platinum,Other,2025-04-05,active
C01632,Customer_1632,Pune,Silver,M,2024-07-08,active
C01633,Customer_1633,Gurugram,Gold,Other,2024-04-18,inactive
C01634,Customer_1634,Ahmedabad,Regular,M,2025-02-08,active
C01635,Customer_1635,Jaipur,Silver,Other,2025-05-03,inactive
C01636,Customer_1636,Chennai,Platinum,F,2025-09-25,active
C01637,Customer_1637,Chennai,Gold,M,2024-05-08,active
C01638,Customer_1638,Jaipur,Silver,M,2024-01-17,active
C01639,Customer_1639,Jaipur,Silver,F,2025-10-26,active
C01640,Customer_1640,Bengaluru,Platinum,Other,2025-07-05,active
C01641,Customer_1641,Delhi,Gold,F,2024-05-31,inactive
C01642,Customer_1642,Chennai,Regular,M,2024-06-19,active
C01643,Customer_1643,Kolkata,Platinum,F,2024-01-21,inactive
C01644,Customer_1644,Gurugram,Silver,M,2024-10-28,inactive
C01645,Customer_1645,Jaipur,Gold,M,2024-04-15,inactive
C01646,Customer_1646,Chennai,Platinum,Other,2025-08-15,active
C01647,Customer_1647,Jaipur,Platinum,F,2025-05-12,inactive
C01648,Customer_1648,Bengaluru,Regular,Other,2024-01-20,inactive
C01649,Customer_1649,Gurugram,Gold,Other,2024-03-06,active
C01650,Customer_1650,Chennai,Platinum,M,2025-05-21,active
C01651,Customer_1651,Kolkata,Platinum,M,2024-06-14,active
C01652,Customer_1652,Bengaluru,Platinum,F,2025-03-24,active
C01653,Customer_1653,Ahmedabad,Silver,Other,2025-12-02,active
C01654,Customer_1654,Gurugram,Platinum,M,2024-10-27,inactive
C01655,Customer_1655,Chennai,Gold,F,2024-06-14,active
C01656,Customer_1656,Hyderabad,Regular,Other,2025-05-09,active
C01657,Customer_1657,Mumbai,Silver,M,2025-09-12,inactive
C01658,Customer_1658,Delhi,Platinum,F,2024-11-06,active
C01659,Customer_1659,Bengaluru,Regular,M,2025-01-02,active
C01660,Customer_1660,Pune,Silver,M,2025-05-30,active
C01661,Customer_1661,Delhi,Gold,F,2024-04-26,active
C01662,Customer_1662,Delhi,Silver,F,2024-09-21,active
C01663,Customer_1663,Pune,Regular,Other,2024-09-30,active
C01664,Customer_1664,Ahmedabad,Regular,Other,2024-02-21,inactive
C01665,Customer_1665,Kolkata,Regular,M,2025-09-17,active
C01666,Customer_1666,Ahmedabad,Regular,Other,2024-04-17,active
C01667,Customer_1667,Delhi,Silver,F,31-31-2025,active
C01668,Customer_1668,Kolkata,Platinum,Other,2024-04-11,active
C01669,Customer_1669,Pune,Gold,M,2024-05-05,active
C01670,Customer_1670,Kolkata,Platinum,M,2024-09-08,inactive
C01671,Customer_1671,Pune,Gold,Other,2024-06-24,active
C01672,Customer_1672,Hyderabad,Gold,Other,2025-02-28,active
C01673,Customer_1673,Bengaluru,Silver,Other,2025-03-07,active
C01674,Customer_1674,Mumbai,Platinum,F,2025-02-23,inactive
C01675,Customer_1675,Ahmedabad,Gold,M,2025-03-29,active
C01676,Customer_1676,Jaipur,Regular,M,2024-12-12,active
C01677,Customer_1677,Chennai,Silver,F,2024-03-03,inactive
C01678,Customer_1678,Jaipur,Silver,Other,2024-02-29,active
C01679,Customer_1679,Chennai,Platinum,Other,2025-12-18,active
C01680,Customer_1680,Pune,Gold,M,2024-10-13,active
C01681,Customer_1681,Chennai,Platinum,Other,2024-07-29,inactive
C01682,Customer_1682,Pune,Platinum,M,2024-11-04,active
C01683,Customer_1683,Jaipur,Gold,F,2026-01-12,active
C01684,Customer_1684,Ahmedabad,Gold,M,2024-04-05,active
C01685,Customer_1685,Ahmedabad,Gold,Other,2024-06-12,active
C01686,Customer_1686,Jaipur,Gold,M,2024-11-07,inactive
C01687,Customer_1687,Ahmedabad,Regular,Other,2024-03-02,active
C01688,Customer_1688,Hyderabad,Gold,M,2024-02-18,active
C01689,Customer_1689,Kolkata,Gold,Other,2026-01-24,active
C01690,Customer_1690,Kolkata,Gold,M,2025-08-18,active
C01691,Customer_1691,Pune,Gold,F,2025-11-13,active
C01692,Customer_1692,Chennai,Silver,M,2024-12-01,active
C01693,Customer_1693,Pune,Platinum,M,2024-05-30,inactive
C01694,Customer_1694,Chennai,Regular,M,2024-03-04,inactive
C01695,Customer_1695,Mumbai,Platinum,M,2025-04-01,active
C01696,Customer_1696,Pune,Platinum,Other,2025-07-26,inactive
C01697,Customer_1697,Hyderabad,Platinum,Other,2025-03-09,inactive
C01698,Customer_1698,Kolkata,Platinum,M,2024-05-27,active
C01699,Customer_1699,Kolkata,Platinum,M,2025-12-22,active
C01700,Customer_1700,Bengaluru,Platinum,F,2024-02-03,active
C01701,Customer_1701,Ahmedabad,Gold,M,2025-09-08,inactive
C01702,Customer_1702,Delhi,Regular,F,2025-08-08,active
C01703,Customer_1703,Jaipur,Silver,M,2025-01-15,active
C01704,Customer_1704,Pune,Gold,F,2025-05-12,active
C01705,Customer_1705,Mumbai,Silver,Other,2025-03-07,active
C01706,Customer_1706,Hyderabad,Gold,M,2024-07-06,inactive
C01707,Customer_1707,Jaipur,Regular,Other,2024-12-23,active
C01708,Customer_1708,Jaipur,Platinum,F,2025-08-09,active
C01709,Customer_1709,Gurugram,Platinum,F,2025-01-21,inactive
C01710,Customer_1710,Gurugram,Silver,M,2025-05-31,inactive
C01711,Customer_1711,Kolkata,Platinum,M,2026-01-15,active
C01712,Customer_1712,Delhi,Platinum,F,2024-08-26,inactive
C01713,Customer_1713,Pune,Regular,Other,2025-03-29,active
C01714,Customer_1714,Delhi,Silver,Other,2024-01-26,active
C01715,Customer_1715,Ahmedabad,Regular,Other,2025-07-26,active
C01716,Customer_1716,Bengaluru,Regular,Other,2025-06-18,active
C01717,Customer_1717,Kolkata,Regular,M,2025-11-05,active
C01718,Customer_1718,Jaipur,Gold,M,2024-09-08,inactive
C01719,Customer_1719,Delhi,Gold,F,2025-08-26,active
C01720,Customer_1720,Kolkata,Regular,F,2025-03-23,active
C01721,Customer_1721,Chennai,Regular,Other,2024-11-20,inactive
C01722,Customer_1722,Hyderabad,Regular,M,2024-04-11,active
C01723,Customer_1723,Hyderabad,Silver,M,2024-09-18,active
C01724,Customer_1724,Mumbai,Gold,F,2025-11-25,active
C01725,Customer_1725,Jaipur,Gold,M,2024-01-28,active
C01726,Customer_1726,Hyderabad,Platinum,M,2024-11-23,active
C01727,Customer_1727,Chennai,Gold,F,2025-01-19,active
C01728,Customer_1728,Jaipur,Silver,M,2025-09-03,active
C01729,Customer_1729,Kolkata,Platinum,M,2024-10-02,active
C01730,Customer_1730,Pune,Platinum,Other,2025-02-20,active
C01731,Customer_1731,Kolkata,Regular,F,2025-10-10,active
C01732,Customer_1732,Jaipur,Gold,Other,2025-08-23,active
C01733,Customer_1733,Bengaluru,Silver,F,2025-08-04,inactive
C01734,Customer_1734,Kolkata,Regular,Other,2025-05-27,active
C01735,Customer_1735,Mumbai,Gold,Other,2024-06-21,active
C01736,Customer_1736,Ahmedabad,Platinum,Other,2025-04-07,active
C01737,Customer_1737,Jaipur,Platinum,Other,2024-10-23,active
C01738,Customer_1738,Jaipur,Regular,F,2024-10-06,active
C01739,Customer_1739,Chennai,Gold,Other,2024-08-05,active
C01740,Customer_1740,Jaipur,Silver,Other,2025-06-30,active
C01741,Customer_1741,Hyderabad,Regular,F,2025-12-16,active
C01742,Customer_1742,Mumbai,Gold,F,2024-08-03,active
C01743,Customer_1743,Pune,Gold,Other,2025-04-08,active
C01744,Customer_1744,Bengaluru,Gold,F,2024-08-03,inactive
C01745,Customer_1745,Gurugram,Gold,M,2025-12-09,active
C01746,Customer_1746,Jaipur,Platinum,M,2024-01-10,active
C01747,Customer_1747,Chennai,Platinum,F,2025-07-05,active
C01748,Customer_1748,Delhi,Regular,Other,2025-03-31,active
C01749,Customer_1749,Pune,Platinum,Other,2025-01-01,inactive
C01750,Customer_1750,Mumbai,Regular,M,2025-04-18,active
C01751,Customer_1751,Bengaluru,Platinum,M,2024-08-14,active
C01752,Customer_1752,Hyderabad,Gold,M,2024-04-02,active
C01753,Customer_1753,Bengaluru,Silver,F,2025-01-06,active
C01754,Customer_1754,Hyderabad,Platinum,Other,2025-12-24,active
C01755,Customer_1755,Jaipur,Silver,Other,2025-02-09,active
C01756,Customer_1756,Hyderabad,Platinum,M,2025-07-19,active
C01757,Customer_1757,Gurugram,Silver,M,2025-08-25,active
C01758,Customer_1758,Delhi,Silver,F,2025-08-06,active
C01759,Customer_1759,Ahmedabad,Gold,M,2025-11-25,active
C01760,Customer_1760,Ahmedabad,Gold,Other,2025-07-27,inactive
C01761,Customer_1761,Jaipur,Platinum,Other,2025-11-20,active
C01762,Customer_1762,Pune,Platinum,F,2024-10-07,active
C01763,Customer_1763,Ahmedabad,Platinum,F,2025-01-05,active
C01764,Customer_1764,Bengaluru,Regular,F,2025-03-06,inactive
C01765,Customer_1765,Pune,Regular,F,2024-07-18,active
C01766,Customer_1766,Delhi,Regular,Other,2024-08-19,inactive
C01767,Customer_1767,Delhi,Silver,M,2024-06-17,active
C01768,Customer_1768,Hyderabad,Regular,Other,2025-10-02,active
C01769,Customer_1769,Jaipur,Platinum,F,2024-01-25,active
C01770,Customer_1770,Hyderabad,Silver,M,2025-04-29,active
C01771,Customer_1771,Pune,Regular,F,2025-06-16,active
C01772,Customer_1772,Delhi,Platinum,M,2025-10-02,inactive
C01773,Customer_1773,Gurugram,Regular,M,2024-03-03,active
C01774,Customer_1774,Chennai,Gold,Other,2024-03-07,active
C01775,Customer_1775,Jaipur,Platinum,M,2024-11-04,inactive
C01776,Customer_1776,Delhi,Regular,Other,2024-02-27,active
C01777,Customer_1777,Hyderabad,Platinum,F,2024-04-08,inactive
C01778,Customer_1778,Bengaluru,Regular,F,2025-01-28,inactive
C01779,Customer_1779,Chennai,Regular,F,2025-10-28,active
C01780,Customer_1780,Kolkata,Gold,Other,2024-07-16,active
C01781,Customer_1781,Delhi,Regular,Other,2025-12-31,active
C01782,Customer_1782,Gurugram,Silver,Other,2024-05-09,active
C01783,Customer_1783,Pune,Platinum,F,2026-01-12,inactive
C01784,Customer_1784,Mumbai,Silver,M,2024-02-15,active
C01785,Customer_1785,Mumbai,Gold,Other,2025-03-22,active
C01786,Customer_1786,Hyderabad,Silver,M,2025-04-25,active
C01787,Customer_1787,Gurugram,Gold,F,2025-01-12,active
C01788,Customer_1788,Ahmedabad,Silver,M,2024-08-31,active
C01789,Customer_1789,Chennai,Gold,M,2024-07-24,active
C01790,Customer_1790,Delhi,Gold,M,2025-11-14,inactive
C01791,Customer_1791,Kolkata,Gold,Other,2025-08-02,active
C01792,Customer_1792,Gurugram,Gold,F,2024-12-02,active
C01793,Customer_1793,Delhi,Platinum,M,2025-05-22,active
C01794,Customer_1794,Jaipur,Silver,Other,2024-08-23,inactive
C01795,Customer_1795,Gurugram,Silver,M,2025-05-07,active
C01796,Customer_1796,Chennai,Silver,F,2024-07-07,active
C01797,Customer_1797,Pune,Regular,M,2025-01-01,active
C01798,Customer_1798,Ahmedabad,Regular,M,2024-10-24,inactive
C01799,Customer_1799,Bengaluru,Gold,M,2024-01-31,active
C01800,Customer_1800,Bengaluru,Gold,M,2024-08-12,active
C01801,Customer_1801,Mumbai,Gold,Other,2024-09-08,active
C01802,Customer_1802,Bengaluru,Regular,M,2024-09-25,active
C01803,Customer_1803,Jaipur,Silver,F,2025-11-01,active
C01804,Customer_1804,Pune,Silver,F,2025-04-12,active
C01805,Customer_1805,Pune,Gold,Other,2024-06-24,inactive
C01806,Customer_1806,Delhi,Regular,M,2024-05-13,active
C01807,Customer_1807,Bengaluru,Platinum,Other,2025-01-18,active
C01808,Customer_1808,Gurugram,Platinum,Other,2024-09-07,active
C01809,Customer_1809,Gurugram,Silver,Other,2024-10-28,active
C01810,Customer_1810,Pune,Silver,M,2025-10-06,active
C01811,Customer_1811,Mumbai,Platinum,M,2026-01-14,active
C01812,Customer_1812,Kolkata,Regular,M,2025-06-04,inactive
C01813,Customer_1813,Ahmedabad,Gold,F,2025-06-15,inactive
C01814,Customer_1814,Mumbai,Gold,Other,2025-01-17,inactive
C01815,Customer_1815,Kolkata,Platinum,F,2025-08-18,inactive
C01816,Customer_1816,Gurugram,Regular,M,2024-08-12,active
C01817,Customer_1817,Kolkata,Silver,F,2024-08-11,active
C01818,Customer_1818,Chennai,Platinum,Other,2024-06-09,active
C01819,Customer_1819,Hyderabad,Regular,M,2024-03-27,active
C01820,Customer_1820,Kolkata,Gold,M,2025-08-20,active
C01821,Customer_1821,Kolkata,Gold,F,2025-04-06,inactive
C01822,Customer_1822,Chennai,Platinum,F,2025-05-24,active
C01823,Customer_1823,,Platinum,M,2024-07-02,inactive
C01824,Customer_1824,Bengaluru,Gold,Other,2024-03-18,active
C01825,Customer_1825,Delhi,Gold,Other,2025-06-09,active
C01826,Customer_1826,Hyderabad,Silver,M,2024-05-01,active
C01827,Customer_1827,Pune,Regular,Other,2024-07-24,active
C01828,Customer_1828,Bengaluru,Gold,F,2024-11-05,active
C01829,Customer_1829,Bengaluru,Silver,Other,2026-01-27,active
C01830,Customer_1830,Jaipur,Gold,F,2024-12-20,inactive
C01831,Customer_1831,Chennai,Regular,F,2025-10-31,active
C01832,Customer_1832,Chennai,Silver,M,2026-01-10,active
C01833,Customer_1833,Kolkata,Silver,Other,2025-08-24,inactive
C01834,Customer_1834,Kolkata,Gold,M,2024-11-16,active
C01835,Customer_1835,Chennai,Platinum,M,2025-03-25,inactive
C01836,Customer_1836,Ahmedabad,Regular,F,2024-05-22,active
C01837,Customer_1837,Hyderabad,Regular,F,2025-11-05,active
C01838,Customer_1838,Pune,Silver,F,2025-03-11,inactive
C01839,Customer_1839,Ahmedabad,Gold,F,2025-08-24,active
C01840,Customer_1840,Gurugram,Regular,M,2024-06-06,active
C01841,Customer_1841,Gurugram,Platinum,F,2024-07-28,inactive
C01842,Customer_1842,Delhi,Platinum,M,2025-05-01,active
C01843,Customer_1843,Pune,Platinum,Other,2024-11-07,active
C01844,Customer_1844,Mumbai,Regular,Other,2025-07-20,active
C01845,Customer_1845,Jaipur,Platinum,M,2024-07-10,active
C01846,Customer_1846,Delhi,Platinum,F,2024-07-29,active
C01847,Customer_1847,Hyderabad,Regular,F,2024-02-28,active
C01848,Customer_1848,Ahmedabad,Regular,M,2024-11-30,inactive
C01849,Customer_1849,Chennai,Silver,M,2024-05-12,inactive
C01850,Customer_1850,Kolkata,Regular,F,2024-07-30,active
C01851,Customer_1851,Bengaluru,Gold,F,2025-12-27,inactive
C01852,Customer_1852,Mumbai,Gold,Other,2024-07-26,inactive
C01853,Customer_1853,Hyderabad,Silver,M,2024-05-26,inactive
C01854,Customer_1854,Delhi,Platinum,Other,2024-09-09,active
C01855,Customer_1855,Gurugram,Platinum,F,2025-04-18,active
C01856,Customer_1856,Delhi,Gold,Other,2025-04-12,active
C01857,Customer_1857,Hyderabad,Platinum,Other,2024-06-28,inactive
C01858,Customer_1858,Bengaluru,Silver,Other,2026-01-20,inactive
C01859,Customer_1859,Kolkata,Platinum,Other,2024-07-06,active
C01860,Customer_1860,Chennai,Regular,M,2024-06-10,active
C01861,Customer_1861,Ahmedabad,Gold,Other,2024-03-09,active
C01862,Customer_1862,Kolkata,Platinum,Other,2024-05-04,active
C01863,Customer_1863,Delhi,Regular,Other,2024-11-29,inactive
C01864,Customer_1864,Kolkata,Silver,F,2024-07-31,active
C01865,Customer_1865,Kolkata,Regular,M,2025-10-16,inactive
C01866,Customer_1866,Chennai,Gold,Other,2025-02-12,active
C01867,Customer_1867,Chennai,Regular,M,2024-09-13,active
C01868,Customer_1868,Mumbai,Gold,Other,2025-04-20,inactive
C01869,Customer_1869,Kolkata,Regular,M,2025-07-15,active
C01870,Customer_1870,Kolkata,Silver,F,2024-10-12,active
C01871,Customer_1871,Mumbai,Regular,Other,2024-04-12,active
C01872,Customer_1872,Hyderabad,Regular,Other,2026-01-29,inactive
C01873,Customer_1873,Mumbai,Regular,Other,2024-01-12,active
C01874,Customer_1874,Mumbai,Platinum,F,2024-07-01,active
C01875,Customer_1875,Jaipur,Silver,F,2025-12-14,active
C01876,Customer_1876,Ahmedabad,Regular,F,2025-12-07,active
C01877,Customer_1877,Kolkata,Regular,Other,2024-01-05,active
C01878,Customer_1878,Chennai,Silver,M,2025-01-18,active
C01879,Customer_1879,Bengaluru,Regular,M,2025-03-07,active
C01880,Customer_1880,Jaipur,Gold,M,2025-11-27,active
C01881,Customer_1881,Bengaluru,Regular,Other,2024-06-20,active
C01882,Customer_1882,Jaipur,Platinum,Other,2024-04-20,active
C01883,Customer_1883,Pune,Silver,Other,2024-07-31,inactive
C01884,Customer_1884,Chennai,Regular,M,2024-08-06,active
C01885,Customer_1885,Pune,Gold,M,2024-01-16,inactive
C01886,Customer_1886,Pune,Regular,F,2024-08-05,inactive
C01887,Customer_1887,Bengaluru,Regular,Other,2024-10-12,active
C01888,Customer_1888,Jaipur,Regular,M,2025-02-24,active
C01889,Customer_1889,Gurugram,Platinum,M,2025-12-30,active
C01890,Customer_1890,Hyderabad,Regular,Other,2024-11-28,inactive
C01891,Customer_1891,Mumbai,Gold,M,2025-10-12,active
C01892,Customer_1892,Kolkata,Regular,F,2024-01-19,inactive
C01893,Customer_1893,Chennai,Silver,Other,2025-08-24,active
C01894,Customer_1894,Bengaluru,Regular,Other,2024-05-07,active
C01895,Customer_1895,Bengaluru,Platinum,M,2025-09-26,active
C01896,Customer_1896,Jaipur,Silver,F,2025-05-25,active
C01897,Customer_1897,Bengaluru,Silver,F,2024-07-28,active
C01898,Customer_1898,Bengaluru,Platinum,Other,2024-12-02,active
C01899,Customer_1899,Hyderabad,Gold,Other,2024-02-10,inactive
C01900,Customer_1900,Hyderabad,Regular,M,2026-01-20,active
C01901,Customer_1901,Pune,Silver,M,2025-07-06,active
C01902,Customer_1902,Bengaluru,Silver,Other,2025-01-25,active
C01903,Customer_1903,Mumbai,Platinum,Other,2024-01-07,active
C01904,Customer_1904,Kolkata,Regular,M,2024-02-23,active
C01905,Customer_1905,Bengaluru,Silver,M,2024-06-26,active
C01906,Customer_1906,Bengaluru,Regular,F,2026-01-12,inactive
C01907,Customer_1907,Hyderabad,Silver,Other,2024-07-21,active
C01908,Customer_1908,Chennai,Silver,Other,2024-09-11,active
C01909,Customer_1909,Hyderabad,Platinum,Other,2024-07-25,active
C01910,Customer_1910,Kolkata,Regular,F,2025-02-11,inactive
C01911,Customer_1911,Mumbai,Platinum,F,2025-03-08,inactive
C01912,Customer_1912,Mumbai,Platinum,M,2025-01-25,inactive
C01913,Customer_1913,Delhi,Gold,Other,2025-07-04,active
C01914,Customer_1914,Ahmedabad,Silver,F,2025-01-24,inactive
C01915,Customer_1915,Hyderabad,Platinum,F,2025-01-19,inactive
C01916,Customer_1916,Delhi,Gold,M,2026-01-02,inactive
C01917,Customer_1917,Bengaluru,Silver,M,2024-01-05,active
C01918,Customer_1918,Ahmedabad,Gold,F,2025-02-18,inactive
C01919,Customer_1919,Chennai,Gold,F,2025-05-16,active
C01920,Customer_1920,Gurugram,Regular,F,2024-02-09,active
C01921,Customer_1921,Chennai,Silver,M,2025-03-22,active
C01922,Customer_1922,Pune,Platinum,Other,2025-12-06,active
C01923,Customer_1923,Jaipur,Platinum,F,2026-01-23,active
C01924,Customer_1924,Bengaluru,Platinum,M,2025-01-05,active
C01925,Customer_1925,Mumbai,Gold,Other,2025-04-11,active
C01926,Customer_1926,Hyderabad,Silver,Other,2025-08-15,active
C01927,Customer_1927,Jaipur,Regular,M,2025-10-21,inactive
C01928,Customer_1928,Chennai,Regular,Other,2024-07-12,inactive
C01929,Customer_1929,Mumbai,Platinum,F,2025-12-09,active
C01930,Customer_1930,Ahmedabad,Platinum,Other,2024-11-11,inactive
C01931,Customer_1931,Delhi,Regular,Other,2025-08-09,active
C01932,Customer_1932,Mumbai,Gold,Other,2024-08-02,inactive
C01933,Customer_1933,Hyderabad,Regular,M,2025-05-18,active
C01934,Customer_1934,Delhi,Regular,Other,2025-03-03,inactive
C01935,Customer_1935,Hyderabad,Platinum,M,2024-06-29,active
C01936,Customer_1936,Mumbai,Silver,M,2025-05-13,active
C01937,Customer_1937,Ahmedabad,Regular,F,2025-08-03,active
C01938,Customer_1938,Mumbai,Silver,M,2024-07-06,active
C01939,Customer_1939,Hyderabad,Platinum,F,2025-10-03,active
C01940,Customer_1940,Mumbai,Regular,F,2024-03-28,inactive
C01941,Customer_1941,Delhi,Gold,M,2024-12-16,active
C01942,Customer_1942,Gurugram,Silver,F,2025-05-11,active
C01943,Customer_1943,Jaipur,Regular,F,2024-01-08,active
C01944,Customer_1944,Delhi,Silver,Other,2024-01-08,inactive
C01945,Customer_1945,Gurugram,Gold,F,2025-04-29,active
C01946,Customer_1946,Gurugram,Platinum,F,2025-01-14,active
C01947,Customer_1947,Pune,Silver,F,2025-11-12,inactive
C01948,Customer_1948,Chennai,Regular,F,2024-12-04,active
C01949,Customer_1949,Jaipur,Platinum,Other,2025-02-15,active
C01950,Customer_1950,Jaipur,Regular,Other,2024-10-13,active
C01951,Customer_1951,Pune,Platinum,Other,2025-12-03,inactive
C01952,Customer_1952,Ahmedabad,Platinum,Other,2024-07-11,active
C01953,Customer_1953,Pune,Regular,Other,2025-01-03,active
C01954,Customer_1954,Pune,Platinum,M,2025-09-13,inactive
C01955,Customer_1955,Chennai,Regular,F,2025-03-14,inactive
C01956,Customer_1956,Delhi,Platinum,F,2025-09-13,active
C01957,Customer_1957,Mumbai,Regular,M,2025-05-24,active
C01958,Customer_1958,Hyderabad,Platinum,M,2025-04-01,active
C01959,Customer_1959,Kolkata,Silver,M,2024-08-04,active
C01960,Customer_1960,Delhi,Regular,F,2026-01-02,active
C01961,Customer_1961,Mumbai,Gold,F,2024-10-14,active
C01962,Customer_1962,Hyderabad,Platinum,Other,2024-05-06,active
C01963,Customer_1963,Ahmedabad,Platinum,M,2025-12-09,active
C01964,Customer_1964,Bengaluru,Regular,Other,2024-12-17,inactive
C01965,Customer_1965,Chennai,Platinum,M,2024-08-16,active
C01966,Customer_1966,Delhi,Gold,M,2024-04-24,active
C01967,Customer_1967,Pune,Silver,Other,2024-04-28,active
C01968,Customer_1968,Mumbai,Gold,F,2025-08-13,active
C01969,Customer_1969,Hyderabad,Regular,Other,2025-07-02,active
C01970,Customer_1970,Chennai,Platinum,F,2025-01-08,active
C01971,Customer_1971,Ahmedabad,Silver,M,2025-02-08,active
C01972,Customer_1972,Ahmedabad,Platinum,F,2024-05-28,active
C01973,Customer_1973,Bengaluru,Platinum,Other,2025-04-11,active
C01974,Customer_1974,Gurugram,Gold,M,2025-11-12,active
C01975,Customer_1975,Gurugram,Gold,F,2025-05-29,active
C01976,Customer_1976,Hyderabad,Platinum,Other,2024-08-08,inactive
C01977,Customer_1977,Hyderabad,Platinum,M,2024-12-07,active
C01978,Customer_1978,Bengaluru,Silver,Other,2026-01-23,active
C01979,Customer_1979,Mumbai,Platinum,Other,2025-02-05,active
C01980,Customer_1980,Mumbai,Regular,Other,2025-02-05,active
C01981,Customer_1981,Chennai,Platinum,F,2025-02-04,inactive
C01982,Customer_1982,Delhi,Gold,F,2025-12-14,active
C01983,Customer_1983,Ahmedabad,Platinum,M,2024-05-14,active
C01984,Customer_1984,Gurugram,Regular,Other,2024-11-07,inactive
C01985,Customer_1985,Mumbai,Silver,F,2025-12-13,inactive
C01986,Customer_1986,Hyderabad,Silver,M,2024-08-11,active
C01987,Customer_1987,Jaipur,Gold,Other,2025-08-12,active
C01988,Customer_1988,Mumbai,Platinum,F,2025-11-26,active
C01989,Customer_1989,Jaipur,Regular,F,2025-04-30,active
C01990,Customer_1990,Jaipur,Regular,Other,2025-10-27,active
C01991,Customer_1991,Gurugram,Platinum,M,2025-10-04,inactive
C01992,Customer_1992,Bengaluru,Regular,M,2024-09-03,inactive
C01993,Customer_1993,,Gold,Other,2025-09-02,active
C01994,Customer_1994,Chennai,Regular,F,2025-10-27,inactive
C01995,Customer_1995,Hyderabad,Platinum,F,2024-01-12,active
C01996,Customer_1996,Delhi,Regular,M,2025-05-15,active
C01997,Customer_1997,Jaipur,Platinum,F,2025-12-11,active
C01998,Customer_1998,Gurugram,Silver,F,2025-05-10,inactive
C01999,Customer_1999,Hyderabad,Silver,M,2024-11-29,active
C02000,Customer_2000,Ahmedabad,Silver,F,2025-12-18,active
C02001,Customer_2001,Chennai,Platinum,M,2025-06-15,active
C02002,Customer_2002,Bengaluru,Regular,M,2025-09-05,active
C02003,Customer_2003,Jaipur,Platinum,F,2024-05-05,active
C02004,Customer_2004,Mumbai,Silver,Other,2024-06-14,active
C02005,Customer_2005,Ahmedabad,Gold,M,2024-03-27,active
C02006,Customer_2006,Ahmedabad,Gold,F,2025-07-11,active
C02007,Customer_2007,Chennai,Regular,M,2024-11-03,active
C02008,Customer_2008,Ahmedabad,Gold,Other,2025-06-30,inactive
C02009,Customer_2009,Mumbai,Platinum,Other,2024-11-16,active
C02010,Customer_2010,Gurugram,Silver,Other,2024-04-11,active
C02011,Customer_2011,Bengaluru,Regular,M,2024-05-25,active
C02012,Customer_2012,,Silver,Other,2025-07-19,active
C02013,Customer_2013,Gurugram,Gold,F,2024-05-11,inactive
C02014,Customer_2014,Delhi,Gold,F,2025-01-25,active
C02015,Customer_2015,Chennai,Platinum,M,2024-09-17,inactive
C02016,Customer_2016,Mumbai,Silver,M,2025-10-06,active
C02017,Customer_2017,Bengaluru,Gold,Other,2025-11-04,active
C02018,Customer_2018,Chennai,Silver,F,2025-03-20,inactive
C02019,Customer_2019,Jaipur,Silver,M,2024-10-03,active
C02020,Customer_2020,Ahmedabad,Regular,Other,2025-07-15,inactive
C02021,Customer_2021,Delhi,Gold,Other,2024-04-01,active
C02022,Customer_2022,Pune,Gold,M,2024-08-19,active
C02023,Customer_2023,Jaipur,Regular,F,2024-08-15,inactive
C02024,Customer_2024,Delhi,Regular,M,2025-06-23,active
C02025,Customer_2025,Gurugram,Platinum,M,2025-06-25,active
C02026,Customer_2026,Gurugram,Gold,Other,2024-10-04,active
C02027,Customer_2027,Jaipur,Silver,F,2025-02-02,active
C02028,Customer_2028,Pune,Platinum,F,2025-08-29,active
C02029,Customer_2029,Hyderabad,Regular,Other,2025-06-09,active
C02030,Customer_2030,Mumbai,Silver,F,31-31-2025,active
C02031,Customer_2031,Jaipur,Gold,Other,2024-09-12,inactive
C02032,Customer_2032,Kolkata,Silver,F,2024-12-28,inactive
C02033,Customer_2033,,Gold,F,2025-03-14,active
C02034,Customer_2034,Hyderabad,Regular,F,2025-02-20,active
C02035,Customer_2035,Delhi,Regular,M,2026-01-17,active
C02036,Customer_2036,Delhi,Silver,Other,2024-02-28,active
C02037,Customer_2037,Hyderabad,Platinum,M,2025-03-10,active
C02038,Customer_2038,Kolkata,Platinum,Other,2025-12-02,active
C02039,Customer_2039,Chennai,Regular,Other,2024-07-13,active
C02040,Customer_2040,Chennai,Gold,M,2026-01-26,active
C02041,Customer_2041,Gurugram,Platinum,M,2025-11-21,active
C02042,Customer_2042,Mumbai,Regular,F,2024-05-16,active
C02043,Customer_2043,Jaipur,Platinum,F,2025-01-23,active
C02044,Customer_2044,Pune,Regular,F,2025-11-26,active
C02045,Customer_2045,Ahmedabad,Regular,F,2024-11-02,inactive
C02046,Customer_2046,Hyderabad,Gold,M,2024-01-03,inactive
C02047,Customer_2047,Bengaluru,Gold,Other,2025-06-11,active
C02048,Customer_2048,Kolkata,Platinum,M,2024-12-30,active
C02049,Customer_2049,Gurugram,Platinum,F,2024-11-01,active
C02050,Customer_2050,Delhi,Regular,F,2026-01-09,active
C02051,Customer_2051,Chennai,Gold,M,2024-04-13,inactive
C02052,Customer_2052,Kolkata,Silver,M,2025-06-25,active
C02053,Customer_2053,Chennai,Regular,F,2024-01-08,active
C02054,Customer_2054,Hyderabad,Silver,F,31-31-2025,active
C02055,Customer_2055,Hyderabad,Gold,F,2024-07-05,active
C02056,Customer_2056,Delhi,Platinum,Other,2025-03-25,active
C02057,Customer_2057,Mumbai,Gold,Other,2025-03-20,active
C02058,Customer_2058,Pune,Silver,M,2024-07-13,active
C02059,Customer_2059,Jaipur,Silver,F,2025-03-07,active
C02060,Customer_2060,Jaipur,Silver,Other,2024-07-22,inactive
C02061,Customer_2061,Hyderabad,Regular,F,2025-05-15,inactive
C02062,Customer_2062,Mumbai,Gold,F,2025-05-28,inactive
C02063,Customer_2063,Mumbai,Regular,M,2024-01-22,active
C02064,Customer_2064,Mumbai,Gold,Other,2024-01-14,active
C02065,Customer_2065,Jaipur,Gold,F,2025-09-03,active
C02066,Customer_2066,Chennai,Platinum,F,2024-10-15,inactive
C02067,Customer_2067,Delhi,Platinum,M,2025-09-24,active
C02068,Customer_2068,Ahmedabad,Silver,M,2024-10-14,active
C02069,Customer_2069,Hyderabad,Silver,Other,2025-03-15,active
C02070,Customer_2070,Kolkata,Regular,Other,2026-01-17,active
C02071,Customer_2071,Bengaluru,Silver,M,2024-05-03,active
C02072,Customer_2072,Chennai,Regular,F,2024-07-15,active
C02073,Customer_2073,,Regular,Other,2024-07-23,active
C02074,Customer_2074,Jaipur,Platinum,F,2025-06-21,active
C02075,Customer_2075,Bengaluru,Silver,F,2025-03-12,inactive
C02076,Customer_2076,Jaipur,Platinum,Other,2024-02-22,active
C02077,Customer_2077,Delhi,Gold,F,2024-10-14,active
C02078,Customer_2078,Chennai,Silver,F,2024-02-18,active
C02079,Customer_2079,Jaipur,Regular,M,2025-11-07,active
C02080,Customer_2080,Bengaluru,Gold,F,2024-10-13,active
C02081,Customer_2081,Chennai,Silver,F,2025-05-18,active
C02082,Customer_2082,Pune,Gold,M,2024-04-09,active
C02083,Customer_2083,Ahmedabad,Silver,F,2025-01-04,active
C02084,Customer_2084,Gurugram,Gold,M,2025-10-27,active
C02085,Customer_2085,Bengaluru,Platinum,M,2024-04-18,active
C02086,Customer_2086,Gurugram,Regular,M,2025-08-23,active
C02087,Customer_2087,Bengaluru,Platinum,M,2024-03-17,active
C02088,Customer_2088,Hyderabad,Platinum,M,2025-06-30,active
C02089,Customer_2089,Jaipur,Silver,M,2025-03-04,active
C02090,Customer_2090,Ahmedabad,Gold,F,2025-04-04,active
C02091,Customer_2091,Chennai,Regular,F,2025-03-05,active
C02092,Customer_2092,Mumbai,Gold,Other,2024-05-12,active
C02093,Customer_2093,Jaipur,Regular,Other,2024-07-13,inactive
C02094,Customer_2094,Kolkata,Regular,M,2025-03-24,inactive
C02095,Customer_2095,Ahmedabad,Platinum,F,2025-09-13,active
C02096,Customer_2096,Bengaluru,Silver,M,2024-06-12,active
C02097,Customer_2097,Gurugram,Regular,Other,2025-04-11,active
C02098,Customer_2098,Hyderabad,Silver,F,2025-12-26,active
C02099,Customer_2099,Ahmedabad,Regular,M,2024-08-17,active
C02100,Customer_2100,Ahmedabad,Silver,F,2024-02-10,active
C02101,Customer_2101,Hyderabad,Silver,F,2024-02-22,active
C02102,Customer_2102,Bengaluru,Regular,M,2025-10-26,active
C02103,Customer_2103,Gurugram,Gold,F,2024-03-26,active
C02104,Customer_2104,Mumbai,Platinum,Other,2024-10-28,active
C02105,Customer_2105,Jaipur,Regular,F,2024-08-12,active
C02106,Customer_2106,Mumbai,Gold,M,2025-07-04,active
C02107,Customer_2107,Chennai,Gold,Other,2025-10-11,active
C02108,Customer_2108,Kolkata,Silver,F,2024-10-02,active
C02109,Customer_2109,Gurugram,Platinum,M,2025-04-01,active
C02110,Customer_2110,Chennai,Gold,M,2025-05-05,active
C02111,Customer_2111,Kolkata,Silver,F,2024-07-08,active
C02112,Customer_2112,Bengaluru,Platinum,Other,2024-07-03,active
C02113,Customer_2113,Jaipur,Gold,M,2024-06-30,inactive
C02114,Customer_2114,Gurugram,Silver,M,2024-05-26,active
C02115,Customer_2115,Chennai,Silver,F,2025-10-22,inactive
C02116,Customer_2116,Delhi,Silver,Other,2024-01-13,active
C02117,Customer_2117,Chennai,Platinum,M,2024-04-22,active
C02118,Customer_2118,Jaipur,Silver,M,2024-03-26,active
C02119,Customer_2119,Mumbai,Regular,M,2024-04-18,active
C02120,Customer_2120,Delhi,Silver,M,2025-05-06,inactive
C02121,Customer_2121,Mumbai,Gold,F,2025-05-05,active
C02122,Customer_2122,Bengaluru,Regular,Other,2025-12-09,active
C02123,Customer_2123,Ahmedabad,Regular,M,2024-02-15,active
C02124,Customer_2124,Ahmedabad,Gold,M,2025-06-07,inactive
C02125,Customer_2125,Mumbai,Regular,M,2024-01-25,active
C02126,Customer_2126,Chennai,Platinum,M,2024-12-27,active
C02127,Customer_2127,Bengaluru,Platinum,Other,2026-01-02,active
C02128,Customer_2128,Kolkata,Silver,M,2024-08-17,active
C02129,Customer_2129,Hyderabad,Gold,M,2025-09-22,active
C02130,Customer_2130,Delhi,Gold,M,2024-02-14,active
C02131,Customer_2131,Mumbai,Platinum,Other,2024-12-08,active
C02132,Customer_2132,Chennai,Silver,Other,2025-12-04,active
C02133,Customer_2133,Gurugram,Gold,F,2024-04-16,active
C02134,Customer_2134,Kolkata,Gold,F,2025-12-29,active
C02135,Customer_2135,Jaipur,Silver,Other,2024-05-30,active
C02136,Customer_2136,Mumbai,Platinum,F,2026-01-08,inactive
C02137,Customer_2137,Delhi,Regular,Other,2025-03-13,active
C02138,Customer_2138,Mumbai,Regular,F,2024-05-10,active
C02139,Customer_2139,Chennai,Gold,F,2025-05-21,inactive
C02140,Customer_2140,Kolkata,Platinum,Other,2025-10-13,active
C02141,Customer_2141,Mumbai,Silver,F,31-31-2025,inactive
C02142,Customer_2142,Ahmedabad,Platinum,Other,2025-07-03,active
C02143,Customer_2143,Chennai,Regular,Other,2026-01-02,inactive
C02144,Customer_2144,Ahmedabad,Silver,Other,2024-03-30,active
C02145,Customer_2145,Pune,Regular,M,2024-01-18,active
C02146,Customer_2146,Ahmedabad,Platinum,M,2024-04-22,active
C02147,Customer_2147,Pune,Gold,M,2024-10-28,inactive
C02148,Customer_2148,Mumbai,Platinum,M,2024-08-03,active
C02149,Customer_2149,Jaipur,Silver,M,2025-12-13,active
C02150,Customer_2150,Chennai,Regular,Other,2025-03-10,active
C02151,Customer_2151,Jaipur,Regular,Other,2025-08-18,active
C02152,Customer_2152,Kolkata,Silver,M,2024-05-30,active
C02153,Customer_2153,Mumbai,Regular,M,2024-03-19,active
C02154,Customer_2154,Gurugram,Platinum,M,2024-07-05,inactive
C02155,Customer_2155,Mumbai,Gold,F,2025-02-25,active
C02156,Customer_2156,Kolkata,Regular,F,2024-04-23,active
C02157,Customer_2157,Jaipur,Regular,Other,2024-06-26,active
C02158,Customer_2158,Jaipur,Platinum,F,2025-11-27,inactive
C02159,Customer_2159,Ahmedabad,Gold,Other,2025-05-28,active
C02160,Customer_2160,Bengaluru,Platinum,M,2024-10-05,active
C02161,Customer_2161,Ahmedabad,Platinum,M,2026-01-30,active
C02162,Customer_2162,Chennai,Regular,M,2025-02-05,active
C02163,Customer_2163,Ahmedabad,Regular,Other,2025-04-24,inactive
C02164,Customer_2164,Pune,Platinum,F,2024-06-17,active
C02165,Customer_2165,Pune,Platinum,M,2024-10-03,active
C02166,Customer_2166,Delhi,Regular,F,2025-09-09,active
C02167,Customer_2167,Jaipur,Silver,F,2024-06-15,active
C02168,Customer_2168,Delhi,Silver,Other,2024-01-12,active
C02169,Customer_2169,Bengaluru,Silver,Other,2024-02-03,active
C02170,Customer_2170,Hyderabad,Regular,Other,2025-08-01,active
C02171,Customer_2171,Gurugram,Platinum,M,2024-02-19,active
C02172,Customer_2172,Delhi,Gold,M,2024-12-31,active
C02173,Customer_2173,Chennai,Silver,F,2025-02-04,active
C02174,Customer_2174,Mumbai,Regular,F,2025-02-21,active
C02175,Customer_2175,Ahmedabad,Silver,M,2025-08-24,inactive
C02176,Customer_2176,Kolkata,Regular,F,2024-06-14,active
C02177,Customer_2177,Kolkata,Regular,Other,2024-04-05,active
C02178,Customer_2178,Bengaluru,Silver,Other,2024-06-13,active
C02179,Customer_2179,Kolkata,Silver,F,2024-10-24,active
C02180,Customer_2180,Gurugram,Platinum,M,2025-12-30,inactive
C02181,Customer_2181,Bengaluru,Silver,Other,2025-09-13,active
C02182,Customer_2182,Mumbai,Platinum,M,2024-01-16,active
C02183,Customer_2183,Hyderabad,Regular,F,2024-04-06,inactive
C02184,Customer_2184,Pune,Silver,F,2024-06-14,active
C02185,Customer_2185,Hyderabad,Gold,F,2024-04-01,active
C02186,Customer_2186,Mumbai,Platinum,F,2025-04-29,active
C02187,Customer_2187,Kolkata,Silver,M,2025-08-05,inactive
C02188,Customer_2188,Jaipur,Gold,F,2025-02-14,inactive
C02189,Customer_2189,Gurugram,Silver,F,2025-01-10,active
C02190,Customer_2190,Pune,Regular,Other,2025-02-27,inactive
C02191,Customer_2191,Hyderabad,Regular,Other,2025-10-21,active
C02192,Customer_2192,Bengaluru,Regular,M,2024-04-17,active
C02193,Customer_2193,Chennai,Silver,Other,2025-02-12,active
C02194,Customer_2194,Bengaluru,Platinum,F,2025-11-16,active
C02195,Customer_2195,Pune,Platinum,F,2025-10-19,inactive
C02196,Customer_2196,Delhi,Regular,M,2026-01-19,active
C02197,Customer_2197,Chennai,Platinum,M,2025-02-15,active
C02198,Customer_2198,Delhi,Gold,F,2025-09-10,inactive
C02199,Customer_2199,Bengaluru,Platinum,M,2024-10-12,inactive
C02200,Customer_2200,Jaipur,Silver,F,2024-05-29,active
C02201,Customer_2201,Pune,Regular,Other,2025-01-24,active
C02202,Customer_2202,Pune,Platinum,F,2024-08-06,active
C02203,Customer_2203,Bengaluru,Regular,Other,2025-03-09,active
C02204,Customer_2204,Hyderabad,Silver,M,2024-05-25,active
C02205,Customer_2205,Hyderabad,Platinum,M,2024-11-01,inactive
C02206,Customer_2206,Chennai,Silver,Other,2024-09-22,active
C02207,Customer_2207,Jaipur,Regular,F,2024-12-16,active
C02208,Customer_2208,Mumbai,Silver,F,2025-03-05,inactive
C02209,Customer_2209,Kolkata,Silver,Other,2025-03-23,active
C02210,Customer_2210,Gurugram,Platinum,M,2025-07-28,active
C02211,Customer_2211,Delhi,Silver,F,2025-11-11,active
C02212,Customer_2212,Jaipur,Silver,F,2024-05-31,inactive
C02213,Customer_2213,Pune,Regular,Other,2025-02-20,active
C02214,Customer_2214,Ahmedabad,Regular,F,2024-05-08,inactive
C02215,Customer_2215,Gurugram,Regular,M,2024-08-11,active
C02216,Customer_2216,Chennai,Silver,Other,2025-01-21,active
C02217,Customer_2217,Pune,Silver,M,2025-11-26,active
C02218,Customer_2218,Pune,Gold,M,2024-11-05,active
C02219,Customer_2219,Ahmedabad,Regular,Other,2025-05-26,inactive
C02220,Customer_2220,Chennai,Platinum,F,2024-12-26,inactive
C02221,Customer_2221,Ahmedabad,Gold,M,2024-06-29,inactive
C02222,Customer_2222,Chennai,Gold,M,2025-07-20,active
C02223,Customer_2223,Ahmedabad,Platinum,F,2024-10-18,inactive
C02224,Customer_2224,Hyderabad,Regular,M,2024-04-16,active
C02225,Customer_2225,Jaipur,Platinum,M,2025-05-23,active
C02226,Customer_2226,Kolkata,Regular,Other,2024-10-23,inactive
C02227,Customer_2227,Bengaluru,Silver,F,2025-07-18,inactive
C02228,Customer_2228,Delhi,Silver,F,2024-05-07,active
C02229,Customer_2229,Kolkata,Platinum,Other,2025-12-21,inactive
C02230,Customer_2230,Jaipur,Gold,M,2025-06-03,active
C02231,Customer_2231,Hyderabad,Gold,F,2025-02-28,active
C02232,Customer_2232,Jaipur,Platinum,M,2024-01-16,active
C02233,Customer_2233,Mumbai,Gold,Other,2026-01-29,active
C02234,Customer_2234,Pune,Silver,Other,2025-03-16,active
C02235,Customer_2235,Ahmedabad,Platinum,M,2025-09-23,inactive
C02236,Customer_2236,Jaipur,Platinum,M,2025-10-13,inactive
C02237,Customer_2237,Mumbai,Platinum,F,2025-06-13,active
C02238,Customer_2238,Chennai,Silver,M,2025-12-28,active
C02239,Customer_2239,Ahmedabad,Regular,Other,2025-08-13,inactive
C02240,Customer_2240,Hyderabad,Silver,F,31-31-2025,active
C02241,Customer_2241,Delhi,Regular,F,2024-01-12,active
C02242,Customer_2242,Jaipur,Regular,Other,2025-01-26,active
C02243,Customer_2243,Mumbai,Platinum,Other,31-31-2025,active
C02244,Customer_2244,Mumbai,Silver,Other,2024-08-15,active
C02245,Customer_2245,Bengaluru,Silver,Other,2025-01-22,active
C02246,Customer_2246,Jaipur,Gold,M,2024-05-27,active
C02247,Customer_2247,Gurugram,Regular,M,2025-04-15,active
C02248,Customer_2248,Delhi,Silver,F,2024-09-25,active
C02249,Customer_2249,Delhi,Regular,F,2025-01-05,active
C02250,Customer_2250,Chennai,Regular,F,2024-01-23,inactive
C02251,Customer_2251,Delhi,Platinum,Other,2024-03-19,active
C02252,Customer_2252,Chennai,Platinum,F,2025-10-10,inactive
C02253,Customer_2253,Mumbai,Silver,F,2024-01-11,active
C02254,Customer_2254,Gurugram,Regular,M,2024-12-17,active
C02255,Customer_2255,Kolkata,Regular,M,2025-06-18,active
C02256,Customer_2256,Delhi,Silver,Other,2024-01-31,active
C02257,Customer_2257,Ahmedabad,Silver,M,2025-01-08,active
C02258,Customer_2258,Bengaluru,Regular,F,2024-05-21,active
C02259,Customer_2259,Delhi,Silver,F,2024-10-07,inactive
C02260,Customer_2260,Bengaluru,Regular,F,2025-12-26,active
C02261,Customer_2261,Kolkata,Platinum,F,2025-06-08,inactive
C02262,Customer_2262,Bengaluru,Gold,M,2024-07-21,active
C02263,Customer_2263,Chennai,Regular,Other,2025-08-24,active
C02264,Customer_2264,Mumbai,Silver,Other,2025-05-14,inactive
C02265,Customer_2265,Kolkata,Platinum,Other,2024-10-05,active
C02266,Customer_2266,Gurugram,Regular,Other,2025-01-27,inactive
C02267,Customer_2267,Bengaluru,Gold,F,2025-10-09,active
C02268,Customer_2268,Kolkata,Silver,M,2025-06-07,active
C02269,Customer_2269,Gurugram,Platinum,F,2025-09-10,active
C02270,Customer_2270,Chennai,Regular,M,2024-07-03,active
C02271,Customer_2271,Chennai,Silver,F,2024-09-08,active
C02272,Customer_2272,Bengaluru,Gold,F,2024-05-28,active
C02273,Customer_2273,Delhi,Regular,F,2025-12-05,active
C02274,Customer_2274,Pune,Silver,F,2025-08-04,active
C02275,Customer_2275,Bengaluru,Regular,F,2024-10-17,active
C02276,Customer_2276,Ahmedabad,Silver,M,2025-07-28,active
C02277,Customer_2277,Gurugram,Regular,Other,2025-10-23,inactive
C02278,Customer_2278,Chennai,Gold,F,2024-07-21,active
C02279,Customer_2279,Jaipur,Platinum,F,2024-02-17,active
C02280,Customer_2280,Chennai,Regular,M,2025-04-08,active
C02281,Customer_2281,Gurugram,Gold,Other,2025-01-27,active
C02282,Customer_2282,Gurugram,Regular,F,2024-01-19,active
C02283,Customer_2283,Kolkata,Gold,M,2025-02-16,active
C02284,Customer_2284,Ahmedabad,Regular,F,2025-10-22,active
C02285,Customer_2285,Delhi,Platinum,M,2025-03-01,active
C02286,Customer_2286,Hyderabad,Gold,F,2025-02-13,active
C02287,Customer_2287,Ahmedabad,Gold,F,2025-09-19,active
C02288,Customer_2288,,Gold,Other,2025-04-10,inactive
C02289,Customer_2289,Delhi,Gold,Other,2024-04-15,active
C02290,Customer_2290,Bengaluru,Regular,M,2024-05-22,active
C02291,Customer_2291,Pune,Platinum,M,2024-06-23,active
C02292,Customer_2292,Bengaluru,Gold,Other,2024-01-06,active
C02293,Customer_2293,Hyderabad,Regular,M,2024-02-19,active
C02294,Customer_2294,Delhi,Gold,F,2025-12-05,inactive
C02295,Customer_2295,Hyderabad,Silver,M,2025-08-20,inactive
C02296,Customer_2296,Delhi,Silver,F,2024-05-31,inactive
C02297,Customer_2297,Kolkata,Regular,Other,2025-06-24,active
C02298,Customer_2298,Gurugram,Platinum,Other,2025-05-16,active
C02299,Customer_2299,Pune,Platinum,M,2024-04-04,active
C02300,Customer_2300,Hyderabad,Regular,F,2025-07-25,active
C02301,Customer_2301,Bengaluru,Regular,M,2025-05-21,active
C02302,Customer_2302,Bengaluru,Regular,Other,2024-08-09,inactive
C02303,Customer_2303,Chennai,Silver,F,2024-04-17,active
C02304,Customer_2304,Bengaluru,Gold,F,2025-12-26,inactive
C02305,Customer_2305,Mumbai,Regular,M,2024-08-12,active
C02306,Customer_2306,Chennai,Platinum,Other,2025-06-09,active
C02307,Customer_2307,Chennai,Silver,M,2024-10-11,inactive
C02308,Customer_2308,Mumbai,Gold,Other,2025-10-25,active
C02309,Customer_2309,Mumbai,Platinum,M,2024-04-22,active
C02310,Customer_2310,Jaipur,Platinum,M,2024-09-30,active
C02311,Customer_2311,Kolkata,Platinum,F,2024-09-28,active
C02312,Customer_2312,Ahmedabad,Regular,F,2025-03-17,active
C02313,Customer_2313,Mumbai,Platinum,Other,2025-03-17,active
C02314,Customer_2314,Jaipur,Platinum,F,2025-01-13,active
C02315,Customer_2315,Jaipur,Platinum,Other,2025-03-08,active
C02316,Customer_2316,Hyderabad,Silver,F,2024-06-29,active
C02317,Customer_2317,Ahmedabad,Platinum,Other,2025-03-19,active
C02318,Customer_2318,Jaipur,Silver,M,2024-08-12,active
C02319,Customer_2319,Jaipur,Regular,Other,2024-09-29,active
C02320,Customer_2320,Delhi,Regular,F,2024-08-19,inactive
C02321,Customer_2321,Chennai,Platinum,M,2024-08-13,active
C02322,Customer_2322,Kolkata,Silver,M,2024-07-27,active
C02323,Customer_2323,Hyderabad,Gold,Other,2024-01-04,active
C02324,Customer_2324,Mumbai,Platinum,Other,2024-11-08,active
C02325,Customer_2325,Mumbai,Gold,Other,2024-03-12,active
C02326,Customer_2326,Mumbai,Gold,F,2024-05-25,active
C02327,Customer_2327,Kolkata,Platinum,F,2024-01-22,active
C02328,Customer_2328,Hyderabad,Regular,M,2025-11-26,active
C02329,Customer_2329,Gurugram,Gold,F,2025-08-20,active
C02330,Customer_2330,Kolkata,Silver,F,2024-04-22,active
C02331,Customer_2331,Jaipur,Gold,M,2025-06-21,active
C02332,Customer_2332,Mumbai,Regular,M,2024-11-07,active
C02333,Customer_2333,Kolkata,Platinum,Other,2024-12-25,active
C02334,Customer_2334,Kolkata,Gold,F,2025-04-14,active
C02335,Customer_2335,Pune,Gold,Other,2024-12-07,inactive
C02336,Customer_2336,Delhi,Gold,Other,2025-06-15,active
C02337,Customer_2337,Mumbai,Platinum,M,2025-11-06,active
C02338,Customer_2338,Pune,Platinum,M,2024-09-07,inactive
C02339,Customer_2339,Pune,Silver,Other,2024-04-01,active
C02340,Customer_2340,Chennai,Regular,F,2025-10-03,inactive
C02341,Customer_2341,Ahmedabad,Silver,F,2025-11-26,active
C02342,Customer_2342,Pune,Platinum,Other,2025-03-03,active
C02343,Customer_2343,Hyderabad,Silver,M,2025-08-16,active
C02344,Customer_2344,Gurugram,Regular,F,2025-04-10,active
C02345,Customer_2345,Hyderabad,Regular,M,2025-05-25,active
C02346,Customer_2346,Kolkata,Silver,Other,2024-10-23,active
C02347,Customer_2347,Hyderabad,Platinum,F,2024-03-07,active
C02348,Customer_2348,Jaipur,Platinum,M,2024-08-10,active
C02349,Customer_2349,Gurugram,Regular,M,2025-05-15,active
C02350,Customer_2350,Jaipur,Platinum,F,2025-11-07,active
C02351,Customer_2351,Jaipur,Gold,M,2024-12-24,active
C02352,Customer_2352,Ahmedabad,Silver,M,2025-12-31,active
C02353,Customer_2353,Mumbai,Silver,F,2025-08-22,active
C02354,Customer_2354,Hyderabad,Silver,M,2025-04-29,active
C02355,Customer_2355,Bengaluru,Platinum,F,2025-02-12,active
C02356,Customer_2356,Hyderabad,Gold,Other,2024-11-14,active
C02357,Customer_2357,Gurugram,Platinum,Other,2024-11-26,active
C02358,Customer_2358,Bengaluru,Gold,M,2025-03-02,active
C02359,Customer_2359,Hyderabad,Gold,M,2024-10-31,inactive
C02360,Customer_2360,Ahmedabad,Silver,F,2025-03-23,active
C02361,Customer_2361,Mumbai,Platinum,Other,2024-11-16,active
C02362,Customer_2362,Kolkata,Gold,F,2025-04-22,inactive
C02363,Customer_2363,Chennai,Platinum,M,2025-07-26,active
C02364,Customer_2364,Chennai,Regular,M,2025-09-21,active
C02365,Customer_2365,Bengaluru,Gold,M,2025-09-27,active
C02366,Customer_2366,Jaipur,Platinum,M,2025-02-16,active
C02367,Customer_2367,Kolkata,Platinum,M,2024-03-27,active
C02368,Customer_2368,Hyderabad,Regular,F,2025-08-31,active
C02369,Customer_2369,Hyderabad,Platinum,Other,2024-12-05,active
C02370,Customer_2370,Delhi,Regular,Other,2024-07-28,active
C02371,Customer_2371,Ahmedabad,Platinum,M,2024-08-16,active
C02372,Customer_2372,Hyderabad,Gold,Other,2024-01-07,inactive
C02373,Customer_2373,Gurugram,Silver,M,2024-03-09,active
C02374,Customer_2374,Mumbai,Regular,Other,2024-04-09,active
C02375,Customer_2375,Bengaluru,Regular,F,2024-01-26,inactive
C02376,Customer_2376,Chennai,Regular,M,2024-11-03,inactive
C02377,Customer_2377,Kolkata,Silver,M,2025-07-13,active
C02378,Customer_2378,Gurugram,Platinum,Other,2025-09-23,active
C02379,Customer_2379,Chennai,Silver,Other,2024-01-23,active
C02380,Customer_2380,Mumbai,Silver,M,2025-06-07,active
C02381,Customer_2381,Kolkata,Platinum,F,2024-10-23,active
C02382,Customer_2382,Gurugram,Platinum,F,2025-11-14,active
C02383,Customer_2383,Chennai,Platinum,Other,2024-04-19,inactive
C02384,Customer_2384,Chennai,Platinum,M,2024-01-29,active
C02385,Customer_2385,Kolkata,Regular,Other,2025-02-02,active
C02386,Customer_2386,Gurugram,Gold,M,2025-10-22,inactive
C02387,Customer_2387,Jaipur,Gold,M,2025-04-24,inactive
C02388,Customer_2388,Hyderabad,Regular,M,2025-01-01,active
C02389,Customer_2389,Pune,Platinum,Other,2024-03-05,active
C02390,Customer_2390,Mumbai,Gold,Other,2026-01-06,active
C02391,Customer_2391,Kolkata,Silver,F,2025-11-05,active
C02392,Customer_2392,Chennai,Regular,Other,2025-05-10,inactive
C02393,Customer_2393,Kolkata,Silver,Other,2025-12-26,active
C02394,Customer_2394,Mumbai,Gold,Other,2025-08-17,active
C02395,Customer_2395,Gurugram,Platinum,M,2024-02-16,active
C02396,Customer_2396,Mumbai,Silver,M,2025-11-12,active
C02397,Customer_2397,Kolkata,Platinum,F,2024-08-25,active
C02398,Customer_2398,Delhi,Silver,Other,2025-01-28,inactive
C02399,Customer_2399,Delhi,Regular,Other,2024-09-13,active
C02400,Customer_2400,Jaipur,Regular,F,2025-01-18,active
C02401,Customer_2401,Mumbai,Gold,M,2025-12-16,inactive
C02402,Customer_2402,Chennai,Silver,Other,2025-08-10,active
C02403,Customer_2403,Bengaluru,Gold,F,2025-03-24,active
C02404,Customer_2404,Bengaluru,Silver,Other,2024-06-14,inactive
C02405,Customer_2405,,Silver,M,2025-08-19,active
C02406,Customer_2406,Delhi,Silver,M,2024-05-23,active
C02407,Customer_2407,Pune,Platinum,Other,2025-07-13,active
C02408,Customer_2408,Pune,Silver,Other,2026-01-17,inactive
C02409,Customer_2409,Bengaluru,Silver,Other,2025-04-30,active
C02410,Customer_2410,Pune,Silver,M,2025-03-25,inactive
C02411,Customer_2411,Chennai,Regular,Other,2024-03-21,active
C02412,Customer_2412,Ahmedabad,Gold,M,2024-04-30,inactive
C02413,Customer_2413,Bengaluru,Regular,Other,2025-07-07,active
C02414,Customer_2414,Jaipur,Silver,F,2024-09-14,inactive
C02415,Customer_2415,Pune,Regular,M,2024-10-21,active
C02416,Customer_2416,Ahmedabad,Silver,Other,2025-09-17,active
C02417,Customer_2417,Chennai,Regular,Other,2025-12-15,active
C02418,Customer_2418,Gurugram,Platinum,F,2025-10-30,active
C02419,Customer_2419,Jaipur,Gold,F,2024-09-24,active
C02420,Customer_2420,Pune,Regular,M,2024-07-28,active
C02421,Customer_2421,Jaipur,Silver,F,2024-03-15,active
C02422,Customer_2422,Pune,Regular,F,2025-09-04,active
C02423,Customer_2423,Ahmedabad,Platinum,M,2024-10-04,active
C02424,Customer_2424,Delhi,Regular,F,2025-06-03,active
C02425,Customer_2425,Pune,Platinum,F,2024-11-06,active
C02426,Customer_2426,Jaipur,Regular,M,2024-07-19,inactive
C02427,Customer_2427,Jaipur,Platinum,M,2025-01-31,inactive
C02428,Customer_2428,Mumbai,Platinum,Other,2025-03-13,active
C02429,Customer_2429,Delhi,Platinum,M,2025-09-22,active
C02430,Customer_2430,Pune,Silver,F,2025-03-23,active
C02431,Customer_2431,Bengaluru,Silver,M,2025-08-25,active
C02432,Customer_2432,Bengaluru,Platinum,Other,2025-07-03,active
C02433,Customer_2433,Jaipur,Silver,M,2024-03-19,active
C02434,Customer_2434,Mumbai,Platinum,M,2024-10-16,active
C02435,Customer_2435,Pune,Gold,Other,2025-11-01,active
C02436,Customer_2436,Hyderabad,Silver,Other,2025-02-11,inactive
C02437,Customer_2437,,Regular,M,2024-09-13,active
C02438,Customer_2438,Kolkata,Gold,M,2025-03-30,active
C02439,Customer_2439,Pune,Gold,Other,2024-09-07,active
C02440,Customer_2440,Pune,Regular,M,2024-12-20,inactive
C02441,Customer_2441,Gurugram,Platinum,F,2024-03-21,active
C02442,Customer_2442,Mumbai,Silver,F,2026-01-29,active
C02443,Customer_2443,Delhi,Gold,Other,2024-05-25,active
C02444,Customer_2444,Bengaluru,Platinum,Other,2025-04-09,active
C02445,Customer_2445,Jaipur,Platinum,M,2024-10-03,active
C02446,Customer_2446,Gurugram,Platinum,F,2024-03-27,active
C02447,Customer_2447,Hyderabad,Platinum,F,2024-01-20,inactive
C02448,Customer_2448,Chennai,Platinum,M,2024-08-17,active
C02449,Customer_2449,Chennai,Silver,Other,2025-03-17,active
C02450,Customer_2450,Hyderabad,Regular,Other,2024-12-22,active
C02451,Customer_2451,Gurugram,Gold,F,2025-08-28,active
C02452,Customer_2452,Jaipur,Gold,Other,2025-09-28,inactive
C02453,Customer_2453,Chennai,Regular,M,2025-07-20,inactive
C02454,Customer_2454,Hyderabad,Platinum,F,2025-08-09,active
C02455,Customer_2455,Mumbai,Platinum,F,2024-08-31,active
C02456,Customer_2456,Jaipur,Gold,Other,2024-10-07,active
C02457,Customer_2457,Bengaluru,Gold,F,2025-08-07,inactive
C02458,Customer_2458,Jaipur,Gold,F,2024-10-02,active
C02459,Customer_2459,Gurugram,Regular,M,2024-11-10,active
C02460,Customer_2460,Hyderabad,Silver,F,2025-04-18,active
C02461,Customer_2461,Kolkata,Regular,F,2024-02-07,active
C02462,Customer_2462,Kolkata,Silver,F,2024-02-29,active
C02463,Customer_2463,Hyderabad,Gold,M,2025-03-27,active
C02464,Customer_2464,Hyderabad,Gold,F,2025-05-21,active
C02465,Customer_2465,Bengaluru,Silver,M,2025-09-24,active
C02466,Customer_2466,Bengaluru,Regular,Other,2024-02-09,active
C02467,Customer_2467,Ahmedabad,Platinum,Other,2024-11-20,active
C02468,Customer_2468,Ahmedabad,Silver,M,2026-01-01,active
C02469,Customer_2469,Hyderabad,Regular,Other,2024-12-27,active
C02470,Customer_2470,Gurugram,Silver,F,2024-04-21,active
C02471,Customer_2471,Ahmedabad,Platinum,M,2025-06-07,active
C02472,Customer_2472,Bengaluru,Silver,F,2025-08-07,active
C02473,Customer_2473,Chennai,Regular,Other,2025-03-12,active
C02474,Customer_2474,Mumbai,Regular,F,2025-09-13,active
C02475,Customer_2475,Pune,Platinum,Other,2025-01-18,inactive
C02476,Customer_2476,Hyderabad,Regular,M,2025-01-12,active
C02477,Customer_2477,Hyderabad,Silver,Other,2024-01-27,active
C02478,Customer_2478,Gurugram,Silver,F,2025-06-07,active
C02479,Customer_2479,Bengaluru,Platinum,Other,2024-02-03,active
C02480,Customer_2480,Chennai,Regular,M,2024-08-17,inactive
C02481,Customer_2481,,Regular,Other,2024-02-22,inactive
C02482,Customer_2482,Ahmedabad,Platinum,F,2024-10-02,active
C02483,Customer_2483,Gurugram,Gold,M,2024-12-02,active
C02484,Customer_2484,Pune,Silver,F,2024-11-18,active
C02485,Customer_2485,Bengaluru,Platinum,Other,2025-02-23,active
C02486,Customer_2486,Delhi,Gold,Other,2025-06-01,active
C02487,Customer_2487,Pune,Platinum,Other,2024-08-23,inactive
C02488,Customer_2488,Chennai,Silver,Other,2024-05-08,active
C02489,Customer_2489,Chennai,Silver,Other,2024-09-23,active
C02490,Customer_2490,Pune,Gold,M,2024-03-24,inactive
C02491,Customer_2491,Chennai,Silver,Other,2025-05-21,active
C02492,Customer_2492,Mumbai,Platinum,M,2024-06-19,active
C02493,Customer_2493,Chennai,Gold,Other,2025-12-29,inactive
C02494,Customer_2494,Delhi,Silver,M,2025-03-17,active
C02495,Customer_2495,Mumbai,Regular,M,2025-06-11,inactive
C02496,Customer_2496,Chennai,Gold,M,2025-02-15,active
C02497,Customer_2497,Hyderabad,Regular,F,2024-12-10,active
C02498,Customer_2498,Jaipur,Regular,Other,2024-12-29,inactive
C02499,Customer_2499,Chennai,Platinum,Other,2025-03-22,active
C02500,Customer_2500,Kolkata,Silver,Other,2024-07-06,active
C01407,Customer_1407,Kolkata,Gold,F,2025-09-27,active
C00298,Customer_298,Hyderabad,Platinum,F,2024-02-08,active
C01277,Customer_1277,Mumbai,Regular,M,2025-10-25,active
C02369,Customer_2369,Hyderabad,Platinum,Other,2024-12-05,active
C00439,Customer_439,Jaipur,Regular,Other,2025-08-10,active
C02010,Customer_2010,Gurugram,Silver,Other,2024-04-11,active
C00643,Customer_643,Delhi,Silver,M,2025-07-03,active
C00656,Customer_656,Mumbai,Regular,Other,2026-01-01,inactive
C01194,Customer_1194,Jaipur,Gold,M,2025-04-14,inactive
C02411,Customer_2411,Chennai,Regular,Other,2024-03-21,active
C00899,Customer_899,Bengaluru,Gold,Other,2024-03-25,active
C00469,Customer_469,Pune,Platinum,F,2025-01-21,inactive
C00608,Customer_608,Chennai,Gold,Other,2025-01-12,inactive
C02500,Customer_2500,Kolkata,Silver,Other,2024-07-06,active
C02263,Customer_2263,Chennai,Regular,Other,2025-08-24,active
C00590,Customer_590,Chennai,Platinum,F,2024-06-20,active
C00108,Customer_108,Bengaluru,Gold,F,2024-03-20,active
C00536,Customer_536,Delhi,Silver,M,2024-07-10,inactive
C01550,Customer_1550,Mumbai,Silver,F,2025-03-26,inactive
C01266,Customer_1266,Mumbai,Silver,F,2025-06-28,active
C01577,Customer_1577,Delhi,Silver,Other,2024-07-27,active
C00768,Customer_768,Pune,Silver,F,2025-01-12,inactive
C02057,Customer_2057,Mumbai,Gold,Other,2025-03-20,active
C00704,Customer_704,Pune,Regular,Other,2025-12-18,active
C02298,Customer_2298,Gurugram,Platinum,Other,2025-05-16,active
C00852,Customer_852,Kolkata,Gold,F,2024-02-25,active
C01282,Customer_1282,Pune,Silver,M,2025-03-10,active
C00680,Customer_680,Gurugram,Regular,M,2024-12-01,active
C02364,Customer_2364,Chennai,Regular,M,2025-09-21,active
C01495,Customer_1495,Kolkata,Gold,Other,2025-08-18,active
C00749,Customer_749,Chennai,Regular,Other,2025-03-21,active
C00440,Customer_440,Ahmedabad,Regular,M,2025-03-03,active
C01562,Customer_1562,Mumbai,Gold,Other,2024-03-08,active
C01588,Customer_1588,Hyderabad,Platinum,Other,2025-01-14,active
C02288,Customer_2288,,Gold,Other,2025-04-10,inactive
C00443,Customer_443,Pune,Gold,F,2025-10-18,inactive
C02473,Customer_2473,Chennai,Regular,Other,2025-03-12,active
C01822,Customer_1822,Chennai,Platinum,F,2025-05-24,active
C00822,Customer_822,Gurugram,Silver,F,2025-06-19,active
C00614,Customer_614,Jaipur,Regular,Other,2025-04-15,active
C00005,Customer_5,Ahmedabad,Silver,Other,2025-10-27,inactive
C00172,Customer_172,Hyderabad,Platinum,F,2025-05-27,inactive
C00528,Customer_528,Bengaluru,Regular,F,2025-09-11,inactive
C01324,Customer_1324,Hyderabad,Silver,F,2024-03-12,inactive
C01681,Customer_1681,Chennai,Platinum,Other,2024-07-29,inactive
C01977,Customer_1977,Hyderabad,Platinum,M,2024-12-07,active
C01308,Customer_1308,Ahmedabad,Regular,M,2025-06-28,active
C01704,Customer_1704,Pune,Gold,F,2025-05-12,active
C01453,Customer_1453,Hyderabad,Platinum,Other,2024-05-02,active
C01218,Customer_1218,Pune,Platinum,F,2024-02-06,active
C02021,Customer_2021,Delhi,Gold,Other,2024-04-01,active
C01129,Customer_1129,Delhi,Platinum,Other,2025-03-20,active
C01165,Customer_1165,Pune,Platinum,F,2024-11-06,inactive
C00737,Customer_737,Hyderabad,Regular,F,2024-04-28,active
C00694,Customer_694,Jaipur,Regular,F,2025-01-27,active
C00178,Customer_178,Delhi,Platinum,F,2025-02-22,active
C02363,Customer_2363,Chennai,Platinum,M,2025-07-26,active
C00288,Customer_288,Chennai,Regular,M,2025-03-22,inactive
C00103,Customer_103,Delhi,Platinum,M,2024-06-29,inactive
C02006,Customer_2006,Ahmedabad,Gold,F,2025-07-11,active
